"y","x1","x2","x3"
1.15257,0.166962,0.107863,0.182832
-0.196765,0.933139,0.518496,0.757508
0.523185,0.632999,0.789845,0.087237
0.598877,0.581494,0.389094,0.648131
-0.552646,0.888789,0.274813,0.650728
2.637458,0.091215,0.619287,0.336619
2.206135,0.278745,0.865283,0.658919
2.228177,0.415051,0.669183,0.412173
-0.287399,0.013891,0.378769,0.047847
0.17626,0.9941,0.05689,0.78496
1.266516,0.545877,0.777783,0.499703
1.561996,0.004486,0.854609,0.357602
-0.280619,0.804353,0.120665,0.249611
0.997549,0.077507,0.078032,0.442162
-0.241982,0.71892,0.592678,0.703705
0.661179,0.696965,0.705462,0.54932
-0.155181,0.789824,0.776826,0.214134
1.279763,0.186024,0.413104,0.507469
2.805357,0.244894,0.803554,0.32717
0.779979,0.945082,0.641724,0.371729
0.04179,0.049603,0.59697,0.067626
-0.238266,0.689189,0.560584,0.909652
0.898879,0.849793,0.722204,0.193623
1.819125,0.087963,0.841561,0.353754
2.26984,0.218943,0.475062,0.241364
0.80321,0.059788,0.778675,0.519202
-0.030711,0.761998,0.552388,0.728853
0.733691,0.860424,0.112294,0.499222
-0.191906,0.639095,0.550747,0.414914
1.93139,0.105673,0.572582,0.194329
2.016137,0.489539,0.58957,0.373226
1.706105,0.442048,0.919644,0.063175
1.268198,0.914126,0.838963,0.590202
1.917097,0.382032,0.770161,0.500499
0.997468,0.655564,0.793969,0.026251
-0.477277,0.754973,0.036377,0.882077
0.372035,0.657296,0.356043,0.469355
2.248888,0.197062,0.685577,0.521571
0.561472,0.843083,0.377537,0.255514
0.834959,0.102406,0.027754,0.74422
0.610311,0.539912,0.450593,0.257361
2.816512,0.265712,0.638728,0.588006
0.829942,0.414379,0.735487,0.982776
2.383901,0.384599,0.870858,0.598347
1.647653,0.380752,0.398289,0.015495
1.944913,0.251691,0.618946,0.353448
1.078483,0.045312,0.634856,0.817924
-0.553521,0.676761,0.364812,0.168123
0.69767,0.604722,0.62196,0.349834
0.044164,0.701813,0.554879,0.058897
1.720806,0.195053,0.305954,0.538011
1.680788,0.396219,0.854284,0.786424
0.315995,0.357484,0.319886,0.790506
0.215141,0.901579,0.855565,0.015427
0.232887,0.766169,0.83715,0.033856
1.172861,0.897327,0.289867,0.447324
0.991398,0.137502,0.4567,0.706782
0.515798,0.178071,0.442431,0.639826
0.057702,0.615602,0.478811,0.987694
1.532351,0.029644,0.612101,0.487517
1.505755,0.259043,0.261458,0.075261
0.473597,0.872141,0.918339,0.18971
0.649107,0.813241,0.983298,0.681635
-0.20252,0.045493,0.375551,0.928273
1.944526,0.194588,0.694793,0.65641
-0.158834,0.946389,0.247943,0.508366
1.025886,0.506414,0.701653,0.4068
0.745293,0.15686,0.19773,0.108201
0.518295,0.111128,0.334389,0.826047
2.230741,0.460155,0.755954,0.599711
0.833466,0.439614,0.165036,0.694189
-0.194823,0.632629,0.697488,0.9061
1.111794,0.992888,0.478114,0.367542
0.367132,4.3e-5,0.820142,0.048676
0.777945,0.450943,0.774466,0.145765
0.994151,0.215552,0.13747,0.875827
0.74382,0.347422,0.381179,0.770744
0.429374,0.667719,0.5816,0.222411
1.144362,0.554001,0.000306,0.177844
-1.111901,0.659032,0.598188,0.899148
0.791863,0.520841,0.182521,0.115075
-0.119508,0.641809,0.827275,0.723909
0.26438,0.558296,0.627831,0.119617
1.266196,0.334634,0.14476,0.959727
2.663032,0.128378,0.198668,0.302339
0.395778,0.929245,0.397914,0.542081
0.141154,0.671397,0.430444,0.067589
0.532557,0.590094,0.289941,0.695465
0.962884,0.550605,0.849689,0.103518
-0.070223,0.944855,0.058404,0.105823
0.472491,0.972967,0.295473,0.074073
0.042505,0.603812,0.661734,0.81542
1.388113,0.526995,0.607115,0.575201
0.498192,0.902683,0.030964,0.640013
1.438102,0.423504,0.014276,0.092013
1.660836,0.054938,0.632579,0.944626
1.277081,0.227613,0.339584,0.652115
0.800231,0.56127,0.634196,0.829097
1.005447,0.967441,0.703473,0.650396
-0.074064,0.853634,0.283066,0.416313
-0.353313,0.645006,0.127055,0.22253
-1.320116,0.757671,0.590379,0.957857
-0.772367,0.67421,0.027837,0.326656
1.672988,0.361031,0.348273,0.854157
2.138044,0.998719,0.759494,0.452903
-0.740532,0.86402,0.050807,0.235866
-0.154736,0.906262,0.249405,0.88295
-0.189118,0.84111,0.239398,0.861492
0.448517,0.042271,0.55565,0.63031
2.289369,0.596961,0.840774,0.491341
0.56904,0.933408,0.676012,0.829109
0.942887,0.839136,0.794505,0.556408
0.056498,0.707876,0.649965,0.180515
0.70638,0.534672,0.319134,0.447929
0.296963,0.896184,0.344211,0.343351
1.900439,0.055962,0.696046,0.730668
2.945728,0.197559,0.919675,0.238876
2.287685,0.199092,0.245043,0.588716
2.309871,0.364228,0.462325,0.572908
0.591018,0.045315,0.476764,0.572563
1.922648,0.338113,0.762064,0.235193
0.040672,0.501141,0.056688,0.769942
1.015881,0.621635,0.289825,0.440098
0.886508,0.183274,0.539582,0.889825
-0.003519,0.874607,0.26321,0.697593
1.990428,0.090658,0.202436,0.656485
0.595258,0.761551,0.853546,0.136134
-0.352316,0.565119,0.745265,0.834074
-0.423832,0.671674,0.235155,0.200371
0.100306,0.077504,0.748419,0.944688
1.180296,0.527444,0.962161,0.731351
1.664435,0.117605,0.165153,0.061946
0.281905,0.120337,0.329446,0.794317
1.599967,0.067699,0.988873,0.643688
0.01591,0.643995,0.455913,0.554419
3.368985,0.148033,0.870519,0.552254
-0.760059,0.786157,0.71745,0.002393
-0.663851,0.734253,0.200663,0.181921
0.685776,0.830893,0.572276,0.490904
1.675844,0.275592,0.584382,0.128291
2.279609,0.34504,0.618335,0.644932
1.822254,0.231985,0.264801,0.086478
-0.155668,0.970371,0.390855,0.725279
0.54819,0.057329,0.484438,0.785635
0.662445,0.92284,0.322355,0.665565
2.277051,0.378073,0.865538,0.558793
0.271377,0.979072,0.432977,0.673287
1.035569,0.508935,0.552321,0.348378
-1.091041,0.829643,0.075102,0.870294
-0.431959,0.619478,0.670352,0.275785
0.742519,0.327328,0.115839,0.669277
1.84407,0.35474,0.611266,0.33238
1.109435,0.955404,0.805964,0.130495
0.993841,0.526871,0.654246,0.875072
0.203979,0.555458,0.499746,0.01111
1.733596,0.220432,0.529957,0.856342
1.380209,0.948208,0.548902,0.417374
1.333129,0.031638,0.435513,0.33281
0.122439,0.61634,0.389099,0.502047
1.131796,0.502778,0.509065,0.473439
-0.820964,0.697372,0.07585,0.979828
0.438908,0.768831,0.617365,0.603479
1.564618,0.009515,0.680915,0.330784
1.357036,0.25828,0.094821,0.032223
2.17828,0.387629,0.575069,0.402268
1.468357,0.359474,0.03721,0.057527
2.006645,0.320052,0.322531,0.253276
2.50585,0.148439,0.822102,0.351586
1.719767,0.35365,0.472841,0.802841
2.123264,0.072371,0.80944,0.498983
-1.179867,0.770313,0.394672,0.976165
-0.387758,0.487957,0.377422,0.743078
0.481282,0.454277,0.468087,0.052908
2.06621,0.329579,0.249341,0.664134
0.559376,0.020337,0.397069,0.798402
0.26457,0.672098,0.869381,0.602256
2.315271,0.314456,0.786463,0.60588
0.968894,0.595854,0.798281,0.206261
-0.13097,0.672947,0.032418,0.806492
-0.565622,0.74802,0.935846,0.975655
0.077426,0.850623,0.406051,0.497509
-0.27711,0.884744,0.271342,0.86972
0.082903,0.759522,0.859047,0.552991
1.360623,0.223296,0.832363,0.070402
1.940269,0.194968,0.348413,0.382573
1.440194,0.601553,0.833114,0.502661
-0.253984,0.783243,0.912037,0.747776
-0.123842,0.950824,0.243552,0.717209
2.3607,0.282341,0.778511,0.494333
1.715144,0.197121,0.452885,0.550704
1.020718,0.494366,0.63104,0.94897
0.313146,0.994788,0.12918,0.824895
0.152535,0.59734,0.487782,0.420349
1.754353,0.334709,0.639473,0.068858
2.207317,0.448024,0.88727,0.293313
1.496446,0.175693,0.626342,0.933835
0.027467,0.685746,0.887732,0.696848
1.61165,0.405798,0.882518,0.896725
2.232405,0.071858,0.776583,0.297396
-0.715866,0.700919,0.259407,0.661078
1.719389,0.141847,0.292578,0.094455
-0.109614,0.837858,0.119581,0.931761
0.449421,0.002176,0.353906,0.447764
1.81934,0.269952,0.450396,0.664057
1.04546,0.51456,0.021064,0.331772
1.865977,0.121242,0.520083,0.463064
1.358934,0.356393,0.09792,0.87905
1.084009,0.035418,0.725079,0.079867
0.131028,0.553241,0.015263,0.453495
1.317316,0.410227,0.000732,0.541339
0.774655,0.159709,0.016854,0.226225
1.263176,0.874297,0.773814,0.649159
0.174099,0.073368,0.315945,0.076887
0.299976,0.950814,0.488347,0.861571
1.231688,0.977296,0.908088,0.504136
2.585362,0.231601,0.989667,0.745219
-0.42846,0.775141,0.0352,0.243942
1.366167,0.392095,0.523279,0.597983
1.432935,0.466939,0.157905,0.421527
0.284565,0.968473,0.695553,0.859761
0.31887,0.58329,0.014471,0.447969
1.145741,0.428058,0.382946,0.273388
-0.748796,0.598819,0.13207,0.963338
0.04794,0.610895,0.113905,0.834809
-0.305499,0.975465,0.040851,0.919977
2.72221,0.250482,0.295608,0.831895
0.871736,0.972361,0.703588,0.257129
0.852512,0.913377,0.842121,0.828555
2.276432,0.073385,0.994946,0.779876
2.175136,0.336188,0.793779,0.297794
1.071404,0.903133,0.985354,0.00019
0.609083,0.726465,0.855653,0.127603
0.300217,0.533847,0.739544,0.685708
0.518721,0.574342,0.429234,0.132592
-0.119518,0.673136,0.390971,0.065689
1.782497,0.159016,0.751034,0.977113
1.14437,0.430984,0.436458,0.45293
-0.198565,0.606764,0.502421,0.678182
0.955896,0.916648,0.301418,0.52314
1.144611,0.032948,0.084192,0.416915
-0.341655,0.66473,0.018199,0.506072
-0.466972,0.525716,0.326921,0.803874
0.6576,0.608035,0.127017,0.456471
2.575879,0.213851,0.232424,0.607601
1.100246,0.833519,0.773061,0.457185
-0.206505,0.545675,0.436356,0.895881
1.281727,0.056753,0.161749,0.303205
0.290642,0.555007,0.406824,0.308343
1.63228,0.271853,0.690899,0.687223
2.237226,0.442328,0.713919,0.506988
1.011173,0.920429,0.304493,0.358531
1.580699,0.454933,0.977703,0.244855
2.381412,0.240678,0.086863,0.209398
0.603634,0.008523,0.330138,0.231553
-0.40281,0.693197,0.628663,0.701299
1.302561,0.138404,0.449194,0.421667
-0.458039,0.733472,0.097636,0.701201
0.756642,0.582098,0.435426,0.48317
-0.104179,0.591104,0.103099,0.891623
-0.486681,0.603692,0.414352,0.973344
2.788996,0.100584,0.799803,0.377193
0.918795,0.133525,0.289249,0.83141
0.107347,0.749189,0.855892,0.16888
0.90377,0.940509,0.546242,0.630835
-1.044287,0.702039,0.219883,0.149736
1.195711,0.560047,0.829399,0.188517
1.449306,0.526221,0.464224,0.379945
-0.060633,0.975564,0.159234,0.922636
1.14214,0.499326,0.642649,0.188549
1.133151,0.457827,0.535924,0.199061
1.654611,0.147614,0.817332,0.785724
1.437011,0.845055,0.963842,0.869338
2.306004,0.287524,0.072175,0.465441
0.389385,0.87832,0.308278,0.210135
1.868105,0.13564,0.515068,0.280801
1.011653,0.526808,0.176559,0.387005
0.85884,0.891042,0.677774,0.473913
1.558254,0.425999,0.622118,0.477406
1.423987,0.182548,0.497194,0.847064
2.890547,0.371151,0.967817,0.417861
-0.514419,0.690087,0.866893,0.857464
0.914907,0.477983,0.166448,0.793633
1.009058,0.991098,0.433914,0.522324
1.025902,0.440394,0.347749,0.34096
0.440374,0.039241,0.704974,0.8106
-0.026123,0.659678,0.605504,0.675316
-0.216203,0.51,0.459279,0.90166
0.779743,0.529589,0.739947,0.848248
1.804324,0.173776,0.527026,0.498779
0.322978,0.634784,0.07492,0.095349
-1.00608,0.777728,0.592541,0.080851
0.463088,0.895617,0.198471,0.209491
-0.623948,0.717676,0.475601,0.120376
0.674375,0.07385,0.444865,0.948048
0.987104,0.414749,0.226517,0.164918
2.177408,0.279741,0.844632,0.444559
-0.078867,0.690058,0.947552,0.729506
1.462036,0.132976,0.149059,0.168106
1.812633,0.272566,0.400753,0.716788
2.968749,0.127665,0.999582,0.40586
2.163485,0.278038,0.85824,0.677607
0.716619,0.804404,0.036799,0.20762
2.585521,0.363384,0.762762,0.286584
0.933796,0.163528,0.230663,0.971215
0.17778,0.739536,0.781737,0.638552
-0.530986,0.779173,0.353016,0.83996
0.267305,0.528249,0.051863,0.621629
0.495956,0.273301,0.322298,0.989152
1.352475,0.485481,0.551857,0.913542
2.020791,0.326171,0.954248,0.126215
-0.460261,0.750946,0.788296,0.893102
0.539155,0.049845,0.82996,0.844357
-0.348372,0.712971,0.448824,0.770794
0.139099,0.762626,0.514158,0.527913
1.454651,0.410391,0.44811,0.191952
2.777505,0.220078,0.559686,0.60487
0.551651,0.847627,0.853791,0.422902
2.296656,0.146334,0.87205,0.260264
1.711064,0.363819,0.072381,0.496214
1.825972,0.353254,0.114666,0.767042
1.334464,0.063153,0.484906,0.151553
1.028341,0.792255,0.340028,0.36086
1.280628,0.2962,0.677377,0.453974
1.729272,0.132754,0.346295,0.587274
0.510395,0.941112,0.923793,0.681025
-0.90232,0.643068,0.352845,0.987813
2.367966,0.413083,0.758162,0.508957
2.534393,0.350765,0.967891,0.060893
1.02315,0.476076,0.342063,0.695505
-0.53055,0.737303,0.432913,0.796776
1.728227,0.4087,0.706236,0.822926
-0.225915,0.850819,0.724924,0.416237
0.740491,0.554826,0.481714,0.183579
1.814122,0.116585,0.969334,0.820019
1.472867,0.56833,0.95934,0.377091
0.934803,0.052152,0.0529,0.792827
2.279155,0.164693,0.125886,0.550417
1.955687,0.195441,0.047856,0.235259
0.608152,0.877369,0.347931,0.410289
0.188823,0.826467,0.322921,0.116669
0.463381,0.596504,0.185019,0.418077
1.553389,0.082192,0.264161,0.260897
1.267763,0.094476,0.363988,0.836587
-0.14481,0.679743,0.336595,0.975956
2.136347,0.136056,0.914981,0.114257
1.316915,0.451094,0.630252,0.584631
-0.023705,0.954281,0.514051,0.812695
-0.320573,0.904193,0.148779,0.935116
-1.26039,0.689308,0.866694,0.851354
0.115473,0.567228,0.44388,0.794589
-0.00364,0.718027,0.761623,0.151928
1.345912,0.358205,0.876003,0.784729
0.174365,0.962199,0.402129,0.882236
0.853159,0.435623,0.331189,0.025739
1.134241,0.90452,0.899229,0.320235
0.89943,0.668198,0.957321,0.12445
0.281405,0.706974,0.657657,0.552503
1.377413,0.477563,0.891552,0.004651
-0.473743,0.605124,0.082931,0.133315
-0.67541,0.889027,0.025857,0.905817
1.518514,0.064038,0.89183,0.805077
1.617181,0.054571,0.439143,0.718321
0.124417,0.733361,0.134448,0.283984
0.586769,0.623965,0.196181,0.616807
-0.543444,0.036917,0.192798,0.862612
1.663174,0.40132,0.130934,0.819199
0.641267,0.420612,0.458136,0.535995
-0.461954,0.475948,0.32641,0.763679
1.042735,0.794251,0.898747,0.512218
1.375383,0.533772,0.070677,0.415868
-0.525215,0.728975,0.650066,0.01161
0.441294,0.588528,0.047754,0.391393
0.267353,0.536327,0.342756,0.486084
0.244579,0.093788,0.162939,0.593946
2.465195,0.349246,0.924437,0.607935
1.928302,0.472996,0.638158,0.375724
-0.087066,0.541598,0.055658,0.737881
1.698473,0.393428,0.599038,0.30082
1.09659,0.406282,0.103926,0.197487
2.545809,0.2649,0.486794,0.274388
1.067037,0.49306,0.663013,0.465302
1.406435,0.484998,0.234549,0.40867
1.353899,0.883129,0.788015,0.07672
0.598164,0.713547,0.634545,0.082706
1.394829,0.028101,0.035296,0.41666
0.914294,0.592044,0.082529,0.067644
1.809753,0.245977,0.335264,0.313808
0.280941,0.838463,0.459536,0.641763
2.318856,0.087785,0.994058,0.655956
1.654642,0.534949,0.584027,0.054604
2.104355,0.217985,0.252945,0.557542
1.430275,0.268255,0.188733,0.173326
2.122206,0.303094,0.403784,0.233117
2.988207,0.20049,0.210713,0.700736
0.203571,0.458376,0.003486,0.15022
-0.334394,0.83575,0.222737,0.858862
0.792023,0.298625,0.029203,0.140787
-1.649419,0.864391,0.601719,0.929413
0.599567,0.532375,0.358772,0.25061
0.749436,0.979505,0.902216,0.883275
0.02907,0.011703,0.516253,0.767499
0.600304,0.826394,0.760592,0.218809
1.31004,0.18201,0.454261,0.804857
0.651777,0.578846,0.654935,0.036615
1.527643,0.246813,0.66006,0.245778
1.512948,0.493765,0.341811,0.621908
0.683972,0.126914,0.685479,0.978157
0.544118,0.450621,0.267075,0.208524
0.556329,0.92196,0.515772,0.392142
2.269229,0.176591,0.49035,0.118058
1.836357,0.4923,0.234343,0.35215
0.757524,0.975489,0.409095,0.235797
2.35253,0.357077,0.645345,0.168315
1.138806,0.558417,0.706843,0.508792
2.155559,0.321744,0.029817,0.576711
0.368331,0.710745,0.938168,0.224943
1.58033,0.07985,0.128018,0.6296
1.337723,0.274053,0.103526,0.620454
0.047746,0.891621,0.332458,0.995153
-0.46875,0.774694,0.17208,0.937561
-0.192832,0.859706,0.573805,0.971766
1.604238,0.434376,0.786366,0.343043
0.07695,0.63874,0.129494,0.596067
0.269259,0.846623,0.881072,0.405915
1.037802,0.690082,0.983588,0.49167
0.515557,0.802142,0.754531,0.159655
0.950965,0.96138,0.328739,0.549474
0.94175,0.917016,0.267457,0.556765
0.063366,0.784058,0.915621,0.76323
1.50697,0.772135,0.596756,0.445397
-0.223865,0.880038,0.157945,0.139995
0.887944,0.399979,0.297029,0.227196
2.399165,0.367767,0.74337,0.413897
0.177793,0.666926,0.684021,0.326817
-0.718005,0.716749,0.624386,0.695014
-0.287482,0.592538,0.274558,0.029344
-0.697742,0.643395,0.175394,0.485445
0.883039,0.47318,0.871749,0.468511
0.758817,0.088405,0.016805,0.17906
-1.762835,0.701393,0.3319,0.983855
1.026621,0.580766,0.958839,0.271058
1.167115,0.390997,0.217699,0.699946
1.302908,0.407261,0.851782,0.011675
-0.001151,0.788266,0.536882,0.527627
2.216533,0.163857,0.429162,0.540841
0.709784,0.368443,0.338865,0.904445
2.447731,0.123065,0.634986,0.244123
1.462017,0.138953,0.532462,0.643841
-0.008544,0.726967,0.649035,0.88941
0.833909,0.864806,0.763175,0.354547
-0.430796,0.754553,0.422771,0.107229
0.094657,0.760687,0.023233,0.176932
0.112026,0.852808,0.137011,0.169925
2.537103,0.202224,0.700792,0.128351
-0.074836,0.812993,0.78011,0.958587
0.438684,0.379626,0.104672,0.770557
0.610949,0.594246,0.879879,0.973605
1.170735,0.483946,0.505057,0.924581
0.423645,0.95089,0.41229,0.206899
1.634369,0.069241,0.617715,0.156846
0.465593,0.970105,0.124346,0.67101
-0.691238,0.695007,0.378264,0.000413
1.156952,0.347032,0.158297,0.760005
0.294159,0.905009,0.613627,0.544366
0.654892,0.180644,0.375854,0.72786
1.019734,0.536503,0.677911,0.237099
0.430737,0.512931,0.213414,0.588263
1.569173,0.692439,0.967623,0.676474
-0.860301,0.929559,0.367021,0.780647
2.398352,0.21071,0.972251,0.732879
0.740539,0.454668,0.304697,0.611713
1.653183,0.314654,0.461228,0.7471
1.180356,0.501387,0.691892,0.631386
0.853484,0.598893,0.971057,0.975091
1.652055,0.509337,0.696348,0.627996
0.208716,0.608161,0.347652,0.014074
1.606403,0.130518,0.5585,0.563736
0.823356,0.454198,0.533494,0.528898
0.29542,0.952709,0.182425,0.750457
1.163759,0.425085,0.150132,0.843511
-0.117534,0.584391,0.261106,0.56945
1.241454,0.158336,0.766209,0.165565
1.452255,0.274764,0.670594,0.219554
1.593423,0.47505,0.926537,0.132479
1.005305,0.974543,0.658179,0.845477
2.453953,0.400306,0.733422,0.404341
0.66194,0.323058,0.635031,0.909973
0.950615,0.501056,0.178011,0.311956
-0.360687,0.635367,0.508976,0.360826
0.791527,0.958166,0.353039,0.419633
0.464168,0.701924,0.599876,0.11763
0.212582,0.646803,0.897321,0.315505
-0.10416,0.487386,0.303814,0.158773
-0.092527,0.610501,0.437095,0.643108
3.016716,0.325072,0.917226,0.357297
2.630787,0.449541,0.858503,0.487683
-0.022031,0.777026,0.717578,0.18362
1.428862,0.114014,0.06458,0.057185
2.437173,0.023637,0.608459,0.178038
1.720559,0.131625,0.646416,0.812391
0.076199,0.684125,0.85669,0.840261
0.081313,0.717145,0.841068,0.755456
1.277307,0.018842,0.396696,0.590828
0.872882,0.991965,0.226551,0.814601
0.246849,0.400566,0.171086,0.281365
-0.503001,0.984821,0.309438,0.786406
0.210825,0.601609,0.277769,0.213186
1.904926,0.392887,0.371626,0.573759
2.220651,0.49028,0.737697,0.790137
1.88086,0.257685,0.103858,0.014941
-1.157694,0.884191,0.300831,0.96015
0.512198,0.507307,0.420796,0.159725
2.090935,0.126184,0.968572,0.888392
1.424785,0.274993,0.583595,0.753418
1.688161,0.15459,0.187312,0.028868
0.627137,0.909128,0.679815,0.920083
0.719971,0.125041,0.21732,0.976313
1.676671,0.974572,0.405528,0.190076
-0.452955,0.95996,0.264876,0.760332
1.634085,0.026617,0.65531,0.393973
0.370817,0.882817,0.245723,0.856642
-0.241848,0.778542,0.554136,0.294255
1.401411,0.14229,0.511594,0.898147
1.613292,0.470868,0.475438,0.441335
-0.387282,0.517616,0.220336,0.496522
0.886689,0.218779,0.168852,0.89945
1.848014,0.248827,0.793172,0.046754
1.046594,0.099119,0.74019,0.959537
1.933599,0.028898,0.982489,0.146564
0.202608,0.653674,0.600775,0.597606
2.329634,0.227986,0.787162,0.564196
0.459613,0.859287,0.177099,0.223849
-0.435021,0.680015,0.139688,0.604944
1.395536,0.050818,0.538212,0.317265
0.550362,0.080101,0.234108,0.281558
2.0582,0.230573,0.490301,0.283514
2.055611,0.224777,0.499209,0.514958
-0.549214,0.811834,0.263034,0.810707
1.333015,0.583139,0.874867,0.686904
-0.005728,0.896719,0.508457,0.247364
1.187033,0.366418,0.519477,0.628719
1.008668,0.145985,0.733998,0.833975
-0.349783,0.633573,0.492745,0.5879
1.479544,0.976627,0.99935,0.717089
-0.640101,0.738927,0.617612,0.045215
-0.343138,0.954405,0.019361,0.804853
2.912466,0.256563,0.954512,0.39485
0.573511,0.904369,0.375427,0.23029
-0.261971,0.832729,0.395898,0.078448
3.073906,0.286193,0.991434,0.246201
0.450546,0.892831,0.920492,0.837514
2.508983,0.142249,0.990418,0.32894
0.957498,0.425511,0.800754,0.897754
0.747561,0.675881,0.881349,0.124306
1.649907,0.501289,0.702855,0.310235
-0.531747,0.707244,0.026956,0.670131
0.851151,0.599278,0.729487,0.477788
0.705396,0.437898,0.343304,0.495113
0.586374,0.429063,0.674937,0.131685
-0.856871,0.883539,0.022091,0.738662
0.09455,0.480594,0.33562,0.980301
0.47304,0.983028,0.47969,0.662001
1.452242,0.121337,0.724075,0.947529
0.382501,0.19575,0.081671,0.801553
1.811111,0.478723,0.890087,0.324522
2.034623,0.253425,0.071176,0.538276
-1.09715,0.7657,0.410807,0.840804
-0.495561,0.635112,0.178351,0.948676
0.884784,0.588537,0.299757,0.416735
-0.967671,0.854365,0.288522,0.8133
0.859654,0.170787,0.225325,0.150396
0.999772,0.01517,0.680233,0.269489
-0.034214,0.0429,0.0102,0.813699
-0.328141,0.850882,0.531804,0.982266
-0.104481,0.702609,0.161943,0.833518
-0.955065,0.884379,0.1937,0.862481
1.232269,0.949121,0.780935,0.510256
1.182731,0.978023,0.087277,0.440977
0.474225,0.869339,0.157244,0.018341
0.076766,0.851163,0.544551,0.54207
2.064257,0.472509,0.885053,0.68831
2.107869,0.490378,0.289166,0.579417
2.333724,0.030285,0.892117,0.503193
1.505772,0.422673,0.276784,0.720189
2.348071,0.255942,0.693862,0.894243
2.476157,0.454089,0.862154,0.105125
0.19108,0.981,0.5167,0.902409
0.52658,0.530134,0.511153,0.171372
0.29273,0.630945,0.319358,0.201963
1.876989,0.27714,0.615928,0.084892
1.304498,0.017489,0.139609,0.280194
0.634251,0.690554,0.984561,0.199322
0.848711,0.223338,0.277074,0.975104
0.114497,0.884622,0.297009,0.397657
0.922859,0.440419,0.457598,0.491667
0.654238,0.520224,0.352828,0.65066
1.677598,0.072623,0.758409,0.530794
1.068655,0.298768,0.72791,0.973159
1.428245,0.285258,0.546442,0.432349
1.56991,0.150478,0.372884,0.475332
1.579344,0.449598,0.600012,0.161212
0.345202,0.703534,0.680615,0.07329
0.716415,0.510721,0.209876,0.135004
0.008817,0.496384,0.566959,0.669305
1.013497,0.636283,0.395146,0.530805
2.541029,0.195504,0.81711,0.103207
0.717487,0.47249,0.180157,0.516502
2.640113,0.36197,0.979698,0.506636
1.909418,0.085003,0.974428,0.211695
-0.46581,0.919022,0.499722,0.981955
-0.259804,0.719457,0.515937,0.23114
1.275009,0.259614,0.134844,0.002024
1.507812,0.295201,0.554571,0.063941
-0.398325,0.610914,0.010799,0.724439
2.98328,0.315715,0.997744,0.396945
0.58467,0.446516,0.325748,0.036224
-0.002062,0.645111,0.681689,0.953516
-1.128174,0.697457,0.109288,0.733397
0.959993,0.589543,0.872038,0.637599
0.55451,0.691799,0.039622,0.324384
0.688882,0.713578,0.60482,0.087932
-0.40163,0.82819,0.57667,0.127797
0.510316,0.955239,0.619851,0.168052
2.241068,0.327962,0.552083,0.287344
1.54006,0.966542,0.790656,0.196613
-0.0408,0.749408,0.189192,0.705173
1.735426,0.331994,0.239242,0.21547
0.905779,0.538278,0.531037,0.503684
2.033857,0.352637,0.187329,0.739659
0.816651,0.958423,0.790992,0.394436
-0.682,0.567068,0.340146,0.849849
-0.858056,0.907903,0.24749,0.959293
-0.029884,0.715548,0.100217,0.281209
-0.280869,0.760566,0.53223,0.195423
1.314586,0.174467,0.003295,0.818793
0.151989,0.517125,0.546749,0.696096
0.459938,0.016263,0.654555,0.942022
0.533544,0.614428,0.352946,0.161968
0.434327,0.814284,0.515384,0.607266
1.37907,0.316835,0.552134,0.685499
-0.694563,0.583072,0.189731,0.233454
0.893882,0.664177,0.728266,0.600168
0.005819,0.568928,0.403703,0.663693
-0.407293,0.725688,0.042266,0.805879
1.994442,0.240668,0.860439,0.868164
0.609334,0.622515,0.215887,0.353899
-0.095639,0.875255,0.089003,0.320046
0.914596,0.520244,0.016504,0.46421
0.272949,0.990357,0.142108,0.159534
1.37505,0.545948,0.140572,0.749706
1.769719,0.110334,0.46261,0.164978
2.04762,0.377069,0.750598,0.167002
1.229073,0.280476,0.231254,0.89281
1.330521,0.084433,0.961953,0.764063
0.907468,0.759994,0.848868,0.363523
1.505046,0.070393,0.572759,0.388194
0.422234,0.933863,0.839153,0.896569
0.758196,0.048629,0.584425,0.918869
1.621329,0.326039,0.771184,0.764348
1.953646,0.256859,0.61146,0.606641
0.762899,0.442874,0.63803,0.076688
0.713059,0.647511,0.791572,0.732624
0.764317,0.981335,0.68868,0.272072
0.437574,0.94959,0.222331,0.104723
1.00073,0.658383,0.80993,0.47579
1.932152,0.145708,0.819782,0.196152
2.1425,0.493408,0.829082,0.684563
1.629058,0.260918,0.575982,0.661457
-0.180962,0.723556,0.055358,0.568982
-0.1309,0.700068,0.021102,0.586646
1.840346,0.422457,0.279812,0.677056
0.328869,0.957127,0.755766,0.956576
1.029492,0.980801,0.920426,0.8564
-0.189571,0.654602,0.437479,0.95737
0.460263,0.521857,0.746658,0.096222
0.096212,0.511208,0.002782,0.89033
1.076591,0.996494,0.940193,0.57323
-0.348171,0.701883,0.884781,0.017031
-0.156742,0.741297,0.778147,0.198985
-0.009382,0.822484,0.212328,0.430153
1.496534,0.845073,0.830091,0.363617
0.486041,0.911126,0.237237,0.017662
0.194505,0.727749,0.45744,0.097761
2.298966,0.170418,0.92635,0.019071
2.063742,0.355428,0.072062,0.31927
2.359119,0.299877,0.623796,0.738688
1.451057,0.692552,0.762128,0.545304
2.006834,0.333203,0.520625,0.841442
2.089985,0.283289,0.180951,0.029564
2.849713,0.000886,0.988156,0.309531
2.504117,0.433728,0.848516,0.123026
2.985954,0.330814,0.7119,0.194776
0.319955,0.794644,0.936296,0.203008
0.686955,0.68223,0.91158,0.565222
-0.442075,0.806461,0.66869,0.908758
1.155157,0.091012,0.593632,0.821615
0.07054,0.966737,0.578824,0.837951
1.485267,0.009584,0.900057,0.283365
1.003274,0.031052,0.752326,0.728008
2.025933,0.26408,0.713182,0.823519
0.110962,0.626906,0.477288,0.05492
-1.630377,0.753942,0.472162,0.904827
2.647142,0.199355,0.080532,0.735641
0.600985,0.016051,0.596181,0.60155
1.296825,0.368633,0.494562,0.827334
0.896688,0.026343,0.426173,0.519269
0.110697,0.788743,0.313563,0.152733
0.224516,0.977105,0.258538,0.756061
-0.077317,0.686063,0.796095,0.385167
-0.791606,0.639674,0.337574,0.208086
0.590204,0.544376,0.597988,0.085464
2.247049,0.219227,0.852643,0.071571
-0.416425,0.890783,0.979885,0.306088
-0.277698,0.594192,0.956116,0.929844
1.953836,0.47501,0.561637,0.362852
0.679746,0.766349,0.924896,0.533542
0.910381,0.67009,0.966447,0.276429
-0.283284,0.771515,0.755942,0.168543
0.114943,0.631089,0.985131,0.77855
1.840249,0.180605,0.6445,0.848676
-0.810077,0.783816,0.156765,0.950763
0.257088,0.460126,0.646864,0.910431
-0.024158,0.953267,0.342556,0.992234
-0.92924,0.876472,0.034751,0.196295
1.129913,0.090135,0.730457,0.732409
2.179089,0.211767,0.838812,0.918402
1.205736,0.077232,0.637103,0.338584
-0.223514,0.824719,0.620999,0.211031
1.49466,0.16783,0.389064,0.145693
0.086581,0.897181,0.713078,0.165091
1.288713,0.954784,0.521504,0.430235
1.907718,0.133403,0.460054,0.051024
1.664371,0.51778,0.466399,0.275673
2.193477,0.03745,0.473626,0.445414
-0.182698,0.596875,0.133617,0.087299
1.403345,0.086262,0.547576,0.943469
0.297317,0.117015,0.258437,0.983777
1.621889,0.334586,0.647482,0.226909
0.972334,0.276345,0.255245,0.78609
1.091388,0.607983,0.125326,0.401739
-0.383707,0.60093,0.488556,0.849315
1.391415,0.44895,0.190637,0.167913
0.307782,0.76866,0.663256,0.354468
0.375738,0.893706,0.392088,0.920506
0.30881,0.768793,0.337383,0.99541
1.77847,0.20315,0.801177,0.882096
1.266486,0.287836,0.191823,0.218101
-0.191645,0.859466,0.256314,0.695068
0.443969,0.121243,0.231459,0.927379
2.438132,0.358328,0.759841,0.35513
3.232806,0.232355,0.785395,0.511616
0.366907,0.920668,0.397321,0.817895
-0.030242,0.490982,0.079811,0.235723
2.417264,0.177447,0.267958,0.556345
-0.80896,0.889124,0.522236,0.931568
1.699292,0.24778,0.118237,0.058775
1.863571,0.591175,0.862281,0.54711
2.406524,0.085833,0.824237,0.65577
1.830048,0.028682,0.579769,0.449466
1.088237,0.101528,0.432316,0.785684
1.131038,0.096607,0.593961,0.368172
0.253204,0.789503,0.384375,0.273902
0.487987,0.543414,0.564526,0.994028
1.684844,0.14785,0.945489,0.873852
1.677982,0.012294,0.0743,0.499831
0.408919,0.710007,0.590132,0.436137
0.094092,0.692335,0.888108,0.856959
0.748068,0.552354,0.274849,0.289695
1.321563,0.545627,0.75133,0.015779
1.687734,0.256891,0.197677,0.544635
0.978387,0.507337,0.536422,0.119338
0.248192,0.03995,0.747978,0.050101
-0.338134,0.722192,0.715849,0.232807
1.384878,0.315415,0.052841,0.338738
0.18789,0.962995,0.795071,0.629492
0.930204,0.521478,0.662852,0.345138
-0.346541,0.62151,0.520919,0.634271
0.723643,0.539199,0.612307,0.176001
1.976934,0.384834,0.558176,0.441872
0.629734,0.034283,0.374348,0.635327
-0.664076,0.82194,0.134432,0.140538
1.217913,0.425796,0.205822,0.438042
0.518029,0.022391,0.672809,0.99597
1.468305,0.27539,0.338287,0.510834
0.054138,0.519109,0.163668,0.037513
1.200724,0.702362,0.918022,0.353718
0.023175,0.900431,0.373037,0.366834
1.645753,0.833458,0.985743,0.518744
0.713975,0.337294,0.677262,0.134292
0.171875,0.477697,0.694494,0.871803
0.920124,0.303625,0.036582,0.757553
1.278428,0.245813,0.488655,0.967913
0.81672,0.925026,0.743498,0.507891
2.624198,0.420072,0.66103,0.958299
0.226122,0.437693,0.074396,0.922954
1.47955,0.012912,0.502875,0.401105
1.32313,0.004285,0.230327,0.204436
0.046462,0.05908,0.375438,0.833912
1.318812,0.598776,0.069742,0.657146
-1.507672,0.748954,0.24136,0.99593
0.296131,0.937913,0.728069,0.496361
-0.641542,0.645401,0.068524,0.219395
1.714967,0.328517,0.655006,0.44867
1.709023,0.428849,0.254835,0.218069
0.55044,0.742834,0.369348,0.47889
2.012379,0.324628,0.518781,0.170262
0.981458,0.205861,0.087818,0.248219
0.861581,0.630119,0.833329,0.609111
-0.220636,0.072696,0.355788,0.887633
0.29408,0.790325,0.289072,0.349007
0.274479,0.638182,0.711178,0.839379
-0.568536,0.888953,0.203141,0.884277
-0.600088,0.583805,0.742112,0.92934
1.021338,0.976951,0.247853,0.993311
2.573168,0.228203,0.745774,0.08094
2.338813,0.154124,0.175108,0.304198
2.387459,0.36239,0.569066,0.385569
1.711329,0.247169,0.067188,0.38501
2.406117,0.340187,0.559718,0.549605
-0.763879,0.856034,0.083222,0.113345
1.77896,0.201257,0.371452,0.046015
1.036465,0.340655,0.215869,0.728574
1.477843,0.455909,0.040692,0.312884
0.159843,0.02326,0.507909,0.709479
2.392606,0.194162,0.526396,0.337872
0.659714,0.738368,0.47336,0.474855
1.073775,0.759886,0.206985,0.340819
0.250417,0.006892,0.461303,0.049439
1.808682,0.213159,0.164147,0.38615
1.081978,0.508922,0.774197,0.172848
0.184039,0.892516,0.591815,0.471702
2.127793,0.134561,0.642026,0.63201
-0.688883,0.767661,0.899814,0.919796
-0.69703,0.690298,0.132184,0.001307
1.949987,0.289386,0.378798,0.658595
1.029342,0.96397,0.89745,0.114405
1.706229,0.437533,0.420131,0.364792
2.523445,0.244235,0.575348,0.437802
-1.220192,0.777033,0.378391,0.990549
0.062717,0.627719,0.228956,0.782364
1.217513,0.168201,0.005756,0.772332
2.092478,0.409672,0.235803,0.376186
2.02497,0.311993,0.112375,0.229872
2.868838,0.877573,0.983584,0.270142
1.4422,0.324776,0.186409,0.139391
1.378675,0.18218,0.14868,0.512585
3.190578,0.101113,0.791911,0.245452
0.120127,0.710868,0.277344,0.788494
0.724814,0.923133,0.024567,0.258375
-0.681479,0.465449,0.504531,0.85
1.070804,0.52698,0.637427,0.689135
0.35052,0.577007,0.183948,0.571992
1.42894,0.980214,0.989736,0.513603
0.149022,0.908631,0.251088,0.588939
1.437465,0.364227,0.061802,0.886042
2.236847,0.309169,0.721701,0.292772
-0.179352,0.573613,0.308364,0.967561
-0.04956,0.699232,0.100786,0.402501
0.576563,0.466521,0.367416,0.742987
0.522474,0.504982,0.153225,0.193919
1.129439,0.648853,0.887891,0.548064
0.000389,0.548806,0.038469,0.367572
1.618574,0.199321,0.08846,0.606477
-1.147649,0.786414,0.20091,0.154884
-1.505924,0.772055,0.232932,0.587791
0.430746,0.687912,0.769419,0.233329
0.719561,0.682233,0.458252,0.576686
0.431679,0.651253,0.949635,0.005347
2.492048,0.301159,0.787796,0.220997
1.117762,0.346737,0.42565,0.861295
-0.61327,0.529551,0.063514,0.86662
-0.392893,0.837551,0.361908,0.938651
0.143018,0.93518,0.785298,0.866861
1.239446,0.065615,0.718092,0.642302
1.209953,0.131316,0.310404,0.915671
-0.489125,0.779859,0.516007,0.234449
0.230723,0.947511,0.720566,0.232361
1.307531,0.915131,0.846812,0.20184
-0.195517,0.623909,0.038458,0.2853
1.827617,0.360093,0.463718,0.178838
1.31033,0.13951,0.110733,0.107538
1.362772,0.42092,0.610103,0.522316
-0.005575,0.664938,0.644842,0.500184
-0.400721,0.905601,0.421961,0.015466
0.228281,0.570456,0.125061,0.185015
0.824532,0.900996,0.795776,0.445771
-0.227508,0.815379,0.529511,0.537409
1.198773,0.674116,0.966191,0.527802
-0.430602,0.795992,0.078321,0.185248
1.70381,0.294031,0.098377,0.196602
0.951915,0.519067,0.897188,0.868995
0.555729,0.527641,0.469735,0.574788
1.557456,0.033801,0.976735,0.623695
-0.116104,0.758385,0.955863,0.848231
0.674878,0.924406,0.43889,0.2396
0.529497,0.668906,0.395435,0.574736
2.669023,0.429122,0.908407,0.256345
1.446857,0.432705,0.525687,0.182931
1.114074,0.570149,0.335002,0.484219
1.352996,0.376907,0.312834,0.891256
-1.162705,0.603862,0.566776,0.916911
1.904892,0.124399,0.346545,0.626716
1.549469,0.479383,0.971519,0.908404
1.896604,0.523908,0.584059,0.327701
1.254481,0.307279,0.173026,0.201748
0.644623,0.488717,0.321765,0.770202
1.649367,0.255874,0.975511,0.391561
1.79183,0.033844,0.363862,0.21483
-0.982223,0.801699,0.158252,0.909997
1.175251,0.012826,0.947786,0.945156
1.220403,0.42721,0.071129,0.984471
0.529174,0.111192,0.305463,0.099765
0.269007,0.896468,0.649365,0.099624
0.980068,0.592814,0.713598,0.401672
1.632268,0.21496,0.86871,0.095328
-0.101592,0.858096,0.01753,0.284203
0.703755,0.550888,0.392176,0.386338
0.836125,0.633842,0.826327,0.410846
-0.061021,0.515538,0.244851,0.237827
1.614735,0.466511,0.803521,0.055435
0.871242,0.759923,0.880469,0.063815
1.747274,0.322049,0.709054,0.867562
-0.765226,0.668057,0.601979,0.865372
1.564189,0.272677,0.291282,0.870294
-0.521688,0.907644,0.195035,0.644704
-0.226393,0.642953,0.521201,0.904128
2.364542,0.242895,0.336574,0.52934
0.747286,0.855782,0.14896,0.808897
2.109736,0.232922,0.447951,0.448904
1.160142,0.987863,0.681995,0.941814
-0.618151,0.78365,0.71834,0.813255
2.81689,0.227312,0.511666,0.452928
1.658046,0.036343,0.78051,0.312686
1.352614,0.240451,0.155287,0.252528
1.230631,0.173293,0.671876,0.930422
0.977843,0.452298,0.392563,0.971102
0.199711,0.662702,0.797121,0.969547
0.578687,0.634469,0.456232,0.736087
-0.827055,0.741618,0.525772,0.995378
0.194996,0.798763,0.911678,0.658269
1.007605,0.552976,0.324873,0.737521
1.752506,0.480696,0.470058,0.36779
1.439296,0.279048,0.51653,0.741784
1.279501,0.83624,0.45505,0.349964
1.22795,0.141995,0.382107,0.173395
1.859083,0.174945,0.468491,0.722463
2.031346,0.279261,0.215914,0.347056
1.821067,0.339055,0.886039,0.992796
-0.384846,0.918769,0.512532,0.608985
0.474918,0.430204,0.453339,0.242064
0.8526,0.027661,0.849452,0.781092
-0.266177,0.661162,0.392334,0.379833
2.056627,0.301901,0.868032,0.898774
0.632492,0.706996,0.91402,0.634988
0.64432,0.957994,0.777307,0.290878
2.052009,0.160172,0.892679,0.53205
-0.317571,0.475634,0.164684,0.82211
-0.70402,0.719976,0.055466,0.608545
0.503225,0.490179,0.2454,0.176076
0.555909,0.552483,0.064967,0.557731
-0.110944,0.67591,0.464951,0.318527
1.656563,0.200165,0.71938,0.78759
1.784353,0.154516,0.467558,0.113885
0.628066,0.301787,0.334385,0.995235
-0.192408,0.712444,0.227524,0.825924
1.543315,0.4464,0.268381,0.444338
1.042198,0.898265,0.868586,0.422734
0.394052,0.727293,0.765115,0.892613
1.898166,0.413519,0.956495,0.743582
0.847875,0.576513,0.488608,0.443235
0.176697,0.884448,0.866892,0.734486
0.030703,0.70796,0.625785,0.746142
0.995671,0.602324,0.797608,0.770552
1.4517,0.375829,0.371716,0.827238
0.343915,0.88775,0.007572,0.445048
1.408583,0.43473,0.832672,0.192897
2.651653,0.385637,0.624457,0.540687
1.907893,0.065744,0.432885,0.189899
0.648606,0.242883,0.742338,0.711573
1.763268,0.266549,0.303491,0.524413
1.96256,0.074343,0.414082,0.030927
2.589642,0.114869,0.229311,0.229076
-0.904112,0.670766,0.200465,0.929345
0.797427,0.027122,0.03592,0.78733
0.758411,0.928971,0.515256,0.189141
2.920688,0.155267,0.102367,0.582515
1.853631,0.393084,0.823825,0.002855
1.976052,0.195925,0.73787,0.734224
-0.179177,0.597157,0.277682,0.082789
0.471008,0.532529,0.564471,0.037894
1.100846,0.794858,0.783987,0.59546
1.636747,0.503252,0.031742,0.544197
0.834506,0.480709,0.200079,0.444604
2.164205,0.149511,0.940302,0.285881
0.641329,0.922023,0.416234,0.209656
2.403486,0.118055,0.956657,0.446085
2.97126,0.172527,0.970822,0.67899
1.603374,0.487196,0.237946,0.549068
0.764233,0.999535,0.47596,0.63209
1.62017,0.263035,0.341319,0.293899
-0.171341,0.620124,0.153585,0.006528
0.74098,0.592581,0.437636,0.50545
2.309759,0.065595,0.875312,0.22596
2.487093,0.21498,0.758762,0.883834
0.36414,0.878701,0.445135,0.115776
-0.479431,0.837058,0.5635,0.91069
1.593608,0.328546,0.10449,0.677424
1.046405,0.891586,0.948818,0.202478
0.474353,0.594727,0.060721,0.409564
2.372265,0.099361,0.928059,0.207828
2.406286,0.21467,0.980449,0.179438
-0.636803,0.757137,0.897701,0.883895
1.566812,0.076165,0.544673,0.24242
-0.506576,0.753002,0.306798,0.404713
2.835232,0.279733,0.832852,0.613367
1.691121,0.041374,0.926016,0.16649
1.560954,0.891921,0.853721,0.397992
2.738927,0.110326,0.94996,0.586579
1.299146,0.030865,0.959876,0.687202
0.631447,0.583183,0.988443,0.350304
2.526482,0.121292,0.791666,0.496903
-0.363651,0.73158,0.272122,0.874856
1.347584,0.369815,0.242002,0.791798
0.460641,0.961829,0.292495,0.442533
0.680446,0.923101,0.964474,0.671435
1.197852,0.068781,0.818434,0.850048
-0.578688,0.727713,0.277032,0.02988
1.869579,0.78353,0.994056,0.428721
1.159462,0.126483,0.943908,0.65027
1.376896,0.017206,0.593151,0.464951
1.987201,0.371738,0.471847,0.065384
0.610208,0.781323,0.00362,0.260286
1.293153,0.341051,0.556811,0.718963
0.672596,0.051231,0.616488,0.612149
0.466758,0.971036,0.348333,0.842174
0.817285,0.06753,0.266569,0.839208
2.146349,0.338961,0.893005,0.134906
1.352446,0.287378,0.132519,0.603512
0.848426,0.607677,0.784985,0.63108
0.899804,0.429427,0.745743,0.280107
-1.077785,0.783348,0.117327,0.528391
-0.008851,0.915901,0.618759,0.784765
1.669542,0.234203,0.008494,0.635114
-0.282243,0.866472,0.920014,0.997025
0.233368,0.84392,0.504924,0.573608
1.744421,0.154492,0.254167,0.582234
1.744001,0.434973,0.77372,0.919516
1.355265,0.253239,0.214285,0.653555
0.961027,0.888018,0.841807,0.779155
2.240905,0.035787,0.885939,0.465212
1.989436,0.530284,0.893172,0.573004
1.367748,0.375858,0.641276,0.706763
1.451716,0.090037,0.904767,0.030952
-0.286965,0.599561,0.002808,0.949601
0.704038,0.490959,0.062217,0.842748
1.449119,0.531086,0.976074,0.083067
1.960961,0.183391,0.619591,0.661331
-0.121011,0.600338,0.434085,0.699524
0.089916,0.04871,0.0979,0.90068
-0.327052,0.736176,0.079735,0.53572
1.899452,0.09152,0.166813,0.086745
-0.212254,0.982682,0.105312,0.82069
1.580679,0.166993,0.11283,0.654077
0.331633,0.019711,0.125522,0.035758
1.14655,0.440509,0.587863,0.881565
-0.354315,0.503227,0.116509,0.30162
-0.618014,0.844715,0.415866,0.99958
3.479982,0.309657,0.958733,0.582321
-0.665049,0.653706,0.301069,0.859151
2.905677,0.115897,0.885027,0.47042
1.179221,0.482631,0.530064,0.636963
2.683244,0.282175,0.883226,0.271431
2.209202,0.166726,0.422119,0.506254
-0.161903,0.871438,0.775059,0.929433
0.79338,0.291478,0.044269,0.988447
-0.078504,0.967847,0.398364,0.514581
1.573236,0.298588,0.850058,0.974947
2.249186,0.296549,0.824168,0.538591
0.750473,0.421917,0.512283,0.933804
0.126998,0.885774,0.593905,0.377515
1.75933,0.250802,0.885357,0.675869
1.232428,0.299282,0.19433,0.278635
0.648982,0.911858,0.928405,0.354486
2.402034,0.165434,0.827343,0.470713
-0.194742,0.728365,0.742194,0.229397
2.713887,0.285777,0.896312,0.803099
2.542271,0.427534,0.681903,0.548791
0.122549,0.767037,0.713766,0.856584
-0.205964,0.76008,0.725219,0.199142
0.243208,0.789135,0.865777,0.737069
0.089843,0.76066,0.171836,0.104771
0.039085,0.581666,0.541144,0.351376
2.411511,0.258797,0.735637,0.867835
-0.061408,0.099921,0.1757,0.927516
1.601186,0.941061,0.865739,0.608906
0.973957,0.485529,0.892319,0.718323
2.4201,0.272867,0.302638,0.67385
2.212431,0.119631,0.872547,0.74623
1.138954,0.097022,0.245587,0.747316
0.92601,0.606714,0.348857,0.341639
2.474631,0.098617,0.161774,0.589155
0.684828,0.130968,0.060898,0.929294
0.718268,0.617612,0.529545,0.564602
2.003666,0.541167,0.902393,0.316948
3.213151,0.275515,0.951674,0.059988
2.014155,0.461494,0.65394,0.534273
-1.207444,0.694406,0.112742,0.956055
1.459349,0.088914,0.864975,0.176934
2.553465,0.321779,0.589711,0.358112
1.180566,0.910317,0.985166,0.203005
-0.480094,0.689547,0.004035,0.023477
0.163302,0.574219,0.090836,0.956954
0.661901,0.542292,0.919171,0.480749
1.116741,0.334329,0.343572,0.994281
-0.751651,0.865104,0.0354,0.987722
2.146677,0.165367,0.902662,0.578943
1.368484,0.989727,0.895578,0.2215
0.852619,0.68839,0.891221,0.477776
0.775621,0.551571,0.432665,0.54696
1.538137,0.200327,0.549892,0.712309
1.240533,0.419942,0.133459,0.623054
2.43772,0.015454,0.999326,0.523954
0.154312,0.851432,0.978527,0.877521
1.627971,0.093118,0.814981,0.459677
1.14242,0.236629,0.273004,0.94654
1.854253,0.344582,0.044618,0.443877
1.849536,0.222861,0.797197,0.666784
1.938985,0.323916,0.696861,0.187852
1.45495,0.264914,0.198008,0.168327
0.714351,0.488223,0.808468,0.077748
2.413344,0.189377,0.822548,0.331551
0.975881,0.992917,0.685156,0.855944
0.468672,0.624217,0.664341,0.433213
0.662026,0.523643,0.441507,0.97533
2.010488,0.363525,0.890155,0.039155
1.741124,0.181986,0.52618,0.819271
0.099541,0.463948,0.130266,0.735608
1.102224,0.008846,0.04244,0.637694
0.111094,0.838215,0.70971,0.892645
2.124039,0.43538,0.662852,0.307861
-0.254238,0.851918,0.401507,0.502014
0.215532,0.808145,0.919704,0.870761
-0.327883,0.904447,0.055877,0.462044
-0.071824,0.728764,0.069615,0.33617
0.151366,0.574635,0.052655,0.992546
0.427604,0.89546,0.583564,0.43067
-0.223665,0.757506,0.74,0.946984
-0.303111,0.622999,0.260879,0.149354
1.717343,0.076227,0.398729,0.448717
-0.030857,0.629973,0.13052,0.322682
1.838342,0.051916,0.000183,0.767303
-0.486065,0.988524,0.128307,0.893108
1.449813,0.003784,0.912513,0.078927
-0.130691,0.842833,0.665833,0.281369
0.283136,0.727768,0.241692,0.287668
0.506478,0.821353,0.823133,0.724545
1.817758,0.047506,0.93865,0.91354
2.485419,0.211901,0.440464,0.30098
1.5399,0.966647,0.721066,0.310242
2.3911,0.384536,0.399057,0.226655
2.668438,0.162385,0.875548,0.621996
0.79344,0.701984,0.13786,0.251795
0.382627,0.455361,0.12577,0.511195
0.247453,0.893565,0.177895,0.472486
1.592876,0.110043,0.523249,0.154408
0.577443,0.531316,0.57265,0.864855
0.288983,0.00191,0.173451,0.541407
0.021191,0.125046,0.397493,0.036032
1.707636,0.462602,0.580545,0.172353
-0.494868,0.009417,0.188112,0.980405
0.820108,0.578919,0.993845,0.091367
1.246463,0.921014,0.916446,0.203939
0.916557,0.454844,0.827514,0.580767
-0.673044,0.755635,0.305475,0.921166
1.066609,0.594796,0.924918,0.69341
-0.453965,0.595225,0.011518,0.799537
1.135914,0.505221,0.83033,0.743707
1.504924,0.173002,0.058357,0.030374
0.552521,0.489217,0.353933,0.030589
0.684499,0.007553,0.808357,0.067284
-0.076268,0.981437,0.093508,0.025023
0.740837,0.842792,0.163475,0.715204
0.118912,0.849029,0.273749,0.07008
-0.014943,0.831706,0.376117,0.44801
1.421439,0.024442,0.951214,0.669194
0.422525,0.524755,0.043087,0.137492
1.144145,0.0199,0.632684,0.132297
0.690332,0.894338,0.698551,0.682257
1.418994,0.415847,0.189291,0.438423
1.065182,0.446012,0.106379,0.221524
1.587945,0.408724,0.074968,0.126226
-0.733288,0.684741,0.752092,0.066359
-0.768502,0.728693,0.084373,0.795579
0.864501,0.010075,0.388111,0.551694
-0.231429,0.838046,0.9382,0.118982
0.36128,0.413825,0.052045,0.089738
0.430554,0.952248,0.687025,0.03771
-0.304055,0.559929,0.360415,0.720454
1.433095,0.563852,0.699775,0.55167
0.120912,0.016187,0.4969,0.025079
2.422337,0.384822,0.71082,0.126731
0.432546,0.837177,0.216503,0.382475
-0.444447,0.707313,0.336839,0.098225
2.856157,0.1651,0.702257,0.52443
0.997653,0.880936,0.139878,0.38033
0.595686,0.717493,0.716688,0.421651
0.775323,0.041783,0.419621,0.009472
0.540344,0.930664,0.125592,0.711903
0.699624,0.615898,0.550762,0.805109
0.235666,0.618664,0.241481,0.697239
0.637001,0.772462,0.781018,0.08158
0.021741,0.637288,0.393256,0.164227
0.494203,0.946043,0.275556,0.481449
0.157016,0.86317,0.649232,0.768184
1.458403,0.959789,0.625361,0.481685
0.695352,0.735438,0.702389,0.623881
1.081417,0.046237,0.510957,0.991513
0.869685,0.496268,0.138281,0.413758
0.975364,0.081143,0.495724,0.864284
0.41138,0.997812,0.397795,0.20765
1.894821,0.142295,0.96265,0.240167
0.181044,0.841886,0.359089,0.177337
2.683517,0.252605,0.578318,0.577078
0.049136,0.900712,0.806706,0.992859
-0.291272,0.704159,0.758646,0.836693
1.313506,0.024929,0.157332,0.259396
1.130928,0.059531,0.319655,0.676725
0.851919,0.518878,0.812576,0.790827
0.055284,0.472689,0.184561,0.100686
-0.496162,0.769917,0.185593,0.167791
1.657929,0.965671,0.820014,0.507303
2.606387,0.277053,0.971699,0.61077
1.805693,0.853576,0.879054,0.405904
1.353183,0.127599,0.278723,0.585583
0.985515,0.603983,0.850201,0.19894
-0.074825,0.837699,0.319231,0.569575
0.416176,0.780955,0.808597,0.550608
0.447088,0.228327,0.226289,0.01455
-0.050993,0.474845,0.335434,0.962984
2.439589,0.200196,0.929194,0.098672
-0.028527,0.623226,0.732438,0.228092
0.896599,0.719639,0.955696,0.741453
1.536585,0.957459,0.36981,0.207247
-0.207424,0.876374,0.419266,0.707369
1.808923,0.1724,0.155807,0.51255
3.727929,0.213905,0.949416,0.240765
0.764316,0.706516,0.99549,0.519813
-0.5427,0.747176,0.204276,0.789199
0.525279,0.992532,0.389088,0.338061
0.814411,0.395653,0.467053,0.84323
0.798261,0.58174,0.001224,0.504411
1.610203,0.280992,0.863608,0.713135
1.995537,0.12298,0.772145,0.624945
0.97944,0.950585,0.687604,0.7846
1.206974,0.022889,0.667142,0.411226
0.314478,0.854369,0.565779,0.082067
-0.301882,0.771602,0.112822,0.958821
1.45935,0.561842,0.881251,0.715262
-0.581728,0.767509,0.19274,0.760144
1.006949,0.594085,0.623868,0.388144
1.170198,0.52492,0.820634,0.451936
2.877924,0.104759,0.948219,0.218573
1.197289,0.324421,0.21153,0.176622
2.0411,0.322135,0.645793,0.269605
-0.91797,0.657257,0.603174,0.049834
1.822701,0.422728,0.530482,0.423951
1.478034,0.109907,0.927566,0.724322
0.43968,0.584403,0.889763,0.185087
0.721125,0.672634,0.82315,0.812122
1.527441,0.198352,0.213045,0.720732
-0.532351,0.952957,0.21958,0.863828
2.321758,0.397534,0.466805,0.674552
1.250762,0.075814,0.187322,0.994501
0.491424,0.475856,0.683078,0.72729
0.748147,0.012115,0.488569,0.251623
0.572425,0.768144,0.530921,0.67894
0.909375,0.669565,0.914203,0.120678
2.644245,0.219326,0.703832,0.571309
-0.010381,0.979332,0.291142,0.252429
0.060921,0.835419,0.573818,0.914717
2.592202,0.403279,0.44821,0.318147
0.93028,0.947442,0.500348,0.616992
0.414316,0.485005,0.34793,0.288239
2.173501,0.046981,0.075786,0.509692
1.453967,0.072362,0.669925,0.51403
0.158221,0.574005,0.844177,0.266371
3.227359,0.210618,0.931635,0.168434
1.088223,0.275165,0.424301,0.731234
0.635738,0.643249,0.310217,0.286782
1.397593,0.271399,0.757579,0.629498
2.37366,0.469569,0.876839,0.52987
-0.089053,0.049556,0.480766,0.931422
2.265223,0.381007,0.075359,0.467438
1.695129,0.217159,0.24087,0.269967
0.914814,0.986727,0.417376,0.845563
1.200266,0.409801,0.254978,0.147145
0.684947,0.705895,0.972521,0.533681
-0.64341,0.714287,0.424453,0.032075
0.185375,0.839109,0.683429,0.767493
1.62721,0.334603,0.278018,0.718279
0.572838,0.318629,0.193207,0.834222
-0.135692,0.624088,0.329018,0.347463
0.576155,0.016329,0.840297,0.971109
1.449953,0.112434,0.324657,0.48296
0.83454,0.766618,0.894106,0.320404
1.242451,0.24125,0.269381,0.115566
2.362858,0.251567,0.709415,0.251653
0.593232,0.049044,0.476487,0.657427
1.625199,0.09372,0.627577,0.801462
1.300112,0.515284,0.872482,0.976798
0.220737,0.605756,0.591042,0.230056
1.037694,0.870706,0.815252,0.120148
1.490012,0.509447,0.829866,0.819723
2.162484,0.366045,0.935245,0.745536
-0.032187,0.850846,0.212257,0.277967
0.272628,0.565092,0.908371,0.75125
2.689782,0.144985,0.964882,0.278442
1.054049,0.071824,0.696986,0.911882
-0.162786,0.858423,0.711075,0.964881
-0.081415,0.811116,0.84704,0.869181
-0.371027,0.903922,0.159908,0.663375
1.796234,0.376917,0.165205,0.477686
2.180597,0.184644,0.40111,0.199302
1.116493,0.384762,0.473762,0.701629
1.363058,0.953248,0.194846,0.401182
0.097053,0.015623,0.089117,0.33106
-0.730754,0.868947,0.1683,0.140533
2.422259,0.463634,0.629903,0.214829
0.496242,0.5738,0.053984,0.359638
0.793711,0.154602,0.270801,0.564787
0.366807,0.608762,0.728638,0.872446
-0.609417,0.705702,0.988682,0.956459
0.951261,0.857928,0.696761,0.298982
1.779916,0.140424,0.228424,0.26811
-0.567932,0.637313,0.844048,0.506419
-0.44439,0.885421,0.280254,0.684874
0.278595,0.994511,0.71077,0.858739
0.674711,0.706987,0.637417,0.356442
0.873298,0.371023,0.505335,0.03069
0.470201,0.817118,0.906266,0.320325
1.720462,0.404789,0.481027,0.882542
0.845216,0.297128,0.005873,0.708123
0.608267,0.957234,0.382027,0.660358
1.884853,0.460628,0.733975,0.726404
-0.161344,0.771924,0.243688,0.889794
1.316152,0.489915,0.317286,0.336444
-0.244655,0.7342,0.397917,0.674105
0.741329,0.476478,0.14824,0.622485
-0.189064,0.633269,0.054333,0.87105
2.132741,0.3567,0.845344,0.910129
0.084747,0.781472,0.965473,0.776249
0.920394,0.075802,0.156677,0.070815
0.986475,0.949295,0.912362,0.722662
2.482818,0.286819,0.799822,0.501925
1.280621,0.152789,0.477156,0.569446
1.06377,0.147563,0.482768,0.010511
2.487525,0.154698,0.746956,0.270907
0.553187,0.975151,0.38437,0.433034
1.008438,0.506128,0.528545,0.43035
0.398132,0.808856,0.930873,0.827037
0.506105,0.904382,0.553633,0.437901
0.992429,0.924719,0.89029,0.506928
1.313325,0.022161,0.356454,0.005846
-1.525857,0.700666,0.441368,0.906422
1.549865,0.357446,0.464504,0.630758
-0.269085,0.689292,0.246049,0.493004
1.760826,0.227607,0.45062,0.045743
0.560335,0.894347,0.99543,0.208845
-0.136491,0.848773,0.535173,0.912479
0.125056,0.927387,0.017995,0.769218
0.628044,0.118759,0.635728,0.95714
1.764922,0.234313,0.91491,0.643122
0.767639,0.044005,0.50408,0.144314
0.826195,0.322051,0.543171,0.03471
0.389477,0.964593,0.522431,0.083368
0.214244,0.597315,0.710522,0.078445
2.325362,0.163595,0.131818,0.342805
1.384695,0.316315,0.611704,0.837883
1.132885,0.473259,0.737012,0.766196
1.469367,0.469376,0.159134,0.529292
0.199207,0.828657,0.915068,0.699309
0.174465,0.737366,0.349482,0.086423
2.285586,0.30526,0.373077,0.309921
-0.896263,0.655297,0.65848,0.912567
1.10742,0.08321,0.455395,0.124399
-0.396362,0.779459,0.158803,0.635237
0.249227,0.602046,0.136267,0.079962
1.32479,0.949384,0.110474,0.326218
0.579825,0.809184,0.789484,0.429324
1.608077,0.935897,0.074379,0.451057
1.041199,0.590338,0.380189,0.396514
1.40849,0.801613,0.926509,0.167492
-0.100524,0.504412,0.097028,0.839405
0.918694,0.659053,0.571969,0.406028
0.549237,0.029694,0.721726,0.073547
0.799623,0.950491,0.66977,0.192694
-0.724855,0.622252,0.099261,0.904626
-0.564464,0.867189,0.463016,0.899524
0.247781,0.389619,0.316944,0.699164
2.246153,0.32502,0.628154,0.481253
-0.17556,0.675283,0.773921,0.66197
1.843539,0.416816,0.952839,0.592594
1.103694,0.012223,0.104173,0.353611
0.629021,0.667685,0.220256,0.593205
0.719748,0.041185,0.111823,0.996227
1.282914,0.513921,0.400522,0.275377
1.631921,0.392229,0.546216,0.147823
-0.030788,0.537278,0.490697,0.940951
-0.061717,0.779536,0.350804,0.542986
0.624363,0.017156,0.03911,0.71893
1.743465,0.334257,0.909733,0.819433
1.49643,0.000728,0.901224,0.488818
0.8398,0.068626,0.268592,0.422059
1.237604,0.436448,0.565569,0.520445
0.748057,0.96514,0.747679,0.792321
-0.544334,0.616817,0.502868,0.805923
1.882412,0.316586,0.993756,0.739701
1.9038,0.404346,0.673353,0.038347
0.488473,0.408069,0.059989,0.603842
2.115297,0.16003,0.629528,0.233419
1.240248,0.571503,0.444747,0.503773
2.663736,0.146747,0.923455,0.710708
1.165673,0.633204,0.879676,0.85938
0.319286,0.912826,0.457551,0.155821
1.144742,0.556114,0.945601,0.261488
2.472762,0.260271,0.885944,0.013466
1.894667,0.316068,0.610973,0.189216
0.473062,0.377976,0.34584,0.693249
2.088698,0.497496,0.05002,0.672958
0.064278,0.800924,0.441488,0.284961
2.319287,0.965095,0.905426,0.299083
1.30413,0.545599,0.788369,0.017288
0.777231,0.828679,0.356126,0.522332
1.01972,0.026105,0.202253,0.70264
-0.059349,0.882022,0.396745,0.747435
0.673538,0.922369,0.571673,0.397869
1.483346,0.355522,0.223468,0.621455
1.679652,0.300831,0.219837,0.767835
-0.664085,0.777087,0.054638,0.762803
0.360437,0.597322,0.473172,0.778098
0.362707,0.148157,0.314191,0.968434
-0.005795,0.833675,0.182354,0.461239
1.858196,0.988839,0.92838,0.560505
1.201277,0.413518,0.141305,0.16807
1.339004,0.529781,0.018813,0.243449
-1.328071,0.728569,0.197578,0.779164
0.726983,0.820036,0.566313,0.704918
0.073217,0.382869,0.391237,0.945927
3.18341,0.280383,0.899411,0.223159
0.93262,0.350126,0.162394,0.487946
-0.311286,0.699037,0.20051,0.732439
2.211199,0.040952,0.026527,0.347618
-0.11994,0.735185,0.633724,0.566388
1.410011,0.272146,0.314435,0.846954
0.778671,0.230609,0.944214,0.889841
0.746548,0.604814,0.601829,0.162523
0.442209,0.92682,0.736982,0.183471
0.20674,0.618226,0.845132,0.179635
1.029518,0.389707,0.079445,0.968731
2.272944,0.402083,0.844147,0.817938
-0.034432,0.856132,0.917067,0.642481
0.799961,0.800319,0.791093,0.455486
1.354946,0.163248,0.093994,0.6502
1.228949,0.9678,0.888588,0.72216
0.562553,0.594798,0.123172,0.42642
0.548639,0.960733,0.662365,0.02687
1.791603,0.170044,0.377836,0.811715
-0.218032,0.599738,0.556958,0.6728
1.589423,0.483362,0.512912,0.261072
1.517227,0.062107,0.43135,0.326059
0.23931,0.566175,0.399907,0.120603
1.568238,0.042219,0.03912,0.435823
1.176437,0.069802,0.105924,0.217812
0.818185,0.906566,0.770189,0.758967
0.656528,0.494416,0.149348,0.106525
3.000908,0.310863,0.774073,0.335933
1.403385,0.866158,0.84014,0.503638
2.111163,0.495001,0.940572,0.282628
-0.463123,0.866057,0.051083,0.406608
2.178205,0.277185,0.438027,0.31571
1.332739,0.296003,0.459569,0.352613
0.354344,0.087329,0.663915,0.853296
2.027523,0.232083,0.761601,0.530171
2.348873,0.451126,0.707442,0.293626
-0.789987,0.796195,0.066258,0.601024
2.608553,0.281735,0.819176,0.650644
1.504856,0.169633,0.121925,0.547567
1.898295,0.067825,0.799733,0.140146
-0.456401,0.837167,0.489978,0.387446
1.467784,0.443137,0.328734,0.675532
1.526526,0.132972,0.391788,0.273852
0.861243,0.404332,0.301153,0.071522
0.54951,0.221873,0.19975,0.81554
0.759338,0.473336,0.968262,0.976286
1.5705,0.500817,0.615485,0.277379
1.09321,0.70022,0.604746,0.622683
0.003638,0.020283,0.60007,0.064703
1.43787,0.108982,0.014549,0.386326
-0.089433,0.678882,0.319216,0.926463
2.206686,0.446531,0.167659,0.42639
1.542133,0.178729,0.548319,0.466657
2.599489,0.433931,0.784013,0.529678
1.096211,0.567811,0.961347,0.626677
1.421116,0.402546,0.671376,0.324473
0.350414,0.719168,0.695188,0.682679
1.697,0.474327,0.326241,0.36005
0.06661,0.631055,0.666524,0.905509
0.106633,0.53363,0.740634,0.976825
2.529997,0.072124,0.749379,0.328483
1.516671,0.510717,0.788985,0.570556
-1.337322,0.710947,0.164224,0.11393
-0.236984,0.645272,0.716022,0.026059
1.460023,0.473858,0.771279,0.996996
-0.196504,0.714435,0.611065,0.708451
0.536567,0.209311,0.621052,0.886378
-0.643103,0.870106,0.590358,0.84696
2.099253,0.341684,0.074206,0.311582
0.111998,0.489002,0.275617,0.969556
1.493532,0.50919,0.550703,0.447705
0.039902,0.764003,0.289202,0.481553
1.431299,0.123383,0.929178,0.920812
1.891362,0.543885,0.979785,0.180596
1.68915,0.54346,0.928363,0.493214
-0.441597,0.7883,0.318241,0.84088
-0.287266,0.569969,0.137739,0.095095
0.672266,0.872076,0.101132,0.592359
2.570963,0.274201,0.459448,0.468381
2.674831,0.350684,0.636057,0.2934
0.353067,0.489148,0.418599,0.124776
2.116361,0.371528,0.310136,0.542284
2.054858,0.375966,0.811184,0.635687
0.749648,0.817918,0.823453,0.121292
3.320749,0.212273,0.745405,0.44637
0.324996,0.836468,0.866884,0.086318
2.910236,0.195029,0.818499,0.473274
0.096544,0.822451,0.619355,0.134305
0.130011,0.070799,0.148133,0.895277
1.417046,0.101536,0.064404,0.773741
0.957479,0.449577,0.112165,0.088555
-0.341269,0.818844,0.327901,0.617281
2.092822,0.143058,0.000691,0.537865
1.827188,0.256522,0.162518,0.373226
1.371783,0.000141,0.780036,0.601968
1.766709,0.332029,0.463524,0.469934
2.115372,0.250825,0.929546,0.490308
1.225141,0.146096,0.010625,0.375391
1.562048,0.320594,0.000508,0.03286
1.928043,0.185043,0.182605,0.817035
1.437739,0.199217,0.326751,0.049461
0.822092,0.888071,0.689846,0.664256
-0.329348,0.93067,0.288085,0.585763
0.977635,0.162634,0.331402,0.722836
0.157515,0.864743,0.741123,0.92676
-0.50789,0.873948,0.510784,0.819767
2.994222,0.193167,0.983008,0.651634
-0.069954,0.718874,0.109207,0.74407
0.7434,0.895001,0.887672,0.617615
-0.223431,0.710229,0.741243,0.776227
2.118366,0.266712,0.459297,0.327206
3.381507,0.206349,0.85453,0.250713
1.141111,0.324827,0.154646,0.375906
-0.588824,0.554792,0.270725,0.81756
1.923258,0.35131,0.172315,0.817938
1.935659,0.064776,0.963322,0.006414
0.56655,0.140677,0.514713,0.774169
-0.547105,0.823881,0.212645,0.234493
1.002241,0.898792,0.943012,0.37711
0.795457,0.064932,0.069235,0.667633
0.358268,0.660282,0.153095,0.549895
3.030093,0.103839,0.970659,0.302275
0.998553,0.707746,0.885036,0.686657
0.178504,0.924026,0.5131,0.761068
0.808655,0.173456,0.729226,0.872746
0.723947,0.802806,0.772822,0.507596
0.59035,0.567499,0.12045,0.306229
0.362153,0.81271,0.444088,0.160415
1.74198,0.18244,0.944025,0.711752
1.094934,0.248778,0.176839,0.824109
-0.042114,0.929007,0.01592,0.503072
2.858407,0.284951,0.334306,0.562952
0.621399,0.672477,0.053567,0.516242
0.765003,0.856021,0.001176,0.475237
0.858912,0.441265,0.76946,0.139386
1.859417,0.381477,0.408331,0.203586
0.979335,0.472512,0.838929,0.058853
0.464354,0.614128,0.694446,0.562797
0.018385,0.020243,0.364399,0.14387
1.629568,0.35295,0.697403,0.766093
0.63382,0.953638,0.613952,0.110805
1.925635,0.186836,0.212705,0.477493
0.283909,0.886484,0.257515,0.654946
0.710321,0.462738,0.584664,0.737525
1.703791,0.451596,0.891157,0.413325
1.954098,0.426047,0.266034,0.435142
0.203939,0.023351,0.537358,0.09087
-0.232066,0.804254,0.019773,0.411788
1.573771,0.584142,0.888873,0.295213
1.83884,0.201018,0.012717,0.420162
0.624932,0.770162,0.92732,0.720156
1.685925,0.474365,0.276866,0.638592
1.060457,0.869692,0.483395,0.551678
1.049469,0.059637,0.460001,0.723443
0.612589,0.139648,0.519047,0.97505
2.472784,0.316962,0.859541,0.512414
0.334768,0.907957,0.22245,0.362514
-0.799338,0.930621,0.421328,0.887558
2.104411,0.210774,0.513562,0.376838
0.536048,0.819312,0.842613,0.25255
1.068415,0.91239,0.757008,0.154917
-0.678123,0.79322,0.132519,0.202949
3.140191,0.334069,0.969834,0.266361
-0.115806,0.890745,0.194096,0.870794
0.817328,0.471478,0.69896,0.447783
-0.000108,0.947184,0.189828,0.810814
1.919306,0.337852,0.136585,0.570388
0.89972,0.065599,0.12304,0.73355
1.235516,0.354709,0.574371,0.724376
-0.701796,0.634913,0.320178,0.802329
0.015875,0.731251,0.095177,0.309597
0.710339,0.107952,0.489643,0.002134
1.837692,0.42024,0.291987,0.248884
1.474787,0.273797,0.418115,0.359049
0.123859,0.500347,0.652759,0.73433
1.94223,0.469579,0.099147,0.476273
1.778594,0.286171,0.681026,0.709073
1.308485,0.928695,0.560158,0.20676
1.208158,0.234574,0.871891,0.998146
0.189244,0.42174,0.613205,0.780433
-0.780182,0.893624,0.214597,0.570558
2.657696,0.336072,0.105609,0.309336
0.235731,0.505683,0.173732,0.980761
0.173249,0.631238,0.597534,0.646477
0.205352,0.548245,0.559884,0.992985
1.852279,0.146126,0.605052,0.20625
0.556271,0.557718,0.661484,0.255359
0.988829,0.175454,0.162189,0.001275
-0.130078,0.454079,0.567198,0.970047
0.134292,0.731628,0.075712,0.410785
0.172528,0.010584,0.116563,0.853233
0.583935,0.609786,0.170284,0.34999
1.747262,0.037278,0.909701,0.152362
-0.205118,0.656845,0.778655,0.864977
-0.448598,0.908341,0.724846,0.765188
0.781891,0.995594,0.021067,0.645854
0.482221,0.566505,0.177525,0.097876
2.233967,0.116934,0.210949,0.213312
0.992689,0.462278,0.80833,0.018135
1.697029,0.39371,0.543108,0.993774
0.910769,0.072779,0.201285,0.863417
0.95183,0.268308,0.322193,0.561649
0.435687,0.074729,0.015894,0.752737
1.283678,0.305301,0.242866,0.522187
0.646581,0.894359,0.549644,0.344778
1.0968,0.955296,0.137233,0.411814
0.464337,0.945287,0.526252,0.149147
-0.352059,0.941232,0.018592,0.943022
1.34332,0.518686,0.587864,0.1594
0.163148,0.735492,0.806752,0.867327
1.01849,0.615438,0.495887,0.599859
-0.742511,0.632184,0.178366,0.985902
1.336822,0.490352,0.56065,0.31365
1.304996,0.278368,0.042938,0.401652
2.243126,0.181659,0.192171,0.362874
0.473111,0.788647,0.725605,0.706382
-0.245552,0.806895,0.228276,0.05184
1.257686,0.491317,0.193779,0.349488
2.065012,0.429342,0.990617,0.29928
-0.277859,0.677123,0.418321,0.706236
1.59004,0.298599,0.908808,0.217765
-0.100463,0.668628,0.309107,0.550581
0.81869,0.508175,0.375035,0.315438
2.046268,0.12808,0.308935,0.421824
2.364594,0.104761,0.753347,0.522007
1.170194,0.760343,0.848074,0.800284
-1.167148,0.893526,0.755214,0.959179
0.236415,0.544493,0.295547,0.956135
0.841478,0.551516,0.964439,0.126507
2.301405,0.152704,0.829599,0.527666
1.149958,0.318508,0.065394,0.062629
0.677429,0.502135,0.026032,0.004535
1.145253,0.897685,0.756374,0.486987
0.795143,0.774213,0.701384,0.427417
1.041775,0.015806,0.65632,0.273876
0.690186,0.402189,0.45074,0.157997
0.609376,0.636079,0.633458,0.44577
1.661615,0.218181,0.022493,0.692848
0.450764,0.909533,0.327042,0.452838
-0.17785,0.579204,0.731242,0.690699
1.623668,0.144613,0.020685,0.274181
1.118062,0.711632,0.858346,0.183495
-0.285465,0.845209,0.055124,0.282203
-0.409278,0.015797,0.326603,0.973096
0.016995,0.615831,0.022484,0.159792
1.392928,0.5275,0.932432,0.23868
1.184865,0.424594,0.777861,0.033298
0.744998,0.386226,0.200249,0.766295
1.023935,0.025792,0.838522,0.153228
-0.948896,0.859215,0.365727,0.980453
0.663846,0.386227,0.0447,0.00532
0.499175,0.010299,0.646436,0.70437
2.310037,0.130312,0.735092,0.556765
0.727246,0.929732,0.60903,0.502281
1.767162,0.316257,0.182499,0.578588
0.461252,0.047551,0.809496,0.585134
-0.222629,0.781012,0.374722,0.463243
-0.220962,0.620549,0.070724,0.664017
1.50099,0.260716,0.288363,0.422556
1.688906,0.454564,0.397987,0.792796
1.009866,0.017388,0.885448,0.363373
-0.04761,0.724947,0.334548,0.410373
-0.869987,0.660017,0.799867,0.919708
-0.312943,0.587847,0.199856,0.484615
0.378065,0.781785,0.428516,0.271714
2.089446,0.429162,0.409502,0.547624
0.735416,0.931384,0.327451,0.241445
0.713543,0.455689,0.275564,0.515041
1.072489,0.195819,0.13355,0.197842
1.549328,0.056735,0.724875,0.963307
0.450886,0.706303,0.013577,0.892826
1.496136,0.979648,0.495837,0.333737
0.872657,0.534988,0.165104,0.115401
1.802903,0.272263,0.295235,0.248326
1.304151,0.494357,0.646831,0.695398
3.137199,0.173939,0.847525,0.505228
1.692059,0.307093,0.869466,0.676263
0.458268,0.981561,0.667553,0.979914
-0.648902,0.824958,0.607179,0.967613
1.69877,0.087346,0.483137,0.47779
0.231284,0.663977,0.027617,0.752243
1.053381,0.267295,0.477264,0.492488
1.106807,0.420944,0.677812,0.235333
1.339763,0.013166,0.551901,0.269663
2.011966,0.310338,0.884353,0.237651
-0.510171,0.749352,0.79745,0.838208
1.734715,0.506214,0.9646,0.621651
1.6048,0.930576,0.741476,0.456096
-0.149735,0.933155,0.257726,0.214319
0.928189,0.821737,0.613752,0.441706
1.979574,0.425446,0.887822,0.518453
0.938223,0.37084,0.369664,0.888428
1.003955,0.663115,0.90868,0.148585
2.004396,0.252106,0.636618,0.637809
1.316148,0.007419,0.667869,0.386633
0.571792,0.629755,0.929514,0.093956
0.02973,0.035713,0.163058,0.901214
0.41182,0.775433,0.411084,0.706749
3.393523,0.313249,0.787554,0.672974
-0.270881,0.73645,0.089519,0.264129
1.110527,0.982842,0.570488,0.044816
-0.336578,0.601753,0.448398,0.799182
1.860464,0.254952,0.68124,0.704144
0.997206,0.681996,0.386823,0.555537
2.892201,0.364915,0.629125,0.491464
0.660525,0.888724,0.541475,0.553513
1.142261,0.200692,0.417364,0.135534
1.467695,0.925067,0.561279,0.616107
-0.051669,0.689403,0.230379,0.193061
0.530678,0.678992,0.886885,0.575275
0.285531,0.780236,0.528895,0.344994
1.00562,0.683928,0.265167,0.335405
0.842987,0.315212,0.046708,0.68188
2.240632,0.353877,0.281339,0.317011
1.8291,0.326702,0.84818,0.649592
0.480922,0.626456,0.715713,0.068838
2.083834,0.45853,0.11469,0.439638
0.512156,0.76442,0.111672,0.585557
2.599584,0.289261,0.552965,0.188255
0.131577,0.537698,0.313518,0.597459
0.718634,0.049672,0.124832,0.980271
1.379785,0.066187,0.181798,0.239859
-0.592121,0.676552,0.013819,0.754221
-0.111762,0.728823,0.417738,0.096699
0.724242,0.458335,0.525585,0.850506
1.416195,0.37212,0.231153,0.730888
1.041177,0.59173,0.379783,0.451157
-0.110252,0.62532,0.053702,0.199597
0.983214,0.350957,0.468492,0.741922
0.803423,0.794262,0.169492,0.419783
1.113649,0.559089,0.576754,0.64864
0.317751,0.827341,0.66578,0.409891
1.543423,0.119723,0.407965,0.352993
0.64778,0.634947,0.075174,0.213718
0.951331,0.01301,0.185869,0.156748
-0.629936,0.641565,0.337133,0.05743
1.181092,0.960621,0.53709,0.243634
1.102775,0.034619,0.806294,0.823125
-0.126976,0.799584,0.721525,0.931373
1.577815,0.083299,0.793908,0.630929
1.034169,0.172153,0.579919,0.47094
2.346394,0.396638,0.673849,0.374583
1.492395,0.950022,0.661684,0.402821
1.407636,0.932568,0.860687,0.382796
2.517802,0.332263,0.331391,0.47379
2.599426,0.293153,0.573431,0.709622
0.7082,0.562614,0.173248,0.362427
0.603795,0.029447,0.610179,0.829014
0.726551,0.863178,0.486517,0.294768
1.226627,0.440099,0.800179,0.074298
1.333123,0.09088,0.990631,0.861176
2.971069,0.269815,0.692826,0.307818
-0.475018,0.61448,0.515101,0.704072
0.407249,0.923967,0.7212,0.368494
0.955125,0.040538,0.57418,0.150269
2.109981,0.294037,0.721507,0.115589
0.602849,0.55685,0.250319,0.166297
0.681726,0.493919,0.510658,0.865879
1.492276,0.204341,0.436319,0.111242
1.493405,0.348478,0.370879,0.086436
1.579989,0.425955,0.316848,0.15375
0.118929,0.880258,0.514538,0.790041
2.28481,0.236438,0.365567,0.241677
0.966103,0.608464,0.157586,0.370055
1.18033,0.267107,0.203299,0.964545
-0.424113,0.844639,0.371871,0.968224
1.626778,0.378956,0.777377,0.094134
2.112004,0.043955,0.884295,0.633903
-0.305048,0.952192,0.261997,0.488636
0.174181,0.040718,0.539127,0.91441
1.27616,0.634558,0.999244,0.644019
1.706377,0.101973,0.426517,0.045167
0.253185,0.87943,0.819479,0.946188
0.639986,0.842679,0.927023,0.043648
1.962761,0.0891,0.355205,0.519635
1.467552,0.111417,0.46563,0.988093
1.695387,0.320808,0.05325,0.198683
-0.994969,0.834365,0.183227,0.948627
0.564292,0.241814,0.510923,0.929048
0.015085,0.05475,0.060135,0.104987
1.191059,0.112581,0.366266,0.026976
2.00419,0.324046,0.236038,0.502196
2.287177,0.283618,0.534896,0.144322
1.048109,0.129599,0.407564,0.177448
-0.480234,0.98311,0.187614,0.737789
-1.244045,0.731413,0.330114,0.095745
-0.386001,0.606337,0.0269,0.941947
0.892929,0.046996,0.340734,0.207495
1.766082,0.245985,0.861999,0.070216
0.767255,0.250029,0.262068,0.014757
0.6807,0.451376,0.14997,0.524703
0.938906,0.127035,0.665791,0.233441
0.264299,0.467242,0.529193,0.928837
1.03014,0.090324,0.052828,0.181515
1.161452,0.723768,0.809523,0.572073
2.018688,0.237056,0.899757,0.731061
1.69188,0.128667,0.337155,0.240493
1.313172,0.528429,0.524214,0.071822
1.559831,0.125334,0.983236,0.874066
1.861958,0.142789,0.730139,0.416195
0.04974,0.011216,0.577187,0.831832
-1.350944,0.812973,0.117615,0.855225
-0.911212,0.920611,0.160199,0.874266
2.095791,0.245685,0.335935,0.270367
2.086711,0.162354,0.831883,0.185489
0.630176,0.090412,0.203946,0.993871
-0.051713,0.753413,0.537011,0.42496
1.103179,0.566316,0.026718,0.746639
0.097839,0.933027,0.17753,0.877716
0.372321,0.469937,0.119242,0.995796
0.535627,0.485479,0.771018,0.092418
-0.915237,0.692946,0.440068,0.89026
0.462553,0.567948,0.022266,0.413251
-1.014697,0.816759,0.154737,0.915504
1.244624,0.154299,0.605009,0.814388
2.332325,0.369104,0.333246,0.334496
-0.186061,0.699907,0.62681,0.164789
-0.094271,0.018327,0.062294,0.868214
1.810106,0.34833,0.219445,0.164978
0.920078,0.541688,0.003632,0.525773
-0.261368,0.013903,0.072843,0.740864
0.506113,0.124255,0.805239,0.888746
0.632001,0.357855,0.136202,0.96011
2.738706,0.115471,0.962682,0.414251
0.236226,0.91218,0.048845,0.166339
0.800544,0.791836,0.968534,0.85223
-0.185671,0.935203,0.431259,0.10008
1.184974,0.615757,0.765136,0.196072
2.099431,0.151161,0.559279,0.215466
0.649757,0.1037,0.22259,0.009891
-0.209711,0.781105,0.23521,0.262145
1.151438,0.039866,0.054949,0.732612
0.785307,0.532006,0.230527,0.241015
1.953448,0.066939,0.42715,0.475593
1.996233,0.179089,0.96174,0.053542
1.44176,0.976335,0.928977,0.911527
1.688689,0.538781,0.566239,0.643493
1.147741,0.183653,0.209896,0.089451
2.012621,0.973349,0.900275,0.607341
1.722114,0.31311,0.915962,0.698085
2.261866,0.213992,0.231457,0.535776
1.752997,0.490078,0.821903,0.491125
1.619306,0.650524,0.293124,0.307
0.422029,0.839713,0.899341,0.716617
3.146604,0.384097,0.765763,0.303066
1.191348,0.576067,0.674173,0.702
1.798451,0.377541,0.027858,0.541728
0.869547,0.018253,0.316661,0.722228
0.270598,0.961408,0.377632,0.330157
0.472356,0.829827,0.319502,0.336724
2.072749,0.213254,0.292586,0.264334
1.379197,0.998631,0.40405,0.432143
0.37362,0.386316,0.440124,0.059294
2.503176,0.268327,0.815176,0.370459
0.831429,0.023134,0.027901,0.639854
1.666233,0.38879,0.154816,0.529896
2.0477,0.248855,0.752306,0.701135
0.65552,0.640587,0.03041,0.289979
1.363291,0.236888,0.727901,0.928283
1.327779,0.008978,0.148312,0.220402
-0.425188,0.751924,0.309122,0.062337
-0.491829,0.813241,0.130193,0.847306
1.337703,0.889845,0.868006,0.751081
0.68026,0.010255,0.555919,0.589263
1.176253,0.45535,0.749511,0.532061
2.454273,0.28061,0.507343,0.0767
2.145356,0.327089,0.29972,0.126947
1.814987,0.043726,0.871156,0.514916
2.547904,0.247049,0.926171,0.987412
0.177332,0.931242,0.126104,0.733963
0.74773,0.999493,0.732342,0.932406
0.294879,0.450889,0.243036,0.788612
1.100538,0.614269,0.906311,0.199457
2.057117,0.073665,0.947619,0.65456
0.429654,0.583231,0.040922,0.068517
0.960797,0.02562,0.763826,0.802927
-0.053787,0.844845,0.313337,0.501089
0.486696,0.603294,0.169409,0.417523
0.014247,0.562473,0.420611,0.06698
-0.156695,0.756405,0.315897,0.116003
1.415812,0.337397,0.619846,0.090109
0.361136,0.118435,0.402797,0.847727
0.192851,0.814583,0.802385,0.684415
0.16488,0.890831,0.487322,0.240317
0.260851,0.719159,0.880297,0.022726
0.720405,0.97407,0.479306,0.442248
2.271492,0.945443,0.838316,0.401219
0.587248,0.871756,0.982732,0.702772
0.652852,0.872905,0.218113,0.248776
2.837295,0.323541,0.553441,0.325096
0.817946,0.416876,0.654534,0.025125
2.362015,0.068193,0.705607,0.482215
1.784058,0.265483,0.400108,0.654272
1.100747,0.603947,0.106028,0.461567
1.49673,0.999378,0.177639,0.405808
1.680268,0.143673,0.237893,0.635424
0.545601,0.640652,0.837539,0.978174
2.548504,0.331231,0.528959,0.314115
1.328988,0.950502,0.608926,0.537843
-0.418457,0.603585,0.340463,0.692577
-0.794668,0.722852,0.037163,0.037703
0.678276,0.063118,0.641574,0.200558
1.742199,0.216722,0.416423,0.504603
-0.208971,0.625103,0.153183,0.990927
2.02718,0.336205,0.453545,0.341954
1.660898,0.148668,0.641845,0.484264
0.090151,0.610276,0.766173,0.591213
0.970967,0.984176,0.005615,0.128985
0.699527,0.093655,0.122717,0.012611
1.641561,0.061136,0.449482,0.699891
0.367186,0.076152,0.873686,0.081055
0.707298,0.919509,0.563879,0.375793
0.122074,0.863923,0.645081,0.250003
1.531133,0.131273,0.277941,0.531145
-0.102708,0.916042,0.292705,0.493029
1.615714,0.961416,0.672902,0.402895
2.653791,0.098355,0.902481,0.557965
1.938857,0.289813,0.094893,0.40302
0.942244,0.136205,0.061507,0.785694
1.679342,0.277971,0.871971,0.868283
3.228218,0.232654,0.748125,0.351986
0.929056,0.914323,0.7484,0.531468
0.437444,0.651929,0.283729,0.397706
1.907655,0.914434,0.879036,0.496004
0.646674,0.48405,0.028985,0.034172
-1.080573,0.795005,0.098817,0.763104
1.463938,0.123962,0.272832,0.810494
1.459376,0.303886,0.589783,0.89015
1.247945,0.442001,0.148777,0.193466
2.477766,0.234945,0.379801,0.307708
2.401614,0.375432,0.927291,0.599818
1.587078,0.375599,0.586307,0.644713
1.778568,0.479278,0.713882,0.567694
-0.416123,0.750029,0.200063,0.473129
1.64424,0.458645,0.643691,0.822393
0.318874,0.857081,0.024297,0.798407
2.35876,0.37289,0.399831,0.48965
-0.724501,0.758436,0.408771,0.201434
0.568614,0.903,0.813435,0.136416
1.869273,0.523437,0.857322,0.421169
1.02774,0.171282,0.023223,0.762092
0.587535,0.480687,0.901334,0.019078
0.660713,0.652252,0.561152,0.64903
-0.483785,0.926045,0.740032,0.182377
0.951774,0.88125,0.54102,0.484593
0.774828,0.701894,0.822556,0.610547
-1.252751,0.776662,0.222724,0.724293
0.74136,0.5493,0.836694,0.276699
1.021009,0.87708,0.725771,0.661896
2.008989,0.246073,0.27271,0.458511
0.938948,0.550826,0.564805,0.493913
2.669829,0.210491,0.950035,0.52441
-0.305196,0.76873,0.691257,0.882976
-0.191933,0.641361,0.681497,0.030856
-0.716079,0.871573,0.403728,0.738934
-0.563944,0.714787,0.223378,0.249685
2.403507,0.475276,0.666383,0.396824
-0.010281,0.966339,0.020565,0.822896
1.403067,0.141705,0.335012,0.981616
0.996287,0.002356,0.182312,0.458281
0.506187,0.520729,0.023898,0.790287
0.504526,0.610108,0.476385,0.413879
-0.017434,0.602907,0.365437,0.363524
2.423678,0.031476,0.444938,0.702024
1.634679,0.15517,0.057909,0.786577
-0.733041,0.843663,0.330352,0.816154
1.603809,0.175155,0.221218,0.667765
1.614095,0.438622,0.120588,0.826989
1.060558,0.159422,0.475964,0.675701
1.739972,0.036501,0.826608,0.524197
2.436111,0.202706,0.986045,0.137999
1.300938,0.412307,0.032767,0.203257
-0.681108,0.641855,0.115818,0.871229
-0.329204,0.772965,0.031156,0.38722
-1.22757,0.708238,0.320645,0.608503
1.057804,0.086256,0.30456,0.744439
-0.075247,0.569534,0.685069,0.638306
-0.02707,0.626998,0.789912,0.927631
1.124748,0.71133,0.736276,0.512858
2.130992,0.104074,0.696479,0.656597
0.54417,0.669373,0.366577,0.176101
-0.216209,0.806267,0.567374,0.319831
0.794659,0.389761,0.347661,0.711443
1.738193,0.142452,0.37369,0.710751
0.845241,0.754376,0.822671,0.451258
-0.018236,0.539394,0.72111,0.993136
1.661638,0.914425,0.98587,0.482749
2.784075,0.241338,0.722862,0.005385
1.501197,0.721466,0.934819,0.39041
1.935959,0.000806,0.686659,0.447961
-0.211924,0.746418,0.525174,0.059361
0.494093,0.906218,0.338341,0.738895
0.671353,0.095532,0.322998,0.903477
1.000825,0.349118,0.13982,0.056405
1.535542,0.249597,0.302923,0.221951
0.100246,0.964695,0.107538,0.124415
0.90391,0.084945,0.375789,0.347191
2.078365,0.315886,0.906904,0.721492
1.694817,0.049423,0.64512,0.547258
-0.559276,0.640652,0.348458,0.5551
-0.736892,0.625498,0.466567,0.759251
-0.043639,0.791659,0.06956,0.698553
2.322528,0.13464,0.39132,0.382715
-1.276461,0.635497,0.040893,0.115921
2.543392,0.182926,0.11285,0.489395
1.810021,0.385291,0.590805,0.927146
1.340459,0.952391,0.924135,0.257141
3.184577,0.223955,0.786477,0.403288
0.593875,0.945487,0.167717,0.618954
1.980636,0.351594,0.613859,0.246355
1.184012,0.063832,0.195785,0.229106
0.743854,0.182021,0.015342,0.808795
0.348617,0.978022,0.587328,0.703279
2.101528,0.976047,0.994136,0.238862
0.931969,0.45796,0.601446,0.192283
-0.045113,0.7492,0.100221,0.007895
1.150154,0.545617,0.101425,0.335013
1.548297,0.405491,0.817167,0.147518
1.305314,0.494121,0.605204,0.221445
2.443482,0.261384,0.543296,0.627364
0.84037,0.49602,0.920306,0.843916
0.757908,0.57486,0.480831,0.659703
1.581137,0.196904,0.251617,0.221984
1.824952,0.416037,0.498597,0.198762
0.136977,0.582258,0.610045,0.868627
-0.295607,0.746066,0.285169,0.291179
-0.541423,0.721243,0.250361,0.667213
-1.388788,0.769933,0.776553,0.963943
1.323554,0.372797,0.198791,0.469727
0.174685,0.67204,0.171858,0.038637
1.719289,0.330935,0.628602,0.843843
1.025928,0.631974,0.975782,0.272598
0.350649,0.629135,0.172637,0.354924
-0.985453,0.914522,0.050703,0.866632
1.594417,0.278549,0.775263,0.861566
1.603346,0.227046,0.779484,0.564695
2.097151,0.548048,0.815404,0.303935
1.352784,0.310083,0.631072,0.843844
-1.06668,0.585335,0.508982,0.02921
1.360501,0.180399,0.067946,0.312226
-0.269313,0.823649,0.256313,0.013942
1.756444,0.181023,0.568862,0.324853
1.657923,0.00938,0.87426,0.027042
1.028793,0.101781,0.102761,0.871576
0.298919,0.505609,0.603997,0.862057
-0.513194,0.799911,0.165491,0.862905
0.978197,0.645306,0.908652,0.132986
-0.817412,0.862205,0.79995,0.932545
0.975277,0.356431,0.594401,0.986787
1.098405,0.380278,0.542192,0.956076
0.734028,0.491518,0.09464,0.118279
1.230332,0.199876,0.282012,0.599784
-0.111305,0.850409,0.293534,0.158616
0.489749,0.626072,0.578143,0.582192
0.410837,0.825931,0.661449,0.032908
0.486757,0.715869,0.750299,0.740758
0.726456,0.106651,0.051809,0.926647
-0.342202,0.56158,0.355176,0.208577
1.583574,0.193125,0.290938,0.400697
1.5254,0.966626,0.606716,0.168725
0.147039,0.691066,0.108007,0.373045
1.54727,0.49534,0.041414,0.340236
0.475349,0.96615,0.457494,0.241639
1.143338,0.281321,0.272736,0.100033
0.572168,0.317578,0.258475,0.966454
1.199302,0.437292,0.858985,0.586294
1.331648,0.392774,0.320855,0.755026
2.646229,0.27626,0.928352,0.53072
2.129558,0.024415,0.705422,0.498309
0.116046,0.754112,0.707908,0.699708
1.791077,0.315486,0.462084,0.956533
2.560994,0.293645,0.789575,0.083886
0.556849,0.996269,0.930406,0.769618
1.177738,0.447196,0.507883,0.239131
2.200779,0.937223,0.913865,0.348215
0.024856,0.748685,0.209857,0.201427
1.076896,0.169372,0.300894,0.043099
-0.125041,0.812943,0.947946,0.493473
1.664855,0.388252,0.441921,0.592499
1.455406,0.114672,0.505551,0.786267
0.745436,0.52249,0.533363,0.954634
2.778256,0.422717,0.973024,0.321445
-0.267805,0.710217,0.709584,0.710831
0.293597,0.718922,0.543246,0.40273
-0.829214,0.737732,0.560115,0.916548
1.218736,0.383108,0.252926,0.044806
2.50596,0.015411,0.851362,0.229261
0.5686,0.735853,0.22751,0.433798
-0.702911,0.830601,0.26942,0.000505
-0.074334,0.630161,0.379468,0.215312
2.886616,0.219591,0.435628,0.307782
1.412331,0.035956,0.407181,0.591698
0.899932,0.807523,0.938743,0.40874
2.499548,0.145662,0.046601,0.517559
0.881767,0.977145,0.966348,0.86712
2.972144,0.300845,0.859125,0.605676
1.051606,0.992396,0.783757,0.892678
-1.074635,0.6487,0.631822,0.814898
0.814285,0.467396,0.574347,0.832713
2.039307,0.481698,0.729937,0.97509
1.121991,0.891409,0.058566,0.525045
-0.039024,0.375391,0.475713,0.740703
-1.19891,0.832708,0.371554,0.183002
2.241447,0.346374,0.240862,0.252677
0.832436,0.453936,0.667783,0.874363
0.662752,0.66172,0.718805,0.22496
2.482713,0.105374,0.780973,0.347394
1.082695,0.918954,0.966563,0.113968
0.747284,0.507359,0.477046,0.022404
0.080984,0.950881,0.591726,0.683894
1.119637,0.065673,0.209584,0.812221
1.790921,0.203584,0.127245,0.577906
1.734727,0.144718,0.836764,0.594462
0.72418,0.484697,0.181467,0.05164
-0.779747,0.800891,0.079104,0.884601
1.658192,0.207266,0.707453,0.575855
2.506045,0.190845,0.756365,0.433297
1.519879,0.386606,0.168126,0.599493
0.398614,0.733962,0.717338,0.187821
0.149573,0.850212,0.055816,0.10807
0.682142,0.636782,0.300856,0.20456
-1.153179,0.716289,0.048914,0.700156
0.296559,0.837954,0.296168,0.475282
2.282707,0.517845,0.780749,0.236715
1.781592,0.351342,0.754872,0.546767
2.164936,0.092651,0.8883,0.539828
-0.485165,0.767632,0.419558,0.774327
1.863143,0.419473,0.776177,0.007153
1.03437,0.001593,0.936339,0.081873
0.543726,0.027305,0.236968,0.240275
-0.497485,0.713348,0.250654,0.272333
1.817138,0.151917,0.876719,0.22542
1.065642,0.308782,0.867948,0.029278
1.7773,0.053208,0.624126,0.601118
0.458706,0.465549,0.026199,0.718468
-0.273559,0.692803,0.551499,0.246845
1.849095,0.383291,0.74389,0.057227
1.021404,0.018214,0.307317,0.61318
1.807766,0.148644,0.73745,0.991537
0.233188,0.91964,0.261311,0.552851
0.496952,0.037393,0.014571,0.642192
1.208414,0.11601,0.200245,0.533048
0.193461,0.811529,0.807964,0.288376
-0.472709,0.893298,0.190316,0.998618
2.32323,0.162727,0.491933,0.522595
1.744216,0.562913,0.689432,0.719106
0.397418,0.522493,0.575789,0.799096
1.472098,0.223363,0.190169,0.321403
1.225214,0.527548,0.618507,0.320199
1.520982,0.312888,0.417076,0.69004
1.147299,0.413677,0.765981,0.301865
0.770982,0.772225,0.09909,0.453232
-0.040007,0.68287,0.663273,0.615002
2.093828,0.142446,0.922217,0.312442
0.325798,0.474141,0.109315,0.157234
-0.696192,0.718595,0.239041,0.009034
-0.024547,0.818049,0.677986,0.171744
0.461051,0.848243,0.824791,0.688772
0.517337,0.550733,0.995284,0.790473
0.718221,0.070051,0.763014,0.904516
2.145062,0.362379,0.409322,0.309717
-0.784614,0.993664,0.301868,0.915822
1.990847,0.144621,0.569657,0.99681
1.912133,0.081647,0.82652,0.724893
0.20066,0.725286,0.902295,0.717942
-0.188979,0.640247,0.073774,0.326536
0.059474,0.865899,0.512069,0.847354
1.206301,0.078186,0.151669,0.532183
1.435582,0.551676,0.883374,0.281257
2.305043,0.14418,0.287726,0.29766
1.430294,0.413523,0.839817,0.743307
0.534658,0.448744,0.373586,0.777044
0.173953,0.902908,0.291015,0.715827
0.104456,0.637199,0.3667,0.21653
1.908324,0.080372,0.807789,0.710834
2.656813,0.153701,0.938537,0.62312
-0.622267,0.768357,0.442636,0.036508
2.17927,0.2058,0.803356,0.214423
-0.894015,0.802769,0.375619,0.085588
-0.436884,0.651356,0.623414,0.085927
-0.431254,0.898099,0.137428,0.005001
3.224677,0.23885,0.245442,0.379853
2.056927,0.224281,0.84108,0.929966
1.096661,0.370138,0.654996,0.949461
-1.023996,0.587301,0.618132,0.907374
0.825796,0.982252,0.981141,0.79378
1.664994,0.23451,0.504929,0.332439
-0.559429,0.810464,0.163167,0.232461
0.929988,0.361805,0.938185,0.989743
1.696411,0.459947,0.784732,0.645693
0.229185,0.256278,0.008763,0.864241
1.800476,0.311461,0.658734,0.173569
-0.649518,0.674089,0.18119,0.30251
0.712035,0.127186,0.172519,0.622425
0.723204,0.84691,0.488864,0.275981
-1.212651,0.604862,0.045869,0.964068
1.426912,0.320215,0.578946,0.69417
1.481769,0.343632,0.038927,0.744679
1.313832,0.174304,0.11045,0.165717
-0.266034,0.818627,0.792738,0.559133
1.110207,0.401114,0.072717,0.002081
1.793941,0.484,0.476738,0.534478
0.084475,0.850745,0.731532,0.720877
0.440278,0.550686,0.309585,0.027001
1.686645,0.627326,0.544876,0.233919
0.989612,0.376671,0.238653,0.234012
1.161179,0.525426,0.349268,0.965879
0.092259,0.02943,0.630634,0.818898
-0.752083,0.736989,0.468479,0.077152
2.099336,0.198834,0.658701,0.32106
0.717742,0.417486,0.2701,0.701032
2.583514,0.245185,0.598462,0.833069
0.649857,0.531949,0.302808,0.477876
0.696925,0.016603,0.479072,0.091062
0.463496,0.045075,0.428458,0.860615
0.449904,0.798353,0.756971,0.307741
0.372195,0.563327,0.333337,0.551572
0.799692,0.949097,0.659993,0.998851
1.269333,0.425803,0.697201,0.940252
1.546739,0.283528,0.814458,0.505799
-0.138818,0.595016,0.463561,0.760223
0.439737,0.595638,0.940869,0.951265
2.260571,0.154262,0.811815,0.273533
0.109004,0.835547,0.647933,0.731876
1.979118,0.322562,0.716685,0.598655
0.25535,0.507956,0.64444,0.92935
-0.578115,0.573488,0.436606,0.950688
1.505642,0.355131,0.582286,0.647269
1.711765,0.291115,0.496431,0.376597
0.954856,0.395445,0.111514,0.093349
1.827624,0.490624,0.495136,0.364404
-0.127176,0.678993,0.909636,0.942335
0.431435,0.775383,0.8936,0.380732
-0.60401,0.668536,0.808049,0.765142
1.917996,0.244993,0.611967,0.758742
0.88123,0.065574,0.856923,0.1683
-0.682055,0.480041,0.39518,0.881952
1.417143,0.115988,0.626161,0.912601
0.858756,0.766507,0.184773,0.424287
-0.09648,0.597081,0.422285,0.419863
1.442699,0.193716,0.539433,0.735337
0.191535,0.818955,0.337477,0.077974
0.818469,0.693883,0.563497,0.339757
2.22634,0.362818,0.737765,0.282367
1.385809,0.754183,0.966626,0.261645
3.148784,0.274541,0.855168,0.427447
1.044625,0.092334,0.952276,0.126847
1.724651,0.173397,0.498921,0.353924
2.004329,0.141687,0.791268,0.009832
-0.692116,0.796436,0.303019,0.287033
0.181262,0.94127,0.136663,0.184576
1.400115,0.128298,0.505379,0.346153
0.834707,0.682874,0.749118,0.331997
1.709801,0.239272,0.748867,0.079736
0.053424,0.850686,0.796409,0.018175
-1.24562,0.702397,0.620404,0.978429
1.932795,0.317298,0.465584,0.0611
0.596511,0.064293,0.5245,0.660144
1.865976,0.082591,0.356122,0.395051
0.074631,0.521535,0.469781,0.148424
0.766945,0.061136,0.114507,0.094438
0.647104,0.8937,0.861946,0.312156
1.437131,0.347619,0.929922,0.931995
0.590792,0.602435,0.10016,0.20816
1.860599,0.311585,0.020386,0.098777
-0.22242,0.799492,0.026415,0.453162
0.120983,0.651346,0.630958,0.513674
0.272032,0.807673,0.276547,0.415295
1.112358,0.36411,0.027185,0.50081
1.448771,0.939943,0.498208,0.52631
0.747739,0.447774,0.928239,0.779722
0.713145,0.55464,0.803535,0.790525
2.68899,0.314184,0.802797,0.27261
-1.012867,0.763487,0.878192,0.098761
2.400005,0.325901,0.532299,0.703005
-0.416031,0.858368,0.434333,0.243907
-0.442853,0.977804,0.276348,0.66152
2.09747,0.164779,0.830134,0.800915
0.992518,0.245207,0.026672,0.112364
-0.176217,0.610542,0.869402,0.343157
-0.095945,0.781268,0.732944,0.79238
1.977125,0.164711,0.177415,0.504434
0.442167,0.461401,0.75311,0.674001
2.092756,0.091237,0.97766,0.053902
0.044816,0.473626,0.276445,0.930931
2.528445,0.407188,0.787942,0.393109
0.70904,0.830179,0.212353,0.224865
2.641548,0.426428,0.986297,0.598707
1.400013,0.520018,0.922434,0.191137
0.091421,0.682391,0.601941,0.541892
2.931262,0.347818,0.857671,0.365996
1.437638,0.405344,0.343868,0.172143
-0.389172,0.880581,0.055295,0.997764
0.627331,0.935611,0.885575,0.273136
1.339241,0.412796,0.243995,0.276155
1.094538,0.16963,0.184714,0.983955
1.48668,0.148492,0.746101,0.241161
-0.356599,0.742411,0.434318,0.950744
0.678105,0.774117,0.788427,0.52001
0.829729,0.959895,0.236649,0.161282
1.219413,0.113562,0.090189,0.667895
0.445732,0.51025,0.233412,0.396516
-1.410772,0.79224,0.529951,0.732025
0.983097,0.389741,0.233246,0.625374
2.445751,0.283236,0.192369,0.416451
0.063869,0.721214,0.987384,0.97684
-0.379303,0.771866,0.583933,0.342073
0.956201,0.158131,0.279858,0.578125
1.352093,0.574812,0.755408,0.715549
1.491651,0.432059,0.506022,0.17465
0.299419,0.99783,0.238072,0.852687
0.399598,0.425889,0.144924,0.645457
0.13987,0.582111,0.20888,0.283724
0.050132,0.759196,0.854218,0.017805
1.77709,0.382765,0.3793,0.356851
1.831838,0.017854,0.926771,0.456839
2.02921,0.373586,0.820644,0.642218
2.73712,0.025371,0.985539,0.164168
0.207995,0.707354,0.808277,0.820685
2.932273,0.265193,0.88438,0.240769
2.550622,0.175639,0.852725,0.058242
0.385211,0.810451,0.299275,0.45816
1.000842,0.481258,0.797936,0.143505
-0.727193,0.808856,0.514713,0.861747
2.149735,0.045204,0.959192,0.378604
1.10371,0.034818,0.743485,0.852166
1.112122,0.144745,0.292333,0.974862
-0.758033,0.730357,0.638895,0.862318
1.696196,0.113764,0.210741,0.580164
0.185057,0.982504,0.408232,0.784389
0.210603,0.931697,0.729681,0.635727
0.752935,0.859148,0.732458,0.511818
-0.402525,0.825216,0.114613,0.442921
0.561692,0.78829,0.599781,0.461148
-0.598435,0.694997,0.24583,0.627483
1.803202,0.437385,0.302397,0.906665
0.743473,0.952462,0.143274,0.505419
1.746541,0.293431,0.891542,0.854976
1.440598,0.383297,0.485756,0.221486
2.094716,0.125429,0.702637,0.550982
1.644323,0.27839,0.413738,0.602744
1.704512,0.418838,0.202628,0.578026
0.532823,0.891526,0.425411,0.162657
-0.576462,0.657587,0.166978,0.32454
0.702496,0.571387,0.574846,0.546381
0.007589,0.651114,0.633106,0.606631
-0.568344,0.577399,0.723618,0.899174
-0.488277,0.640701,0.177792,0.871388
1.628135,0.156542,0.256809,0.823626
0.893313,0.992119,0.29694,0.55562
-0.034609,0.953172,0.381473,0.014756
2.166309,0.315338,0.552501,0.358546
1.369706,0.482817,0.028904,0.371543
0.628622,0.886357,0.464256,0.813787
2.763752,0.076328,0.574935,0.5144
0.798017,0.482127,0.442357,0.265304
1.526844,0.982427,0.929926,0.289277
1.304911,0.192614,0.373127,0.202557
-0.977049,0.903394,0.387189,0.002935
1.692518,0.207269,0.089498,0.780477
0.700957,0.486447,0.169162,0.015021
2.4891,0.329961,0.719768,0.640002
0.700776,0.340733,0.689297,0.911302
-0.353988,0.845422,0.564033,0.822109
1.912679,0.162706,0.715325,0.624709
1.544293,0.22253,0.159709,0.806035
-0.840805,0.768963,0.0362,0.545206
0.267739,0.85073,0.629901,0.478996
1.324471,0.182885,0.252991,0.514713
0.112673,0.805489,0.644379,0.687271
0.090505,0.655219,0.102352,0.708021
0.456248,0.786548,0.923194,0.424019
0.091351,0.596369,0.651564,0.674568
-0.970717,0.909469,0.156995,0.996496
0.247236,0.561727,0.489701,0.781229
-0.13992,0.789675,0.328639,0.502402
0.197628,0.992183,0.055553,0.350839
2.778805,0.171325,0.869102,0.404622
-0.637653,0.765834,0.409966,0.068077
0.458164,0.395704,0.783134,0.887126
1.545819,0.350409,0.423941,0.59328
0.76952,0.764267,0.851528,0.356342
1.000794,0.514108,0.450698,0.507622
0.019602,0.875861,0.238341,0.247837
0.719306,0.513116,0.501263,0.72628
2.735385,0.101092,0.906356,0.273206
1.84951,0.402169,0.834947,0.783355
1.620352,0.12263,0.48503,0.725102
1.604917,0.244314,0.484783,0.736658
-1.257578,0.696072,0.488356,0.099349
-0.314929,0.830816,0.520888,0.751183
1.995899,0.170842,0.963787,0.14123
0.853451,0.468261,0.733515,0.978097
-0.783962,0.757632,0.030613,0.964141
-1.100455,0.898987,0.236797,0.84943
0.658762,0.55566,0.822126,0.920824
-0.040702,0.6155,0.769329,0.023178
0.956519,0.487623,0.615254,0.219672
1.758842,0.143317,0.505451,0.199877
0.827729,0.480931,0.600113,0.793901
0.64627,0.501839,0.978016,0.76469
0.389375,0.672691,0.977562,0.27357
-0.308381,0.720094,0.67613,0.391598
-0.1734,0.740236,0.912701,0.680653
-0.241031,0.866037,0.455228,0.151056
1.463251,0.144866,0.492848,0.143164
0.293646,0.855028,0.136129,0.80036
1.055842,0.193136,0.051593,0.430332
1.347693,0.113919,0.584525,0.61116
0.711736,0.980533,0.764179,0.433625
2.567291,0.122943,0.476841,0.639377
2.684545,0.175559,0.477985,0.249131
-0.346936,0.878135,0.79315,0.757836
0.339415,0.782297,0.502822,0.191002
-0.759381,0.995425,0.060387,0.875919
-1.303264,0.727372,0.485658,0.61879
1.607954,0.294556,0.677137,0.73537
1.203815,0.359098,0.432497,0.04172
-0.078764,0.775964,0.451982,0.566898
1.109563,0.374649,0.27052,0.145538
1.035922,0.489744,0.755141,0.142461
0.140501,0.334237,0.09932,0.692917
2.365466,0.267068,0.619569,0.501323
0.72653,0.844045,0.017924,0.374772
1.308982,0.066786,0.520451,0.871999
0.525934,0.026557,0.325888,0.827857
0.085055,0.708164,0.210557,0.268364
-0.418944,0.622945,0.063387,0.976199
-0.792893,0.673823,0.602548,0.935795
1.299673,0.336931,0.736754,0.834186
0.805267,0.734737,0.937559,0.453572
-0.01128,0.624012,0.61068,0.387062
-0.694828,0.662656,0.820218,0.906513
0.718095,0.754273,0.89011,0.917293
1.806254,0.496636,0.455437,0.77867
3.101063,0.333252,0.545962,0.516375
-0.526486,0.913736,0.040905,0.697533
0.524536,0.962554,0.735119,0.985598
-0.21096,0.969622,0.531782,0.798894
2.215265,0.442366,0.677941,0.738962
0.757014,0.430582,0.084116,0.879784
0.464792,0.965443,0.718001,0.853721
2.077505,0.035592,0.829007,0.358234
1.450105,0.477498,0.650087,0.385366
0.027944,0.652037,0.231458,0.466999
1.391194,0.750571,0.935559,0.315208
2.266548,0.310911,0.785505,0.367787
1.130388,0.455611,0.246051,0.347467
0.427075,0.551239,0.649589,0.023057
2.022208,0.270654,0.753526,0.746389
-0.437664,0.903512,0.302673,0.230585
1.666249,0.205403,0.482082,0.568336
2.071785,0.211336,0.59471,0.167793
1.517905,0.179237,0.312879,0.790424
2.099209,0.270294,0.918462,0.933835
0.466377,0.614274,0.805962,0.411245
1.457266,0.329673,0.557066,0.609629
0.121541,0.278959,0.034542,0.867849
-0.52364,0.638672,0.505727,0.041875
1.730526,0.531392,0.956815,0.826643
1.369093,0.286452,0.19795,0.116461
1.234641,0.300574,0.198066,0.872004
1.426786,0.075756,0.859017,0.036135
1.437616,0.184869,0.890548,0.856334
-0.090815,0.822955,0.479599,0.582058
0.638377,0.660935,0.234015,0.345668
0.768004,0.557953,0.045567,0.590389
1.485788,0.278934,0.203331,0.830943
-0.021814,0.860454,0.705887,0.243706
1.167088,0.416468,0.673692,0.048559
0.292098,0.678056,0.449914,0.405905
-0.479873,0.843922,0.841772,0.298476
0.615767,0.814719,0.698283,0.202436
1.043881,0.712321,0.61217,0.283175
1.051325,0.494889,0.586158,0.404586
2.799339,0.205062,0.223331,0.52344
-0.214274,0.599609,0.244608,0.42558
-0.060213,0.897996,0.307307,0.134519
1.030537,0.371903,0.642266,0.11685
0.981092,0.336872,0.143813,0.760439
2.417676,0.337483,0.602205,0.394288
1.679379,0.146441,0.46265,0.842222
3.185898,0.245,0.121952,0.369531
1.154119,0.221535,0.968748,0.813895
1.901424,0.265065,0.301253,0.298123
1.41889,0.350063,0.017842,0.845293
2.990525,0.189982,0.852609,0.169234
-0.99632,0.716858,0.508492,0.647885
-0.106961,0.762382,0.697635,0.741302
2.542071,0.210031,0.850454,0.363286
1.130265,0.004112,0.765071,0.368907
1.114659,0.468759,0.53479,0.487867
1.211657,0.036512,0.913168,0.556103
1.168618,0.09524,0.057188,0.678265
-0.985062,0.76882,0.606367,0.815411
1.827398,0.151179,0.338721,0.036638
-0.78124,0.756616,0.0208,0.173299
0.033248,0.56225,0.064286,0.836231
1.492342,0.278637,0.432178,0.019655
0.755666,0.434585,0.233316,0.447541
0.810777,0.576372,0.79363,0.453456
1.177907,0.44153,0.318522,0.414972
0.052277,0.716907,0.466159,0.378454
-0.315016,0.71609,0.433501,0.449792
2.050707,0.054765,0.207903,0.616691
1.704909,0.073735,0.167826,0.818396
0.217687,0.419568,0.313872,0.944904
-0.153344,0.928625,0.473806,0.774371
0.078939,0.950352,0.579442,0.067852
1.045744,0.10946,0.39303,0.744586
0.430025,0.588211,0.390665,0.018516
0.377916,0.636254,0.889092,0.566263
-1.094921,0.64502,0.449175,0.973133
0.019735,0.71548,0.453597,0.155606
0.335555,0.859594,0.135503,0.224255
1.757197,0.590177,0.538772,0.447338
0.803676,0.477384,0.812662,0.660845
0.283589,0.478148,0.149009,0.813042
0.142295,0.829231,0.213734,0.225708
0.56984,0.519857,0.268947,0.641779
1.840812,0.128835,0.596447,0.240077
0.814647,0.67874,0.860274,0.733207
0.546669,0.956178,0.666397,0.058735
0.849561,0.700355,0.974208,0.642501
1.61791,0.163177,0.811192,0.735269
0.807357,0.549533,0.308284,0.433696
-0.141787,0.668487,0.570883,0.008442
1.058459,0.500586,0.025373,0.264895
1.833617,0.355857,0.450678,0.053335
0.626538,0.507175,0.563211,0.975503
0.842879,0.179125,0.785842,0.845449
0.711488,0.625191,0.327577,0.402599
0.582125,0.602365,0.494213,0.152422
1.940006,0.461695,0.571625,0.103005
0.346721,0.702508,0.410643,0.624278
3.315722,0.236404,0.240885,0.309542
0.869433,0.209293,0.633314,0.965495
-1.053947,0.6248,0.373702,0.970861
-0.218481,0.848724,0.657918,0.568454
1.777532,0.533307,0.797151,0.270542
-0.128459,0.000103,0.478658,0.934268
0.224488,0.373409,0.704187,0.741773
-0.199166,0.721516,0.376101,0.138642
1.394526,0.485477,0.109578,0.706568
-0.399312,0.668375,0.445163,0.206149
-0.619322,0.77376,0.531261,0.834031
1.47004,0.045459,0.551982,0.49509
1.737536,0.037043,0.481641,0.0981
0.313174,0.850552,0.311343,0.512606
1.062399,0.486102,0.165097,0.589205
-0.120999,0.797734,0.356113,0.668656
0.850297,0.615171,0.594535,0.480083
1.698804,0.396771,0.157129,0.325106
0.518941,0.216411,0.126978,0.929564
-0.49391,0.681297,0.832508,0.741262
-0.048876,0.905982,0.768493,0.895609
0.538265,0.04854,0.097184,0.843388
0.279546,0.94371,0.251911,0.834015
1.293654,0.005324,0.823902,0.746154
0.23926,0.529958,0.367164,0.854959
0.475685,0.784462,0.470354,0.281531
1.068732,0.015385,0.541692,0.587369
1.533145,0.029246,0.208567,0.430401
-0.27899,0.741348,0.46156,0.444903
0.301455,0.520014,0.575181,0.328449
1.942369,0.338369,0.261477,0.725276
1.246995,0.36998,0.130046,0.699759
2.425329,0.228031,0.279564,0.35122
0.834844,0.016808,0.397946,0.730614
1.699435,0.17573,0.011579,0.29788
-0.043256,0.986419,0.481718,0.825177
0.366077,0.865029,0.392752,0.729972
1.71309,0.148352,0.280756,0.27307
0.496001,0.99117,0.222021,0.102412
-0.501653,0.685497,0.620778,0.233979
1.611049,0.379188,0.400286,0.096318
-0.451913,0.750978,0.619422,0.827591
1.23398,0.367044,0.128587,0.681809
2.616776,0.310559,0.151957,0.370355
0.076348,0.695721,0.952148,0.488203
0.164119,0.894346,0.73568,0.356655
-0.206018,0.779336,0.4773,0.422035
0.926925,0.469654,0.536642,0.244643
1.663512,0.610493,0.008611,0.513178
0.1703,0.984475,0.29478,0.858304
1.675637,0.486019,0.81677,0.36574
0.024348,0.63184,0.57562,0.633711
1.30106,0.424882,0.406135,0.776349
-0.210801,0.879104,0.647243,0.178751
0.088535,0.662249,0.003695,0.925963
0.202308,0.026422,0.127437,0.135629
0.671439,0.712393,0.294793,0.621407
1.154189,0.081171,0.283042,0.473599
2.996833,0.166853,0.699433,0.338248
-0.032376,0.597275,0.483766,0.194958
1.260776,0.310284,0.047616,0.626766
0.479178,0.42079,0.463972,0.049248
2.044207,0.101128,0.476786,0.608121
1.220367,0.113773,0.45546,0.629186
-1.582801,0.743338,0.214269,0.305189
1.279674,0.061239,0.579808,0.773318
-0.699762,0.760102,0.140622,0.174886
1.144888,0.50527,0.237828,0.379971
0.50995,0.995451,0.602386,0.94647
0.432885,0.475071,0.433003,0.869356
2.544806,0.094124,0.88234,0.219913
1.968547,0.199024,0.134367,0.38053
-0.157797,0.821784,0.164318,0.068276
2.044669,0.4152,0.293194,0.23128
2.522196,0.353823,0.50869,0.853617
0.619318,0.911441,0.606744,0.521548
0.36566,0.963386,0.414039,0.643195
-0.5202,0.640209,0.196851,0.067402
-0.657928,0.755564,0.811981,0.113006
-0.878328,0.736279,0.331414,0.567615
1.082084,0.336546,0.58163,0.921853
0.732341,0.464114,0.900452,0.660455
-0.718153,0.940259,0.445183,0.857078
1.145874,0.092135,0.606311,0.813414
2.467733,0.041591,0.286514,0.42849
0.822261,0.671995,0.966691,0.144563
0.872309,0.606328,0.819963,0.480149
2.240539,0.384405,0.082695,0.32428
1.826451,0.173608,0.954243,0.814677
-0.825832,0.743323,0.790684,0.852518
0.712663,0.850252,0.917033,0.387985
0.677052,0.579106,0.171935,0.707843
0.152874,0.961542,0.136387,0.047668
-0.652021,0.64167,0.157581,0.937721
-0.191855,0.540752,0.339121,0.038732
0.120872,0.711551,0.307854,0.6005
2.522609,0.459911,0.590625,0.232357
1.287471,0.009745,0.340324,0.19993
0.840274,0.750542,0.821436,0.756062
-0.223836,0.196278,0.180073,0.019385
1.625066,0.250868,0.321167,0.127032
-0.767701,0.537573,0.658894,0.893504
1.191366,0.385387,0.417256,0.045251
0.194115,0.668091,0.763013,0.518691
0.887076,0.081065,0.333776,0.964035
-0.140785,0.922603,0.446675,0.895001
0.529145,0.259941,0.220365,0.996975
1.225569,0.796223,0.600016,0.482154
-0.503107,0.609967,0.117176,0.999267
0.850845,0.605591,0.094126,0.1596
1.128454,0.242381,0.426138,0.979536
2.238127,0.156352,0.858944,0.78091
0.897823,0.998609,0.668666,0.07659
-0.585424,0.86715,0.284238,0.961461
1.066267,0.950152,0.241574,0.434267
2.03201,0.138627,0.171378,0.214855
0.563249,0.594586,0.703001,0.114057
0.847744,0.211106,0.571884,0.836263
0.692778,0.134795,0.341534,0.970236
2.020411,0.30684,0.9655,0.828296
0.81936,0.482531,0.492694,0.709539
0.648324,0.396197,0.248066,0.048702
0.657875,0.025561,0.797226,0.4541
-0.308728,0.610141,0.256295,0.804081
0.173756,0.722949,0.838609,0.406854
0.649909,0.788,0.406603,0.577145
-0.691259,0.847359,0.324868,0.052293
1.575207,0.046774,0.310357,0.13216
1.700451,0.160167,0.763772,0.116987
2.50416,0.11935,0.911922,0.338967
0.580106,0.603975,0.474025,0.439575
-1.866982,0.722959,0.125237,0.888341
2.083015,0.265696,0.501761,0.334845
1.511107,0.595475,0.15696,0.512308
-0.532158,0.670853,0.614943,0.893184
1.30459,0.142943,0.637493,0.049742
2.06253,0.180956,0.632498,0.585208
1.317313,0.345174,0.378289,0.676816
0.064795,0.680429,0.302763,0.266116
-0.483739,0.543599,0.225471,0.049466
2.19379,0.397874,0.770107,0.106683
-0.215225,0.867573,0.548482,0.772913
2.009999,0.417945,0.191545,0.793917
-1.132434,0.738921,0.536191,0.966934
-0.898702,0.828548,0.512109,0.852028
-0.29032,0.615067,0.236991,0.606283
1.50507,0.192595,0.473782,0.091998
0.747193,0.661717,0.85411,0.470812
0.726466,0.748163,0.433101,0.233637
2.176291,0.383722,0.604371,0.675515
1.496725,0.208508,0.4041,0.907089
-0.485274,0.748166,0.298453,0.95995
1.230906,0.469817,0.621763,0.480724
1.780474,0.137264,0.387746,0.6128
1.193556,0.483737,0.123878,0.331775
2.307834,0.316965,0.717797,0.7246
1.888915,0.277529,0.672483,0.169826
0.439615,0.159227,0.308127,0.98468
1.013706,0.95042,0.338517,0.195495
2.292467,0.148185,0.773424,0.746284
0.774326,0.442168,0.333979,0.902217
0.835965,0.438898,0.099972,0.786271
1.673819,0.139388,0.00846,0.333896
1.198668,0.327502,0.407232,0.241184
2.05367,0.295112,0.658449,0.151806
0.905946,0.624076,0.700955,0.591773
-0.340763,0.799589,0.266161,0.542332
1.782838,0.446463,0.345704,0.348728
1.069269,0.41857,0.31623,0.102851
-0.976231,0.90342,0.119491,0.956357
0.975013,0.63236,0.672355,0.528164
1.128332,0.546116,0.446792,0.213974
0.667819,0.844127,0.740208,0.796303
1.072287,0.189909,0.35001,0.589113
0.672412,0.506545,0.16175,0.936269
1.393792,0.429964,0.099763,0.422431
1.226415,0.544799,0.58009,0.510113
0.803644,0.789684,0.916833,0.777052
0.794993,0.881728,0.422644,0.603696
0.805113,0.286426,0.183996,0.987848
0.008937,0.731757,0.748121,0.884977
0.086721,0.891038,0.477979,0.894588
-0.180986,0.797447,0.108307,0.594112
-1.115806,0.647603,0.158009,0.227832
0.327764,0.541523,0.289694,0.97308
2.109711,0.160186,0.973936,0.214739
0.513725,0.995408,0.229833,0.301345
-0.406711,0.068926,0.23414,0.754416
2.616359,0.511272,0.947375,0.495642
1.266098,0.200197,0.516976,0.672273
1.099035,0.433388,0.496882,0.928928
-0.220204,0.749376,0.317248,0.672056
0.408052,0.804549,0.796209,0.355136
-0.070825,0.041056,0.7648,0.698568
0.521013,0.95021,0.638681,0.846445
1.728064,0.252883,0.719858,0.087547
0.275499,0.625006,0.033293,0.322189
0.601243,0.066888,0.259995,0.455937
1.518489,0.317546,0.308438,0.933955
-0.885779,0.697682,0.204409,0.850894
1.844679,0.037933,0.779326,0.166421
1.736128,0.133361,0.499668,0.709828
1.511426,0.378947,0.029443,0.83151
0.073515,0.766341,0.010501,0.563969
1.79152,0.958184,0.783087,0.354556
1.158657,0.254079,0.573295,0.795376
-0.047485,0.415738,0.35226,0.986805
1.375887,0.529219,0.934014,0.329297
-0.373173,0.609652,0.320417,0.789505
0.355749,0.399315,0.182404,0.653227
1.131253,0.3788,0.633852,0.649388
2.675347,0.187826,0.683068,0.26257
-0.160306,0.766258,0.685515,0.975953
1.934649,0.232823,0.693141,0.026342
2.805183,0.123229,0.704451,0.449428
2.737813,0.278502,0.850999,0.809736
0.121969,0.915475,0.022049,0.43381
0.572411,0.561474,0.831182,0.575202
0.412608,0.144498,0.594652,0.752514
0.57631,0.425458,0.314023,0.991627
-0.800238,0.736382,0.564507,0.046431
2.354701,0.216259,0.205788,0.303209
0.314733,0.438052,0.497682,0.887249
1.307182,0.153963,0.047338,0.442221
-0.212258,0.618547,0.283182,0.62092
0.273321,0.007967,0.904228,0.012143
-0.225166,0.751782,0.3948,0.928948
1.194397,0.259755,0.12687,0.242359
-0.227618,0.76353,0.638958,0.552396
0.352314,0.932834,0.324292,0.935596
1.218402,0.550132,0.753358,0.244855
-0.235669,0.781201,0.062393,0.824054
1.979908,0.197124,0.604967,0.394683
0.283498,0.51955,0.482281,0.805962
0.012939,0.63131,0.573189,0.881154
0.493318,0.007297,0.724016,0.393601
0.1781,0.529069,0.933402,0.080745
-0.220669,0.877253,0.440801,0.771788
0.257797,0.598872,0.825027,0.806616
1.941681,0.342689,0.661822,0.470379
-0.626616,0.719823,0.749541,0.843292
-0.790455,0.706671,0.176642,0.930856
1.419725,0.022972,0.386607,0.111653
-0.340646,0.687972,0.627526,0.223821
2.357468,0.268734,0.778301,0.441254
0.927888,0.472123,0.066329,0.867557
0.782273,0.523689,0.217491,0.592857
1.650327,0.284783,0.011618,0.28763
1.73882,0.1308,0.842571,0.212508
1.145135,0.369955,0.071428,0.430713
0.86841,0.696805,0.970407,0.422651
-0.028614,0.007611,0.008404,0.068499
-0.682707,0.808239,0.137808,0.530281
-0.23371,0.715781,0.657228,0.455457
1.862385,0.141315,0.454918,0.665424
1.003143,0.537324,0.408658,0.199692
0.866053,0.295279,0.216359,0.635522
-0.520769,0.757109,0.405755,0.670294
1.38547,0.685218,0.924501,0.444853
0.702399,0.792654,0.803267,0.801911
1.698347,0.261558,0.256875,0.129142
1.237835,0.436794,0.723357,0.962701
0.417255,0.866602,0.931155,0.153498
-0.053091,0.685874,0.314051,0.76895
-0.657105,0.875593,0.462173,0.604629
-0.662599,0.661538,0.256714,0.08862
2.149033,0.989822,0.970194,0.423428
1.412118,0.283483,0.624766,0.599155
0.09042,0.989397,0.240665,0.134492
1.454307,0.636021,0.190715,0.321538
0.417274,0.796566,0.801159,0.912422
2.828514,0.182568,0.801891,0.446531
1.731717,0.425407,0.384454,0.861381
1.26159,0.368681,0.327177,0.317264
0.726818,0.170725,0.811425,0.978216
2.608718,0.210762,0.809285,0.215692
0.268228,0.483257,0.167331,0.79746
0.818548,0.534057,0.061582,0.499979
2.858486,0.363231,0.927748,0.202865
2.441827,0.114447,0.549012,0.3915
0.343015,0.760299,0.177116,0.575087
1.483888,0.114781,0.452847,0.144792
-0.19592,0.820136,0.311153,0.492243
1.884518,0.28476,0.490405,0.592747
2.184769,0.481477,0.990828,0.318404
0.193822,0.736128,0.83771,0.760663
0.451945,0.62927,0.108191,0.269211
0.648636,0.647514,0.000848,0.195321
0.916126,0.429393,0.533626,0.797897
1.501039,0.011641,0.0101,0.093522
1.200309,0.483928,0.794093,0.691633
0.719368,0.997466,0.003535,0.446779
0.033919,0.000297,0.219459,0.294056
1.436133,0.416514,0.773491,0.298579
1.61605,0.298522,0.65773,0.056284
-0.04458,0.884276,0.807842,0.813312
-0.514194,0.05118,0.064822,0.155048
1.999822,0.187589,0.538041,0.22241
-0.102425,0.595851,0.652775,0.333642
0.584755,0.969235,0.402494,0.300472
0.291507,0.627418,0.963816,0.22138
0.893544,0.993101,0.612155,0.069074
0.142125,0.856657,0.155039,0.551644
-0.206138,0.71957,0.430952,0.424998
-0.130269,0.329994,0.533164,0.658971
1.615459,0.085435,0.107883,0.925895
0.266613,0.209598,0.423559,0.881019
-0.477635,0.735752,0.395509,0.844989
1.805636,0.417694,0.714994,0.714569
0.143005,0.568661,0.449701,0.598093
0.03933,0.710439,0.219472,0.494856
0.776379,0.905596,0.549264,0.47819
2.03504,0.081181,0.719728,0.38057
1.52136,0.424679,0.604348,0.656799
1.42748,0.402061,0.941468,0.116979
2.098236,0.297094,0.3437,0.383835
2.033816,0.273907,0.928023,0.175679
1.188647,0.07706,0.193405,0.3053
1.553834,0.495965,0.591064,0.479109
0.582499,0.94365,0.978332,0.061565
0.340115,0.479599,0.174537,0.7486
1.437751,0.149785,0.813828,0.016631
0.480572,0.592405,0.140691,0.293832
2.381301,0.037245,0.834544,0.499039
0.245903,0.854807,0.476868,0.76971
0.489576,0.879399,0.346933,0.484831
-0.293116,0.634756,0.52685,0.458056
1.308733,0.924046,0.851464,0.157801
1.062856,0.891413,0.268633,0.215945
1.175773,0.054563,0.443269,0.6379
-1.013338,0.839489,0.606117,0.797299
1.242667,0.385804,0.663275,0.792234
0.720426,0.569325,0.21205,0.556323
2.516224,0.088577,0.728629,0.390007
0.417106,0.843198,0.464771,0.115884
0.76053,0.611763,0.492072,0.838652
2.068033,0.028226,0.98677,0.785824
0.164171,0.494983,0.646011,0.930436
0.53863,0.782264,0.804809,0.086116
2.415601,0.394355,0.412789,0.094267
-0.224287,0.751556,0.227798,0.162163
2.513142,0.284382,0.341593,0.545482
1.220131,0.277079,0.070156,0.044352
1.062213,0.152396,0.478981,0.18007
0.379876,0.510136,0.294472,0.665916
1.248764,0.467626,0.904074,0.318449
1.286341,0.113314,0.803294,0.095519
1.188687,0.111818,0.566405,0.057952
-0.303826,0.777846,0.637748,0.635457
0.647827,0.97828,0.299746,0.788505
2.290331,0.112418,0.793004,0.524235
-0.562657,0.109653,0.195611,0.926351
1.030109,0.078109,0.435288,0.839033
2.645498,0.247555,0.067714,0.604202
-0.082048,0.691339,0.170989,0.788992
1.370095,0.71404,0.980207,0.418229
0.927398,0.739545,0.982811,0.376326
2.482952,0.161052,0.896099,0.252133
1.037774,0.141967,0.524646,0.379496
0.244519,0.079029,0.294404,0.116738
-0.233757,0.666815,0.479384,0.65385
-0.32729,0.696676,0.971731,0.974009
1.576274,0.105693,0.403931,0.595605
0.60682,0.479254,0.476318,0.406963
-0.758379,0.776636,0.286232,0.842352
1.657544,0.475404,0.040054,0.266712
2.40872,0.114006,0.974438,0.824908
1.680944,0.329477,0.316777,0.4877
1.396748,0.183946,0.163082,0.220611
2.552587,0.288217,0.968347,0.548186
1.178631,0.542739,0.484865,0.509435
-0.356933,0.648026,0.068777,0.114018
-0.311979,0.687923,0.163792,0.696132
0.658169,0.740749,0.59547,0.452031
2.57134,0.474155,0.829959,0.771457
1.755491,0.19827,0.45266,0.247201
-0.492231,0.875228,0.451217,0.358556
0.85097,0.327734,0.560739,0.425282
-0.138466,0.528778,0.082835,0.141886
0.17204,0.394383,0.236331,0.947913
0.408625,0.614156,0.335295,0.065146
0.351629,0.084883,0.669774,0.892746
0.521187,0.836535,0.976327,0.996732
1.184047,0.42784,0.180372,0.764499
1.659533,0.312669,0.516645,0.804855
0.237226,0.608488,0.540795,0.073344
2.480738,0.219947,0.794527,0.697203
1.721354,0.045964,0.563608,0.590598
1.123814,0.570575,0.943286,0.356322
0.371409,0.854509,0.489721,0.531422
-0.029857,0.576275,0.078854,0.557269
-0.043507,0.809875,0.397739,0.623117
3.360198,0.211985,0.819413,0.448634
-0.15559,0.645308,0.071589,0.006036
1.209728,0.9011,0.834767,0.583663
2.393745,0.241609,0.951695,0.333386
1.110648,0.098049,0.483212,0.452224
1.638667,0.211263,0.386155,0.734223
0.503306,0.690155,0.503153,0.278391
0.496752,0.84663,0.299823,0.768402
-0.355719,0.397319,0.021529,0.95412
1.653497,0.134979,0.57476,0.329342
2.003583,0.371354,0.887958,0.689199
0.535563,0.817493,0.46689,0.59076
1.239483,0.617751,0.704006,0.385511
1.80074,0.235865,0.23821,0.478412
0.681188,0.461926,0.304295,0.478148
1.310669,0.624544,0.728968,0.438784
0.939817,0.063924,0.690342,0.70149
1.946362,0.162136,0.707707,0.392403
1.160468,0.412897,0.532978,0.837811
1.986063,0.068155,0.838216,0.30984
-1.060362,0.626142,0.032079,0.167121
-0.848685,0.901854,0.301305,0.87781
1.21816,0.103475,0.581709,0.893678
1.544971,0.092201,0.333064,0.615723
1.070092,0.799987,0.970878,0.711484
0.612739,0.071454,0.640323,0.581818
1.115388,0.009404,0.788806,0.852422
2.110857,0.047081,0.970068,0.142204
-0.248024,0.800008,0.377785,0.765467
1.20209,0.098465,0.312912,0.493783
1.905483,0.962796,0.972279,0.103252
1.433533,0.975183,0.750261,0.178441
0.58288,0.87041,0.711163,0.589905
1.537501,0.851439,0.516701,0.489605
0.039769,0.021634,0.3282,0.99947
0.328885,0.019585,0.120079,0.885031
1.290459,0.527385,0.737468,0.669771
0.703198,0.00573,0.243297,0.397574
1.10452,0.204179,0.557248,0.083986
2.240277,0.484539,0.526213,0.56123
1.397548,0.506019,0.81371,0.536788
0.773411,0.497816,0.332785,0.974607
1.8716,0.990214,0.834133,0.12591
0.473173,0.601137,0.757598,0.961016
0.823472,0.506539,0.044421,0.697692
-0.4817,0.873017,0.042223,0.039279
2.525622,0.217485,0.125356,0.165001
-0.752333,0.805073,0.583391,0.971947
-1.0115,0.810914,0.010941,0.683732
-0.747397,0.83365,0.298838,0.786897
-1.130867,0.817427,0.619712,0.941274
2.305173,0.322649,0.448237,0.57193
0.216992,0.811149,0.333846,0.225823
0.248591,0.957003,0.286255,0.564614
0.375954,0.844978,0.315523,0.161604
0.159369,0.179701,0.027739,0.779283
-0.888258,0.617158,0.152571,0.915165
0.436631,0.037061,0.808156,0.46807
0.046383,0.957833,0.653403,0.732328
1.552435,0.249622,0.727919,0.024298
0.22364,0.691005,0.39443,0.303037
-0.054623,0.60833,0.383087,0.190319
-0.392394,0.751138,0.129983,0.480317
2.183399,0.313547,0.820868,0.516393
0.97986,0.42151,0.004236,0.472531
-0.446375,0.570852,0.13045,0.058488
-1.192447,0.742487,0.426464,0.653729
0.838716,0.629583,0.823728,0.22164
1.749311,0.457511,0.627475,0.459111
0.543543,0.149989,0.08355,0.93026
2.090385,0.216605,0.163906,0.026777
-0.787055,0.749759,0.385265,0.074006
2.458493,0.158655,0.944229,0.719799
0.543513,0.421332,0.334956,0.775274
1.289143,0.248319,0.337867,0.541708
-0.387598,0.749959,0.408443,0.718368
2.136844,0.413021,0.999532,0.37953
1.077151,0.983741,0.620402,0.40939
2.523626,0.125098,0.722712,0.230431
0.411781,0.436737,0.149023,0.165838
1.832761,0.071514,0.676545,0.441568
2.62053,0.294618,0.469737,0.497795
1.021659,0.069688,0.617868,0.714509
-0.827278,0.83762,0.040472,0.747721
1.348332,0.927067,0.423711,0.535408
0.65278,0.481197,0.221439,0.301116
2.161193,0.050127,0.909012,0.305674
0.04162,0.569124,0.235219,0.897167
1.573891,0.510575,0.671928,0.311691
2.447241,0.129685,0.928853,0.408209
0.195632,0.717526,0.896592,0.443673
-1.013113,0.760262,0.625373,0.695293
2.106747,0.240418,0.609084,0.593376
2.704398,0.305067,0.507266,0.513153
0.263979,0.11628,0.300167,0.996347
0.979074,0.755715,0.009921,0.363057
0.654896,0.902073,0.903592,0.774202
1.20849,0.1844,0.325596,0.265397
-0.326559,0.607068,0.116645,0.97973
0.864188,0.545287,0.127581,0.224402
1.544939,0.165184,0.541449,0.443123
0.004964,0.790822,0.59527,0.119732
1.979445,0.255479,0.81722,0.180597
2.201702,0.155813,0.636136,0.719396
0.151141,0.634449,0.616713,0.089147
-0.353743,0.538238,0.269073,0.642352
0.459158,0.095786,0.301207,0.996707
1.910585,0.527613,0.259777,0.319579
2.490428,0.158397,0.5718,0.230958
-0.850964,0.667852,0.176439,0.422601
1.689268,0.147947,0.109781,0.113182
0.944721,0.530429,0.64618,0.71335
2.281259,0.419434,0.616577,0.446953
1.719107,0.186217,0.383757,0.215715
0.219923,0.917875,0.056596,0.752071
1.794643,0.358679,0.639066,0.609434
0.496077,0.023542,0.339258,0.015773
0.128581,0.958849,0.514369,0.567363
1.621313,0.085764,0.783709,0.429518
1.030682,0.026763,0.143652,0.519369
0.070533,0.74817,0.64359,0.594077
0.409526,0.597618,0.019815,0.30498
2.431429,0.125991,0.981796,0.697454
1.337756,0.422073,0.350895,0.294755
2.273757,0.229253,0.737889,0.497371
2.288455,0.143715,0.765037,0.660092
-0.050642,0.679326,0.96782,0.928014
0.529324,0.411068,0.383952,0.988671
2.646368,0.436679,0.918616,0.551845
0.45718,0.471803,0.415665,0.789962
-0.328475,0.883428,0.840971,0.876132
1.330477,0.666282,0.892998,0.30784
-0.021255,0.631993,0.788748,0.17739
0.338056,0.032554,0.14045,0.877069
1.300995,0.911538,0.994122,0.959527
0.981434,0.660152,0.619319,0.441917
2.740506,0.512637,0.81231,0.51133
1.006397,0.933365,0.712371,0.157575
1.518167,0.373976,0.476725,0.506992
0.125841,0.739781,0.629156,0.196733
-1.308895,0.608683,0.179568,0.821936
1.411853,0.362339,0.582968,0.072151
0.60761,0.098494,0.59359,0.847481
0.570732,0.315383,0.420182,0.718971
1.480551,0.964937,0.905972,0.519602
1.838795,0.174891,0.415433,0.343059
1.628918,0.158895,0.547576,0.800074
1.460234,0.015026,0.373977,0.706199
1.047596,0.926058,0.785203,0.58916
0.907908,0.493749,0.380639,0.177783
0.815163,0.542344,0.822516,0.969293
0.147863,0.726271,0.752091,0.929914
-0.052573,0.808358,0.959056,0.176452
1.071677,0.34757,0.064999,0.396396
-0.443733,0.910487,0.564967,0.03119
-0.41173,0.689024,0.093235,0.089653
2.030497,0.961556,0.993434,0.469315
-0.942804,0.671686,0.300136,0.152113
0.153062,0.712419,0.441369,0.569127
0.380406,0.681225,0.908493,0.777244
-0.881073,0.570295,0.065483,0.140917
1.076164,0.495637,0.464182,0.084527
1.775886,0.025263,0.937835,0.486886
0.460226,0.506484,0.049955,0.767983
1.787719,0.271442,0.506074,0.930998
0.137589,0.632167,0.244731,0.757123
0.635148,0.618912,0.349218,0.594486
2.283165,0.111747,0.709189,0.680766
0.773944,0.358193,0.428317,0.927942
1.474986,0.424458,0.599617,0.50077
0.399639,0.898739,0.908981,0.21095
-0.648628,0.883982,0.125939,0.952036
0.926273,0.811721,0.693277,0.437901
1.364122,0.0201,0.056154,0.3828
1.520337,0.182617,0.172523,0.023665
0.626669,0.032352,0.527125,0.510231
1.411837,0.997646,0.976347,0.786348
1.57957,0.293569,0.611809,0.221982
1.532857,0.443596,0.8094,0.844517
0.067183,0.779809,0.857506,0.775107
1.392577,0.312256,0.467465,0.190881
-1.103197,0.118348,0.255786,0.988056
2.049894,0.37193,0.825843,0.595306
0.3685,0.857565,0.458663,0.327137
1.695979,0.954656,0.849475,0.703384
1.895325,0.233895,0.333425,0.123542
2.25938,0.250169,0.826883,0.139815
1.826783,0.991468,0.886367,0.38546
-0.273817,0.704359,0.210827,0.979486
-0.404748,0.797591,0.885217,0.862628
1.468593,0.155221,0.416166,0.855008
1.425261,0.154862,0.419898,0.170321
0.502956,0.54094,0.718139,0.819359
-0.434515,0.668691,0.598436,0.96717
0.233093,0.02537,0.801406,0.019738
2.343196,0.272919,0.817582,0.76711
1.076474,0.834917,0.474774,0.530109
0.126917,0.548351,0.042896,0.758243
0.384821,0.413984,0.164828,0.90407
-0.922426,0.842854,0.346711,0.77226
-0.73796,0.881323,0.454671,0.971579
0.862056,0.93873,0.159921,0.46597
2.746251,0.237811,0.888421,0.388721
0.664957,0.88759,0.654799,0.844439
0.860696,0.792726,0.971515,0.731417
1.961533,0.221391,0.7558,0.967513
1.034368,0.239789,0.068041,0.773677
2.357256,0.260043,0.441661,0.558615
0.153837,0.868452,0.714957,0.83717
-0.13625,0.706108,0.083446,0.323929
0.971438,0.169003,0.540857,0.956271
0.653507,0.486614,0.850012,0.963054
1.31734,0.068769,0.265223,0.652562
0.456256,0.859515,0.581775,0.448428
2.570885,0.248536,0.907056,0.982657
2.478613,0.236543,0.424628,0.511065
1.982306,0.092427,0.959757,0.014857
0.014327,0.033066,0.597936,0.914398
1.088512,0.500674,0.132953,0.660958
-0.015121,0.832102,0.538768,0.528542
0.757686,0.460168,0.273848,0.410312
2.190111,0.226934,0.826821,0.314666
2.336585,0.065673,0.535953,0.498284
1.249222,0.832064,0.985484,0.30811
0.43718,0.743369,0.6318,0.496204
0.821101,0.513196,0.92607,0.740337
1.563924,0.407705,0.96421,0.687723
0.870879,0.336407,0.24395,0.880529
2.540565,0.403576,0.83076,0.548637
1.961174,0.449188,0.061734,0.396829
0.80069,0.567332,0.382115,0.66552
1.826627,0.185445,0.417456,0.581895
1.309126,0.103607,0.84237,0.434853
2.332909,0.166313,0.465363,0.299186
1.35467,0.243176,0.064559,0.029619
0.752062,0.978162,0.279905,0.56565
0.862894,0.415128,0.493073,0.655666
1.818029,0.047925,0.873743,0.579529
0.030225,0.70454,0.712149,0.990396
-0.008562,0.747941,0.657421,0.039194
1.915073,0.118086,0.509153,0.413674
1.174441,0.4047,0.13388,0.112332
1.469693,0.447234,0.532054,0.269619
-0.387702,0.898293,0.493189,0.172653
0.904894,0.084644,0.187548,0.399088
0.324176,0.9691,0.192772,0.863151
1.986112,0.989549,0.410282,0.367838
0.873363,0.486135,0.62581,0.461068
0.358162,0.548635,0.107602,0.390329
-0.270362,0.681437,0.797791,0.150502
2.900064,0.314338,0.981229,0.810111
0.943841,0.36439,0.290092,0.896122
1.952932,0.112638,0.542666,0.44718
0.731572,0.386608,0.216111,0.035293
1.140255,0.140414,0.264765,0.156789
-0.331842,0.469344,0.548668,0.908429
1.595324,0.216027,0.448031,0.666929
-0.951284,0.714614,0.129887,0.202962
1.161002,0.182019,0.441843,0.818769
2.116627,0.470496,0.832132,0.453517
0.02172,0.717939,0.250313,0.110274
0.600294,0.962084,0.616949,0.383781
0.91956,0.825021,0.763472,0.509128
1.819137,0.018001,0.84101,0.270822
-0.574849,0.785565,0.026739,0.921839
0.104725,0.612699,0.087026,0.990084
0.576536,0.41612,0.728669,0.955774
0.847464,0.227169,0.86314,0.134464
0.844496,0.481573,0.185658,0.153444
0.539803,0.900275,0.912512,0.932341
0.652213,0.044378,0.43101,0.203663
1.653184,0.406354,0.36713,0.202953
1.065077,0.433866,0.778642,0.190602
0.666167,0.825507,0.914261,0.64367
1.385423,0.621969,0.977261,0.540149
1.44561,0.427021,0.095522,0.581999
-1.034696,0.805577,0.441057,0.921859
0.00505,0.453513,0.397733,0.090803
0.194096,0.71131,0.390135,0.257093
1.099355,0.890528,0.708248,0.197292
0.136722,0.673495,0.628356,0.608485
0.370489,0.656728,0.832155,0.895475
2.678255,0.131291,0.115952,0.68518
1.376174,0.01849,0.59415,0.857465
0.99681,0.413205,0.088037,0.514097
0.883935,0.558567,0.806521,0.639388
0.167852,0.881613,0.094192,0.419445
2.016775,0.014647,0.6349,0.387074
0.322812,0.005247,0.472246,0.905799
0.369606,0.613045,0.570254,0.938928
1.123541,0.523391,0.494832,0.512355
2.096345,0.412138,0.195181,0.737798
1.61246,0.491945,0.660901,0.473828
2.192358,0.371978,0.669675,0.323838
3.291704,0.244969,0.95127,0.195238
1.058804,0.008246,0.842118,0.403491
0.456682,0.546799,0.239583,0.547608
-0.27562,0.663077,0.706242,0.594664
0.599578,0.023422,0.128598,0.761265
1.641764,0.158391,0.702089,0.089192
2.898294,0.155131,0.942096,0.263165
1.316923,0.185381,0.343704,0.852776
0.254591,0.826612,0.881522,0.8069
2.011248,0.000127,0.407966,0.35999
2.352873,0.405364,0.98476,0.720745
0.823717,0.940149,0.987852,0.106213
0.633587,0.573503,0.985054,0.994747
1.832038,0.07293,0.71868,0.525111
2.655909,0.253253,0.094876,0.305248
0.440648,0.869156,0.209205,0.382621
1.383379,0.58923,0.617638,0.097015
2.61242,0.248912,0.923217,0.807685
1.664647,0.05421,0.630085,0.167605
-0.580305,0.889474,0.397194,0.080307
-1.105636,0.793702,0.489891,0.78828
0.401092,0.7931,0.919388,0.191166
1.751962,0.246275,0.301595,0.524035
2.014009,0.188133,0.117457,0.657576
0.59891,0.665732,0.310016,0.341464
0.112415,0.750061,0.841869,0.953446
1.279137,0.061355,0.502142,0.191985
2.021268,0.091037,0.478148,0.506784
-0.458731,0.609269,0.327879,0.141875
0.186093,0.740093,0.179749,0.131038
1.941025,0.421617,0.541621,0.34595
0.908312,0.065117,0.928963,0.817452
1.332043,0.915318,0.938012,0.810384
2.072096,0.366264,0.528071,0.574187
1.539099,0.503306,0.827133,0.633443
0.91149,0.459115,0.40398,0.899438
1.230681,0.431464,0.445757,0.79455
1.363024,0.908778,0.628642,0.576528
0.825868,0.521069,0.002277,0.238364
0.381429,0.922379,0.152104,0.533963
0.77866,0.93882,0.317383,0.808618
2.231843,0.175923,0.282057,0.400079
-0.961631,0.816867,0.146304,0.794664
-0.224609,0.913106,0.222787,0.243719
2.705692,0.168063,0.886605,0.411471
1.108402,0.491651,0.950027,0.723233
-0.396739,0.966616,0.212321,0.90172
0.977562,0.053733,0.124255,0.508856
1.264501,0.425772,0.405508,0.712517
2.119386,0.05345,0.759163,0.262544
2.420817,0.350575,0.637593,0.528594
0.743288,0.127163,0.561688,0.85288
1.537068,0.077195,0.143871,0.553296
1.735316,0.406279,0.488544,0.072393
0.835949,0.581896,0.875334,0.717606
0.695328,0.935962,0.569494,0.532752
1.544151,0.548709,0.726034,0.333774
-0.313909,0.842255,0.85204,0.925558
1.128008,0.907368,0.922703,0.035467
1.294541,0.575444,0.747332,0.585478
-0.158707,0.749881,0.93536,0.00519
0.603359,0.956486,0.853025,0.792894
-0.527195,0.807273,0.911614,0.018623
2.29711,0.215628,0.911144,0.959145
0.416498,0.791125,0.570549,0.30979
0.985065,0.531665,0.763496,0.569082
0.027416,0.457542,0.256936,0.542765
-0.114114,0.686432,0.24466,0.258803
0.927837,0.842328,0.953044,0.988525
0.332484,0.76313,0.353648,0.215607
0.618116,0.899375,0.542529,0.510515
0.927334,0.876673,0.98878,0.485868
0.002534,0.567698,0.160891,0.12433
1.462087,0.082587,0.763384,0.621557
1.654368,0.641708,0.875233,0.337745
0.814216,0.753558,0.659848,0.379996
0.370018,0.825492,0.249273,0.332707
1.60386,0.491527,0.434334,0.138904
-0.022798,0.602731,0.770654,0.342358
1.274621,0.933805,0.442741,0.330902
-0.332054,0.547857,0.459545,0.088608
-0.695522,0.902979,0.050463,0.285542
2.83409,0.105833,0.845631,0.312933
1.579127,0.34018,0.712655,0.797588
-0.952153,0.718278,0.417217,0.716439
2.93334,0.274002,0.912844,0.309227
1.01751,0.003107,0.850166,0.699282
0.343539,0.552795,0.941597,0.905956
1.237094,0.415926,0.385475,0.771801
2.697256,0.199916,0.950213,0.955662
2.270567,0.847891,0.312289,0.446547
-0.139583,0.728824,0.387422,0.267996
-0.076423,0.787343,0.085021,0.439412
1.991823,0.431374,0.92461,0.244071
1.610387,0.037789,0.455436,0.181523
-1.23511,0.74084,0.036085,0.877468
1.745529,0.05367,0.429444,0.8547
2.19888,0.448888,0.349723,0.371514
2.587344,0.089877,0.684872,0.327573
-0.239429,0.677885,0.391146,0.356047
0.272187,0.01439,0.988998,0.882989
0.63863,0.888543,0.882732,0.803976
0.341704,0.605974,0.407737,0.46385
-0.754956,0.770551,0.180576,0.916586
1.218654,0.471885,0.981462,0.158327
1.217442,0.099721,0.321678,0.930191
0.854387,0.848707,0.670878,0.34365
0.460802,0.709306,0.535715,0.240457
0.442662,0.912523,0.861351,0.672732
1.286858,0.329065,0.235747,0.185896
1.258183,0.302174,0.065988,0.847739
0.932555,0.463741,0.361663,0.628106
1.209912,0.968283,0.812608,0.22209
0.809074,0.696341,0.752888,0.633518
-1.095597,0.72595,0.353292,0.815056
1.125458,0.461544,0.305117,0.266803
-0.211056,0.755273,0.281414,0.242914
1.582318,0.412067,0.348579,0.380261
2.086055,0.172679,0.898652,0.789278
1.364357,0.18576,0.35507,0.469033
1.247867,0.988451,0.231303,0.291687
-0.065295,0.827713,0.761538,0.571539
1.384267,0.5772,0.750609,0.222855
2.38292,0.098283,0.10994,0.509949
1.878839,0.047969,0.175395,0.185415
1.251543,0.182236,0.371186,0.123302
0.941231,0.90748,0.741458,0.689933
0.844793,0.6383,0.895667,0.45919
1.229835,0.318592,0.564159,0.224686
-0.108615,0.962834,0.245889,0.774018
1.066092,0.183982,0.127352,0.739263
0.445927,0.943592,0.502969,0.956437
0.160977,0.458201,0.698391,0.988355
0.918893,0.54559,0.738356,0.507847
1.261032,0.5307,0.298684,0.258875
1.218098,0.163196,0.386093,0.043128
0.939862,0.40305,0.044721,0.426908
0.005077,0.843186,0.313867,0.785494
0.134842,0.812584,0.695649,0.502028
0.335668,0.984411,0.429866,0.180662
0.767845,0.554505,0.094883,0.292817
2.157039,0.242092,0.38169,0.224463
0.923087,0.078567,0.641123,0.917579
0.690118,0.154021,0.088786,0.904512
0.495627,0.763693,0.983162,0.515646
0.20785,0.86896,0.534262,0.842244
0.409383,0.647158,0.908655,0.913793
-0.809315,0.804313,0.679859,0.952303
0.888329,0.337176,0.480862,0.958785
1.664918,0.390412,0.300195,0.400673
0.567571,0.842472,0.091703,0.279411
-0.619033,0.871369,0.017237,0.565072
1.596853,0.385955,0.015567,0.607588
0.912832,0.442221,0.404896,0.988326
-0.843417,0.754887,0.224069,0.809794
1.087081,0.265013,0.279222,0.215245
0.099076,0.56647,0.134159,0.141355
0.32167,0.699666,0.989818,0.650369
1.6925,0.742903,0.932459,0.558168
1.003132,0.557081,0.820656,0.336183
-0.23179,0.685313,0.822532,0.233398
0.647526,0.62934,0.720967,0.967536
0.463445,0.468732,0.598479,0.058446
0.765704,0.74236,0.800467,0.385493
1.856664,0.206243,0.572209,0.795881
1.526353,0.988755,0.678121,0.333569
-1.401318,0.78814,0.486105,0.698648
1.185639,0.523668,0.623492,0.35673
0.537283,0.966215,0.757143,0.793094
1.870663,0.490385,0.886431,0.742834
1.95258,0.595165,0.935183,0.527907
-1.439109,0.789762,0.509127,0.736129
0.610076,0.698706,0.641965,0.262289
1.104801,0.809097,0.43771,0.400451
0.256343,0.880768,0.78021,0.038375
2.670189,0.369996,0.84463,0.268961
1.400798,0.457227,0.67288,0.802358
0.34854,0.793615,0.690805,0.256248
0.139213,0.89951,0.838757,0.23599
0.507291,0.884201,0.606105,0.347515
1.029413,0.388041,0.868318,0.273831
0.692668,0.59635,0.064478,0.73141
1.666856,0.479073,0.762467,0.733392
1.727598,0.237923,0.184572,0.204782
0.730879,0.586005,0.563954,0.450049
1.792614,0.047867,0.861552,0.566103
0.432937,0.475368,0.01043,0.674004
1.10361,0.024591,0.09686,0.515296
0.421408,0.661348,0.46644,0.540713
1.403161,0.071085,0.978035,0.868126
0.715716,0.492234,0.982995,0.715155
1.876383,0.117344,0.256549,0.123055
1.327225,0.297468,0.080697,0.84773
2.054606,0.404613,0.780027,0.58215
1.099336,0.085982,0.011558,0.579171
0.75786,0.981427,0.737334,0.945259
0.332181,0.543561,0.039312,0.521426
0.171194,0.706328,0.463163,0.276959
1.021458,0.942814,0.781981,0.245641
1.877044,0.442126,0.752121,0.442531
0.422872,0.135601,0.366761,0.56746
0.258807,0.288244,0.131967,0.808811
-0.648891,0.85389,0.333925,0.645295
-0.103004,0.089637,0.201618,0.052083
0.908653,0.552793,0.030397,0.357199
-0.004653,0.537714,0.436455,0.928964
1.469789,0.527177,0.972324,0.408335
1.243719,0.845047,0.897285,0.546518
1.227018,0.720777,0.928622,0.279726
1.455121,0.997845,0.903657,0.743668
-0.237508,0.929144,0.725762,0.080959
-1.098836,0.802119,0.006147,0.997685
1.494763,0.394658,0.901207,0.64059
1.444013,0.901926,0.99359,0.217138
1.049733,0.416217,0.872601,0.909426
0.260407,0.736338,0.70654,0.618823
0.157476,0.683387,0.759777,0.421454
0.376735,0.944391,0.54058,0.308495
-0.456463,0.508455,0.131408,0.928321
1.651803,0.667339,0.808152,0.707439
1.935244,0.424796,0.110564,0.189183
0.274421,0.538413,0.71687,0.712845
1.464319,0.170544,0.367193,0.8271
-0.597085,0.742813,0.841143,0.964239
0.911986,0.631837,0.771181,0.407512
1.298166,0.181658,0.365108,0.106748
1.172153,0.308082,0.679516,0.090056
2.04547,0.182188,0.27009,0.665372
0.690269,0.468138,0.745337,0.88795
-0.548988,0.727891,0.361179,0.299869
0.35484,0.931982,0.376228,0.804054
0.258874,0.936924,0.186667,0.659627
1.459964,0.051069,0.030993,0.987726
3.264955,0.218032,0.939184,0.459929
0.12501,0.921046,0.556737,0.274958
-0.461371,0.886085,0.442812,0.983629
0.801626,0.58109,0.977209,0.215392
0.562142,0.733334,0.648924,0.91081
1.670691,0.808207,0.906923,0.474386
-0.317899,0.587269,0.513407,0.907641
1.196831,0.891554,0.677107,0.031347
2.278351,0.393068,0.944666,0.15232
2.488775,0.105856,0.497673,0.213941
-0.524778,0.854793,0.1164,0.124657
0.807392,0.886892,0.154745,0.140021
0.005969,0.884904,0.719701,0.262138
0.912767,0.338996,0.179185,0.70334
0.994058,0.035745,0.752302,0.910664
1.112619,0.495528,0.263119,0.416353
-0.517656,0.609783,0.170595,0.979766
1.647259,0.317154,0.093293,0.42247
1.430421,0.502415,0.93481,0.524097
0.591441,0.177138,0.114485,0.087778
1.565148,0.426368,0.327413,0.172521
2.341225,0.103848,0.21993,0.48057
2.134735,0.200217,0.087356,0.735929
1.767246,0.2486,0.846492,0.077441
1.603273,0.385029,0.423532,0.228315
0.333864,0.056786,0.366075,0.531284
2.819996,0.372558,0.906893,0.540878
1.750373,0.286837,0.22957,0.424878
1.669545,0.447414,0.501325,0.401592
1.089096,0.120114,0.180383,0.979006
0.992788,0.089124,0.337252,0.130141
0.785849,0.703459,0.665001,0.715024
0.576759,0.790798,0.765485,0.447521
0.999511,0.196283,0.335064,0.565467
1.394783,0.966116,0.596643,0.335593
-0.57416,0.923665,0.425298,0.787789
0.01319,0.601321,0.325724,0.269457
1.760372,0.346118,0.509238,0.511535
1.903201,0.321462,0.350575,0.046052
1.168476,0.446169,0.781347,0.595532
0.778786,0.43853,0.336821,0.582963
0.400153,0.025541,0.786292,0.769126
2.077296,0.153937,0.326486,0.521758
1.715576,0.504967,0.797,0.19927
0.70852,0.458819,0.081715,0.235349
0.797918,0.070254,0.105246,0.439213
0.148666,0.891353,0.338839,0.310692
-0.019317,0.74724,0.547172,0.310963
3.307217,0.209626,0.832461,0.196935
-0.484405,0.870797,0.027068,0.953759
1.26914,0.223268,0.039211,0.347521
-0.117428,0.543965,0.242005,0.419734
0.826016,0.823083,0.588536,0.263856
1.461071,0.054174,0.092061,0.809438
1.500295,0.417634,0.877766,0.486037
0.717092,0.361545,0.829605,0.93946
0.601381,0.898189,0.95937,0.205026
1.779281,0.35187,0.522997,0.843521
1.190914,0.145601,0.999422,0.11047
-0.05204,0.500305,0.464044,0.923144
-0.114459,0.795202,0.785114,0.862864
1.651094,0.060812,0.91005,0.991974
0.091118,0.705456,0.681407,0.572144
1.13317,0.945975,0.211316,0.489154
2.030756,0.049082,0.941877,0.220039
-0.095916,0.425066,0.141684,0.054289
1.877686,0.08514,0.977239,0.387762
-0.388559,0.788689,0.346861,0.743954
1.555017,0.194246,0.291056,0.355059
1.583762,0.302136,0.4822,0.692785
2.110055,0.144426,0.20045,0.42189
2.471859,0.043477,0.892659,0.438433
-0.256731,0.621799,0.88923,0.690667
0.760101,0.51812,0.631742,0.917224
0.214619,0.784965,0.032573,0.292376
1.90678,0.149478,0.75691,0.392705
0.387556,0.987397,0.865607,0.981383
-0.390928,0.748398,0.825247,0.152239
1.915048,0.485695,0.383695,0.095693
2.403364,0.185459,0.972454,0.655102
0.723985,0.658228,0.790132,0.191202
0.534465,0.979577,0.420197,0.812169
1.75862,0.447745,0.891766,0.395692
0.54361,0.748372,0.852894,0.618143
0.21535,0.777955,0.535052,0.259477
-0.608642,0.797335,0.583075,0.561614
0.779724,0.017681,0.436622,0.981606
1.589349,0.513377,0.298707,0.458291
0.934906,0.135272,0.423084,0.916178
0.530887,0.091728,0.149421,0.73661
0.82251,0.858524,0.339667,0.677565
0.764653,0.397994,0.604877,0.079205
0.684475,0.111179,0.138309,0.869007
-0.260347,0.714885,0.433673,0.695644
0.56091,0.475853,0.276849,0.808288
1.189297,0.993627,0.117434,0.392689
1.602741,0.069928,0.368016,0.600794
1.435654,0.334773,0.034455,0.370406
2.619512,0.195526,0.593576,0.492819
0.309344,0.055097,0.659065,0.682239
-0.738523,0.55582,0.40204,0.96145
0.167517,0.511546,0.200209,0.754862
0.133125,0.663355,0.20911,0.402999
-0.434666,0.648787,0.630903,0.051224
1.895864,0.452553,0.890963,0.550801
1.033758,0.443539,0.332702,0.543808
0.873856,0.420971,0.612289,0.050446
1.179708,0.340168,0.117697,0.178805
2.444316,0.217376,0.121631,0.476704
0.835954,0.444929,0.040041,0.606102
0.786688,0.687036,0.705296,0.419039
0.485783,0.961986,0.263816,0.199789
2.699592,0.443999,0.744368,0.225127
0.934292,0.06837,0.066136,0.731187
2.746646,0.261085,0.392412,0.483948
0.861071,0.530557,0.729334,0.964093
1.495397,0.402337,0.082283,0.160792
0.934334,0.476934,0.219894,0.997687
0.996531,0.539618,0.279614,0.305119
0.172113,0.603087,0.29531,0.262694
0.565769,0.625412,0.561697,0.092187
0.212968,0.793393,0.437718,0.445691
-0.076653,0.608478,0.338965,0.576065
-0.553797,0.727798,0.049204,0.775936
1.730966,0.414673,0.815778,0.207392
0.355625,0.839431,0.760659,0.226627
0.182084,0.526536,0.253843,0.678176
-0.712799,0.692443,0.459201,0.663411
2.285695,0.048976,0.425602,0.800076
1.262151,0.059401,0.370117,0.969721
1.681219,0.576628,0.963595,0.45574
-0.289852,0.60798,0.526681,0.729173
1.640909,0.279667,0.405155,0.14477
1.743511,0.356896,0.156295,0.415364
0.541432,0.98745,0.802421,0.180701
0.216906,0.754375,0.834078,0.594608
1.055556,0.068097,0.40929,0.542084
0.438183,0.556445,0.310612,0.282179
-0.214815,0.801382,0.263383,0.997938
2.356143,0.229011,0.265261,0.477996
1.855145,0.068705,0.827377,0.057766
1.23909,0.855554,0.184274,0.394045
-0.094213,0.730769,0.039367,0.957729
0.813225,0.436762,0.594762,0.621481
1.310737,0.872733,0.90727,0.397794
0.821102,0.134723,0.710718,0.966771
0.806928,0.67117,0.545164,0.255124
-0.523631,0.968337,0.212412,0.094705
0.732113,0.031393,0.84555,0.106077
0.522414,0.899854,0.915741,0.764053
2.023727,0.133409,0.105591,0.49522
0.995955,0.02707,0.116954,0.707581
2.278925,0.251149,0.743183,0.776212
1.215479,0.370191,0.220122,0.986034
1.918373,0.033523,0.718414,0.977435
1.439467,0.030078,0.531107,0.513639
0.282062,0.907476,0.078111,0.554794
1.894606,0.205948,0.896845,0.974294
0.388456,0.850047,0.881535,0.965787
0.108351,0.822248,0.128513,0.302012
0.660491,0.033487,0.757807,0.657167
0.780923,0.560895,0.639863,0.165099
-1.348572,0.773167,0.171877,0.890001
-0.209608,0.841145,0.271458,0.829258
-0.053233,0.993647,0.303805,0.087721
0.582626,0.876961,0.91187,0.576163
2.113363,0.979763,0.65578,0.415405
1.715075,0.099967,0.550083,0.265125
1.1664,0.100355,0.729586,0.771688
1.709456,0.22487,0.256234,0.187431
1.109296,0.09093,0.843584,0.827184
1.341014,0.243525,0.629149,0.941034
0.461991,0.822621,0.953807,0.431432
-0.180199,0.829364,0.038154,0.411648
1.0665,0.271833,0.124871,0.61812
0.333156,0.491287,0.39641,0.362172
3.374727,0.315267,0.976043,0.473026
0.570337,0.901854,0.385656,0.386215
0.618526,0.910696,0.590625,0.982602
1.463432,0.034007,0.423912,0.346801
-1.293618,0.800841,0.110463,0.855039
1.876022,0.279176,0.458024,0.619414
1.08106,0.087314,0.106238,0.4303
0.450432,0.962545,0.534506,0.055993
0.745091,0.55305,0.65934,0.439838
0.909898,0.201934,0.924283,0.07245
0.760571,0.403625,0.394611,0.899052
1.328557,0.213169,0.374704,0.007553
0.846814,0.594052,0.574342,0.181772
-0.148911,0.543503,0.698827,0.959169
2.018326,0.260479,0.694464,0.974559
1.518004,0.126719,0.702141,0.8207
-1.083599,0.641304,0.656631,0.926538
0.786979,0.734638,0.667202,0.781459
0.111862,0.487576,0.543335,0.624654
2.518222,0.165191,0.774806,0.358818
1.048212,0.165765,0.231977,0.767042
-0.635824,0.76286,0.031871,0.783371
2.051636,0.145753,0.655236,0.166617
0.656995,0.5348,0.969924,0.812615
1.497816,0.473033,0.388738,0.332324
0.47946,0.803679,0.47941,0.069903
1.335465,0.381439,0.056923,0.188129
1.431126,0.003218,0.165016,0.43992
0.681123,0.945591,0.810222,0.765995
-0.846709,0.762161,0.33689,0.265375
0.997273,0.488617,0.321736,0.247717
0.9547,0.867885,0.934191,0.628873
0.815939,0.471287,0.248315,0.234604
0.397925,0.953266,0.771341,0.692759
1.53301,0.267762,0.323407,0.135034
-1.10298,0.681161,0.046156,0.924787
1.682295,0.469173,0.757272,0.013957
1.444013,0.219124,0.102824,0.93508
1.268032,0.732246,0.624706,0.524994
1.350066,0.361471,0.807674,0.017717
2.537888,0.1892,0.895021,0.162506
0.191206,0.702895,0.886473,0.890535
-0.099699,0.517673,0.566482,0.995574
1.409943,0.056429,0.321732,0.69416
0.358085,0.827894,0.411298,0.69639
0.243143,0.003585,0.064337,0.031565
0.066392,0.887647,0.089434,0.493845
0.677612,0.220849,0.389425,0.923356
0.568098,0.855767,0.807133,0.718236
-0.917581,0.599298,0.298496,0.155102
0.198725,0.577249,0.533239,0.809515
1.575289,0.305017,0.329158,0.825802
2.04224,0.024993,0.636635,0.362598
0.601541,0.458578,0.638325,0.121315
0.298532,0.735446,0.218714,0.270548
2.722459,0.239705,0.553157,0.217406
-0.555085,0.717115,0.869461,0.94087
0.509207,0.91632,0.112754,0.218435
1.313061,0.193733,0.424853,0.735428
1.05923,0.439639,0.638771,0.243734
-0.116244,0.833018,0.650627,0.207638
0.643707,0.641502,0.920381,0.484064
2.246675,0.218198,0.139901,0.207385
1.013669,0.933131,0.998146,0.726579
0.337297,0.908799,0.224611,0.742113
1.134169,0.182219,0.059655,0.000591
0.074602,0.587045,0.290447,0.957127
-0.395188,0.795828,0.89588,0.021366
2.210597,0.348252,0.900476,0.206595
-0.808125,0.647817,0.262479,0.027461
1.969013,0.243929,0.889033,0.913093
0.29488,0.695004,0.965087,0.949989
0.682903,0.466286,0.760746,0.127357
1.864422,0.271601,0.669946,0.138781
1.316339,0.679627,0.839143,0.358519
2.222766,0.36068,0.712871,0.866628
1.012426,0.093115,0.873956,0.540448
1.564178,0.520017,0.121302,0.116745
0.334451,0.762855,0.621447,0.810538
1.99953,0.330255,0.897899,0.638936
0.592135,0.858104,0.928442,0.624721
0.435851,0.066384,0.559909,0.764398
1.255458,0.106682,0.864747,0.882454
0.096581,0.506645,0.427637,0.925527
1.694622,0.970956,0.505378,0.102479
1.624722,0.37329,0.422388,0.593931
1.943929,0.288275,0.511786,0.151368
-0.015049,0.604068,0.209048,0.126467
1.626581,0.436543,0.51073,0.077406
1.031248,0.401179,0.147387,0.945466
-1.02052,0.868262,0.112873,0.80996
1.252243,0.31834,0.476921,0.886638
-0.403403,0.619659,0.376063,0.629518
0.869597,0.762608,0.512166,0.367837
1.060909,0.272667,0.093518,0.93536
0.598063,0.875927,0.672367,0.372634
1.118606,0.502423,0.261034,0.264752
0.273257,0.76945,0.838657,0.776201
-0.854873,0.799684,0.571337,0.141002
2.197427,0.29918,0.980433,0.010645
-0.252375,0.764855,0.106015,0.70614
-0.081983,0.562019,0.548098,0.889674
1.786399,0.343731,0.216254,0.30993
2.004934,0.034102,0.747434,0.362699
0.659841,0.122815,0.340248,0.567631
0.398839,0.840478,0.974044,0.849001
-0.333765,0.776179,0.750351,0.233844
0.774153,0.581512,0.119094,0.687666
2.672763,0.251904,0.911647,0.914093
-0.740911,0.722216,0.238048,0.007369
1.556344,0.23471,0.47903,0.735942
2.003736,0.485923,0.845722,0.464685
0.642207,0.979875,0.135753,0.422057
1.010368,0.119494,0.657596,0.032883
1.505056,0.42071,0.875652,0.902298
0.922279,0.667219,0.785501,0.692802
0.386839,0.809274,0.781513,0.758176
0.523051,0.924276,0.660927,0.622553
1.055964,0.064047,0.080647,0.349316
0.782054,0.050443,0.630333,0.833671
0.379794,0.902772,0.483558,0.467975
1.583069,0.343243,0.460355,0.724204
2.050018,0.37024,0.970508,0.336539
0.543914,0.439801,0.100462,0.214018
0.421212,0.715015,0.434252,0.286973
0.994583,0.561444,0.204005,0.611197
2.333754,0.258072,0.414647,0.954098
1.789665,0.465884,0.883018,0.616651
0.582086,0.930609,0.730459,0.457528
0.029653,0.888961,0.659762,0.458883
0.56103,0.951513,0.486674,0.75766
0.502262,0.011881,0.49561,0.971019
0.073477,0.071828,0.094411,0.125647
1.949593,0.15146,0.844241,0.744286
1.444746,0.482887,0.578882,0.301784
0.307358,0.932945,0.663724,0.396806
1.682527,0.419363,0.111189,0.586221
1.47539,0.185714,0.088209,0.393418
1.542808,0.046093,0.983033,0.065331
1.639266,0.090455,0.164528,0.423035
1.511741,0.877905,0.902752,0.392029
0.533329,0.584721,0.541429,0.160615
1.282576,0.453842,0.443421,0.100253
1.485952,0.31004,0.090341,0.091026
1.893105,0.484736,0.928015,0.532651
1.223723,0.02274,0.272854,0.084418
0.338113,0.848875,0.080546,0.609085
-0.263637,0.6569,0.536371,0.858141
-0.555396,0.711558,0.125831,0.193774
-0.072503,0.739403,0.675497,0.172239
0.130254,0.579795,0.252724,0.541299
1.53538,0.199896,0.100981,0.590929
1.431086,0.3675,0.864863,0.03175
1.454624,0.468853,0.488933,0.600289
-0.739059,0.751288,0.505979,0.212696
-0.579675,0.580578,0.417111,0.626195
2.602363,0.163016,0.780288,0.471803
0.507098,0.89142,0.666467,0.916092
-0.307539,0.814151,0.21924,0.876853
0.414092,0.68454,0.718815,0.791284
1.855915,0.141596,0.925801,0.394373
0.36429,0.651832,0.773823,0.364913
-0.094865,0.627967,0.568698,0.055138
0.022275,0.791893,0.787543,0.859448
1.01263,0.722759,0.892263,0.520756
1.595202,0.157543,0.324231,0.413936
0.200413,0.544634,0.377473,0.867378
2.207842,0.396671,0.823021,0.523663
1.068977,0.532663,0.96371,0.304568
1.596035,0.032277,0.911303,0.67488
0.32887,0.693014,0.8596,0.150223
1.463192,0.268752,0.296267,0.89009
1.982134,0.314924,0.639789,0.299785
-0.025963,0.694812,0.308774,0.288382
0.931073,0.629034,0.405899,0.489295
1.041213,0.970933,0.88161,0.174478
0.763968,0.926006,0.440702,0.129374
1.368876,0.165081,0.291095,0.736851
-0.185976,0.007466,0.493435,0.912766
0.116837,0.708384,0.802324,0.774203
1.440752,0.321209,0.103314,0.780108
2.833291,0.163944,0.539198,0.360447
0.537595,0.560742,0.188572,0.456244
2.359312,0.144789,0.866655,0.708703
2.406097,0.151336,0.914085,0.478367
0.100658,0.734437,0.569353,0.280787
0.365042,0.859587,0.806347,0.48866
0.395658,0.522051,0.070038,0.309356
2.095758,0.402444,0.187961,0.583126
1.043131,0.581272,0.443421,0.454995
0.861194,0.886668,0.763325,0.319115
0.622667,0.524032,0.451573,0.971146
2.463393,0.218487,0.863346,0.153291
0.159067,0.800173,0.157322,0.300682
2.339971,0.072577,0.96936,0.236095
0.97258,0.52275,0.823935,0.97357
1.58315,0.542726,0.293879,0.493763
1.946304,0.384709,0.19269,0.188718
1.695374,0.076921,0.699866,0.157971
2.308659,0.234258,0.609365,0.387744
1.656879,0.035276,0.968154,0.128196
1.110124,0.402461,0.090743,0.054906
0.730214,0.995177,0.290038,0.479327
0.334378,0.942343,0.369124,0.433248
0.852904,0.690249,0.84244,0.032231
-1.048078,0.650699,0.163437,0.912743
0.172211,0.695022,0.766947,0.022968
0.829312,0.18348,0.499285,0.031601
0.953423,0.390607,0.088713,0.961441
-0.751633,0.620675,0.55099,0.047926
1.320177,0.210626,0.429608,0.750563
2.496161,0.222262,0.847878,0.921797
1.788335,0.249818,0.033736,0.063076
0.85361,0.356297,0.091656,0.128672
0.412123,0.505907,0.048684,0.5209
1.010143,0.109585,0.729828,0.067549
-0.967029,0.612014,0.12337,0.91638
1.675162,0.21883,0.649733,0.362508
2.806818,0.120469,0.938734,0.750172
1.167996,0.252834,0.461883,0.66736
2.025349,0.208017,0.708705,0.570251
0.145048,0.18693,0.034449,0.916246
0.091343,0.722111,0.10411,0.488702
2.481776,0.332926,0.590698,0.645954
0.728,0.907424,0.678092,0.819006
1.469971,0.441569,0.156116,0.531347
0.176409,0.756682,0.911806,0.699783
2.075089,0.377971,0.467231,0.720288
2.165954,0.183574,0.701119,0.328683
0.19358,0.532181,0.174513,0.305255
2.153374,0.263847,0.759086,0.534925
2.135689,0.215822,0.085236,0.245484
0.589711,0.94143,0.48035,0.489744
3.120239,0.207939,0.934394,0.634882
-0.275896,0.509988,0.472812,0.109384
1.915049,0.303664,0.936409,0.861667
0.755694,0.890492,0.40216,0.381654
0.525453,0.449668,0.112483,0.623645
2.488037,0.362307,0.975627,0.388698
-0.040202,0.757982,0.71043,0.421887
1.590465,0.65212,0.864911,0.37194
2.80835,0.332972,0.920578,0.593568
2.57757,0.202067,0.924817,0.244151
1.875563,0.493993,0.908596,0.290368
1.015637,0.846551,0.513559,0.52069
0.723042,0.311316,0.38476,0.848135
1.78143,0.237713,0.277013,0.028471
1.311968,0.480231,0.907777,0.858237
2.233994,0.413582,0.996183,0.887167
-0.302944,0.645911,0.529683,0.309953
3.619846,0.1171,0.824387,0.43888
0.898941,0.517812,0.02157,0.705356
-0.366539,0.800498,0.275402,0.381137
0.513272,0.614928,0.21137,0.006527
0.16351,0.807043,0.783418,0.081334
2.052588,0.364857,0.03589,0.395452
2.656315,0.111999,0.992207,0.174856
2.892759,0.998604,0.670106,0.270553
0.798996,0.146039,0.111107,0.743994
1.403179,0.47549,0.979442,0.026362
1.324614,0.077822,0.196396,0.577015
-1.85199,0.660112,0.392489,0.021985
1.610044,0.045152,0.930844,0.706075
1.579824,0.316914,0.310945,0.037528
2.474281,0.242877,0.737331,0.108292
-0.324289,0.76099,0.197688,0.806442
2.067248,0.001656,0.853851,0.490536
0.597643,0.541326,0.211248,0.225728
-0.048776,0.988371,0.477767,0.964375
0.312823,0.671821,0.684833,0.25464
1.240627,0.086962,0.526917,0.459775
-0.185824,0.044508,0.001758,0.941602
1.082987,0.98857,0.457021,0.550507
-0.135382,0.813519,0.158665,0.217271
2.433735,0.14533,0.789247,0.130959
2.186167,0.246227,0.170256,0.250892
0.319859,0.513563,0.274597,0.864604
1.473334,0.19275,0.051602,0.714013
0.405664,0.916353,0.230864,0.569415
1.67616,0.368241,0.564782,0.389696
0.56653,0.91147,0.426992,0.519799
2.21467,0.179256,0.383053,0.292089
0.131831,0.783449,0.829937,0.801554
0.158133,0.894203,0.336427,0.231959
0.296695,0.665037,0.60266,0.063073
2.738429,0.395599,0.669678,0.179172
0.246332,0.857244,0.805295,0.319984
1.988372,0.401002,0.195687,0.609849
0.660276,0.071836,0.59336,0.109427
1.260963,0.957229,0.219834,0.312162
-0.47917,0.806609,0.577402,0.452842
-0.149173,0.731819,0.148051,0.524378
0.106324,0.640419,0.544639,0.691397
-0.223316,0.95543,0.089881,0.311532
0.550144,0.063042,0.52615,0.473695
-0.184421,0.816187,0.775345,0.179676
0.293445,0.951077,0.067767,0.275858
0.984904,0.053417,0.145029,0.781086
-0.204129,0.604155,0.019128,0.666394
1.906506,0.47985,0.822203,0.5333
-0.758587,0.78176,0.518796,0.19615
1.243456,0.785648,0.961417,0.414936
0.054265,0.082655,0.131299,0.907843
-0.020194,0.862235,0.617716,0.808725
-0.037808,0.574388,0.415669,0.838519
1.342537,0.47724,0.827016,0.841886
1.259811,0.165753,0.462447,0.422456
1.609773,0.301716,0.472683,0.067637
1.526985,0.517129,0.955138,0.271099
1.948046,0.10393,0.773933,0.205763
1.219782,0.313681,0.477174,0.676298
0.380453,0.370233,0.141845,0.647916
-1.047971,0.676281,0.327334,0.648826
2.067942,0.02494,0.301687,0.418869
2.516283,0.13798,0.863456,0.21087
1.100937,0.062449,0.581533,0.8944
-1.13428,0.652916,0.155464,0.9281
1.093369,0.813822,0.851735,0.681411
-0.382443,0.865694,0.277021,0.989929
-0.004804,0.943597,0.360572,0.838684
1.405534,0.298546,0.539516,0.522221
0.335219,0.761635,0.442506,0.522051
-0.34938,0.722537,0.603157,0.204787
-0.009649,0.711091,0.438581,0.697714
-0.143049,0.988964,0.544713,0.988102
-0.725691,0.629289,0.555126,0.982507
1.386919,0.469848,0.918463,0.276096
0.979222,0.899059,0.683786,0.144255
1.853071,0.15675,0.732341,0.358134
0.178199,0.552707,0.66578,0.206001
-0.285707,0.853369,0.329233,0.63435
1.356703,0.595807,0.07766,0.452257
2.064413,0.052517,0.753492,0.154105
0.801662,0.832137,0.997823,0.239573
1.005654,0.467743,0.386184,0.168012
-0.237327,0.981424,0.005837,0.949685
0.384724,0.865637,0.759308,0.231237
1.757089,0.381656,0.104131,0.505537
0.35762,0.507583,0.176678,0.740787
0.110937,0.670225,0.343503,0.164511
3.254547,0.26877,0.859903,0.820151
0.107176,0.755195,0.365054,0.40131
-1.389384,0.881958,0.20933,0.807476
1.263066,0.130312,0.179168,0.831997
0.58275,0.49038,0.068441,0.282238
2.398858,0.149072,0.707237,0.456672
0.07027,0.980504,0.240946,0.990909
1.315457,0.103533,0.508972,0.620645
0.524391,0.938742,0.419257,0.637726
-0.022769,0.843729,0.723885,0.210249
0.226492,0.71636,0.047094,0.427564
3.021411,0.214401,0.945817,0.622561
0.871593,0.750527,0.989812,0.567567
0.82281,0.5466,0.800207,0.68734
1.993053,0.085936,0.983057,0.095771
-0.254217,0.742948,0.450646,0.273874
-0.342567,0.693474,0.135169,0.627168
2.583065,0.282437,0.940911,0.819409
-0.828185,0.622217,0.071501,0.956667
1.351721,0.370317,0.410945,0.821984
2.103699,0.096251,0.985649,0.189657
-1.673947,0.543382,0.551199,0.944092
1.33501,0.398774,0.033527,0.275628
-0.821281,0.719675,0.572311,0.046111
-0.259859,0.719575,0.578134,0.771471
0.667352,0.075871,0.290743,0.894104
0.997654,0.103699,0.130701,0.686135
2.397363,0.374404,0.988766,0.053992
1.243983,0.499806,0.652757,0.734728
0.446932,0.662458,0.738927,0.399885
2.233098,0.473428,0.943134,0.752764
0.403048,0.61281,0.5605,0.147226
1.833058,0.238391,0.545308,0.267859
1.509264,0.496149,0.066246,0.328331
2.177641,0.499388,0.857338,0.389565
1.516939,0.156435,0.201117,0.545309
1.259116,0.839486,0.503375,0.524213
0.818637,0.96506,0.761864,0.631514
0.962726,0.32045,0.436269,0.775731
1.11411,0.400154,0.118297,0.676996
2.301155,0.267967,0.16005,0.563687
1.943379,0.164126,0.527305,0.316557
0.091944,0.875105,0.291234,0.084614
1.74719,0.798503,0.958755,0.374611
-0.225851,0.563164,0.132813,0.342318
0.248764,0.771627,0.2415,0.445868
-0.539516,0.771258,0.459617,0.592307
1.171066,0.058822,0.373742,0.276507
0.156156,0.597613,0.60174,0.075528
1.308717,0.445704,0.018087,0.032807
1.3451,0.296512,0.778435,0.904696
1.838973,0.434093,0.827763,0.367188
1.295064,0.275744,0.432222,0.699252
0.538788,0.808732,0.620833,0.160432
0.149408,0.848712,0.63139,0.114355
1.900332,0.043603,0.853886,0.145264
1.289815,0.400292,0.511499,0.07445
0.274153,0.825548,0.420723,0.466372
2.511236,0.07213,0.312429,0.416416
1.58554,0.37381,0.595028,0.216389
2.138911,0.055117,0.505782,0.4737
0.912434,0.999932,0.500376,0.771334
1.140949,0.415142,0.074256,0.347229
2.197973,0.209,0.875728,0.766683
-0.962587,0.673829,0.420225,0.846395
1.760651,0.268248,0.659842,0.672282
0.621398,0.091797,0.154413,0.817948
-0.844832,0.841546,0.591718,0.772933
-0.572588,0.724549,0.923073,0.681228
0.078793,0.862067,0.51228,0.828089
1.02834,0.543196,0.865723,0.938774
2.045709,0.266004,0.919389,0.950508
2.946269,0.241974,0.760915,0.476253
1.418339,0.058534,0.512106,0.180594
-0.07723,0.742584,0.097041,0.141121
1.933604,0.349277,0.9132,0.709527
2.439636,0.134843,0.840185,0.472407
0.501579,0.545788,0.607616,0.84144
-0.496294,0.668916,0.160169,0.286017
-0.802761,0.807526,0.168627,0.803361
1.903543,0.229673,0.220886,0.13907
1.636373,0.250907,0.753597,0.083989
0.496555,0.861727,0.440056,0.458419
1.031336,0.040276,0.270791,0.374141
0.949084,0.10409,0.299358,0.897473
0.504827,0.515137,0.146734,0.118284
1.758344,0.243808,0.331373,0.249727
0.869986,0.556815,0.080676,0.576687
0.81808,0.690224,0.913583,0.892004
1.370736,0.92082,0.844332,0.429393
0.519832,0.473898,0.453166,0.052781
-0.065672,0.615066,0.556275,0.292103
1.199387,0.934972,0.611112,0.068075
0.278728,0.548517,0.494606,0.200153
2.011677,0.651542,0.956192,0.655135
-0.860633,0.787587,0.864252,0.880552
0.776781,0.94285,0.142358,0.397662
-0.338337,0.784894,0.826001,0.011992
1.201097,0.370552,0.06064,0.953999
1.190669,0.139483,0.600405,0.725866
0.715454,0.384859,0.571536,0.327798
2.981694,0.138791,0.946071,0.628731
0.711276,0.125464,0.296138,0.975031
1.099463,0.42956,0.296009,0.503415
-0.891558,0.894753,0.099761,0.856775
0.613353,0.922524,0.96459,0.365805
1.992575,0.193684,0.257634,0.669197
0.337112,0.970136,0.701914,0.704828
1.794366,0.478884,0.321995,0.622861
0.47327,0.754024,0.626169,0.382054
2.812958,0.293697,0.835347,0.314947
2.420488,0.275184,0.758682,0.202371
0.989157,0.519199,0.353103,0.832075
1.947353,0.339983,0.14682,0.715181
0.486053,0.930481,0.401755,0.255354
0.560166,0.624944,0.671989,0.550953
1.888827,0.160409,0.723175,0.965189
0.246498,0.832529,0.518654,0.326959
1.05315,0.727675,0.660935,0.493577
-0.606065,0.541244,0.101782,0.73036
-0.193541,0.748192,0.275534,0.191004
-0.767108,0.838084,0.365833,0.414857
0.89266,0.150848,0.243368,0.087235
2.853838,0.457499,0.879154,0.231307
1.226778,0.632401,0.88855,0.614455
-0.409686,0.77718,0.323148,0.082037
-0.046605,0.495975,0.128083,0.179243
1.457155,0.412649,0.030822,0.176434
2.532085,0.449988,0.929036,0.5066
-0.46231,0.736832,0.340421,0.124115
-0.136184,0.556443,0.031471,0.858221
0.636635,0.307439,0.454768,0.725358
1.343875,0.434752,0.898868,0.807691
-0.394701,0.549467,0.491483,0.850825
2.204173,0.158433,0.561666,0.267824
1.502118,0.843011,0.908381,0.188824
0.481859,0.826115,0.851701,0.231895
0.379901,0.687179,0.653397,0.24674
0.044723,0.602089,0.357406,0.670151
0.305716,0.024862,0.043177,0.939282
1.089035,0.009124,0.10593,0.267408
2.198178,0.288616,0.099915,0.306695
0.607963,0.960281,0.706536,0.446152
-0.056038,0.86469,0.775059,0.031091
3.644032,0.261533,0.890313,0.087774
1.454922,0.588369,0.949371,0.432751
2.207176,0.226294,0.642388,0.349453
-0.329164,0.745049,0.503728,0.267913
0.805626,0.295104,0.612067,0.930159
1.069464,0.629336,0.852266,0.23358
-0.380636,0.960943,0.414355,0.348
2.124086,0.348961,0.997565,0.744186
-0.48626,0.760564,0.001011,0.591929
1.548007,0.458611,0.922263,0.829212
2.397855,0.224394,0.447784,0.560958
2.146566,0.148937,0.081042,0.299089
2.410628,0.266569,0.871254,0.543533
0.724321,0.494457,0.62798,0.768342
1.135489,0.373352,0.922483,0.889385
0.542413,0.841109,0.147385,0.369265
0.587448,0.676681,0.638433,0.719994
-0.83371,0.779318,0.432993,0.782545
0.175412,0.703511,0.894089,0.153073
0.383936,0.917605,0.612169,0.538992
1.0189,0.464142,0.100699,0.457748
0.726099,0.710244,0.975565,0.57422
-0.451222,0.639575,0.83934,0.709268
1.389017,0.900672,0.018463,0.507034
0.035977,0.685095,0.44938,0.254177
1.52868,0.069187,0.143338,0.591663
1.877667,0.221936,0.827928,0.289301
0.572045,0.791039,0.574857,0.193589
-0.111484,0.841578,0.246957,0.420938
0.877308,0.088175,0.085957,0.84555
0.933918,0.37131,0.683331,0.968181
0.670703,0.564288,0.782313,0.613867
0.142494,0.912526,0.350836,0.78712
2.063297,0.431432,0.721517,0.214593
-1.969125,0.777904,0.52351,0.966286
1.460023,0.497249,0.924323,0.306042
-0.171416,0.886652,0.727356,0.762096
-0.93779,0.680501,0.165315,0.75702
1.253245,0.470246,0.867138,0.036928
1.594609,0.059702,0.701679,0.695664
1.817443,0.373882,0.451254,0.154163
-0.332572,0.761665,0.296555,0.190013
0.213356,0.779555,0.083166,0.289389
0.851696,0.427428,0.098089,0.582179
1.065444,0.969522,0.401888,0.225416
0.10351,0.790083,0.831823,0.27114
1.400178,0.113265,0.349039,0.05226
0.442903,0.564065,0.06806,0.867582
2.251609,0.206685,0.364096,0.28711
2.038052,0.318003,0.918163,0.615822
1.183282,0.383102,0.463886,0.511559
-0.199836,0.764283,0.526588,0.776477
1.718512,0.41785,0.777159,0.674192
0.814436,0.19817,0.838687,0.858131
-1.651941,0.640131,0.119456,0.830131
0.421117,0.650242,0.844075,0.275056
2.840385,0.310143,0.989482,0.093236
1.912172,0.294713,0.466515,0.206677
-0.476674,0.593812,0.29278,0.8663
1.115017,0.945095,0.12756,0.254843
1.268987,0.432425,0.546502,0.195768
-0.324849,0.755241,0.327056,0.286743
2.341783,0.298309,0.093388,0.358804
0.049984,0.674509,0.497549,0.299686
1.675198,0.360242,0.416814,0.800649
-0.039294,0.875091,0.371839,0.606398
0.585026,0.992256,0.390909,0.676899
1.459072,0.322787,0.739003,0.046205
0.636353,0.846285,0.617707,0.570859
1.136391,0.718264,0.813822,0.364603
0.550305,0.938221,0.84132,0.637178
-0.71671,0.765632,0.158421,0.070502
2.016227,0.236969,0.565624,0.285575
1.064758,0.383881,0.595503,0.997428
2.379184,0.233165,0.749645,0.321765
1.423442,0.094262,0.666676,0.766334
2.20275,0.196883,0.067111,0.437639
1.080956,0.861512,0.978995,0.702871
1.293109,0.018784,0.345049,0.011018
0.707413,0.376017,0.419591,0.081575
1.614214,0.423074,0.267039,0.371175
1.747602,0.259948,0.505519,0.34799
-0.296861,0.720478,0.699504,0.828176
0.361818,0.021404,0.058476,0.482698
-0.774332,0.635011,0.010371,0.018732
-0.100245,0.63074,0.220368,0.836331
0.79737,0.363388,0.242825,0.385935
0.799655,0.920198,0.51247,0.325428
1.868658,0.057934,0.738724,0.634063
2.004255,0.143934,0.281168,0.420508
0.950276,0.46906,0.506816,0.237041
0.461867,0.96922,0.92961,0.993137
2.196292,0.211521,0.822231,0.372093
0.058515,0.610686,0.269049,0.049378
0.235304,0.776017,0.699687,0.088878
1.240384,0.372372,0.202155,0.768254
-0.195551,0.798228,0.0063,0.564768
2.847317,0.358807,0.858457,0.653109
-0.817454,0.590966,0.005749,0.887554
0.987211,0.777655,0.61017,0.631067
1.679928,0.535664,0.687582,0.496172
0.649367,0.693081,0.652288,0.398063
-0.287969,0.86246,0.377735,0.356733
0.874434,0.007221,0.735137,0.915751
1.491414,0.526809,0.308119,0.350051
1.392951,0.352077,0.927142,0.609612
-0.103861,0.577862,0.19845,0.72361
2.184,0.316696,0.63915,0.340361
1.924171,0.285767,0.543608,0.406242
1.241703,0.354888,0.778172,0.941891
2.898641,0.327917,0.553756,0.660125
1.726022,0.271448,0.652063,0.196231
1.545983,0.373418,0.222025,0.625097
1.472819,0.193223,0.410536,0.083217
0.930464,0.4776,0.546958,0.221777
1.144622,0.337234,0.943359,0.801156
-0.425682,0.971103,0.657308,0.8998
-0.229428,0.768537,0.433147,0.530297
0.616957,0.948852,0.022242,0.372216
0.595492,0.532396,0.963703,0.792792
0.873179,0.475395,0.222274,0.008262
2.077764,0.104837,0.559952,0.007184
0.93838,0.362173,0.677615,0.904165
1.047904,0.922826,0.734891,0.22135
-0.453845,0.771104,0.337712,0.489512
1.405346,0.151732,0.238206,0.130882
0.570567,0.600091,0.049218,0.407805
0.761973,0.573525,0.148492,0.146252
1.427172,0.376461,0.035764,0.813325
1.842572,0.22728,0.821739,0.208296
3.604373,0.164274,0.827108,0.259608
1.787589,0.998196,0.849943,0.680221
0.140285,0.654189,0.981817,0.065593
2.297477,0.172389,0.535754,0.735991
0.225269,0.52367,0.436732,0.021474
2.153088,0.452755,0.829211,0.3168
0.739626,0.601276,0.868285,0.83058
1.663221,0.323603,0.27163,0.184558
0.816459,0.569418,0.305455,0.572232
2.128555,0.219912,0.502829,0.141708
2.15574,0.379595,0.595974,0.253521
1.489728,0.134663,0.029099,0.605322
1.483243,0.221418,0.30856,0.713532
0.041703,0.661738,0.702118,0.952866
1.959636,0.385432,0.658779,0.93395
1.294836,0.954399,0.26624,0.510639
1.334216,0.265044,0.712566,0.092459
1.651376,0.166101,0.115589,0.975952
0.776019,0.131078,0.392769,0.639031
3.312507,0.17575,0.650248,0.278711
0.202578,0.807366,0.350859,0.51839
0.746444,0.099579,0.105217,0.062382
0.812504,0.612846,0.340577,0.529086
1.144578,0.572669,0.958076,0.200207
-0.196549,0.847354,0.103258,0.724032
0.931693,0.239149,0.566268,0.847885
-0.075826,0.84104,0.533461,0.178865
2.451826,0.239465,0.887301,0.31299
0.143073,0.084107,0.095728,0.990694
2.423371,0.224534,0.330007,0.673133
1.182077,0.44446,0.182169,0.362834
-0.084911,0.883342,0.39383,0.746657
-0.454064,0.896597,0.378698,0.129084
1.816309,0.10664,0.774059,0.95706
1.778902,0.275165,0.786433,0.124191
1.101588,0.528133,0.089092,0.58143
0.816201,0.687561,0.297203,0.615871
1.399779,0.170833,0.195039,0.14386
0.358128,0.263378,0.386885,0.867567
2.17612,0.362175,0.666978,0.49675
2.478221,0.437658,0.837772,0.703
-0.015408,0.668643,0.086857,0.264061
1.191692,0.355525,0.112702,0.376523
-0.221695,0.005051,0.19626,0.985235
1.116688,0.016148,0.609522,0.770784
2.599461,0.235488,0.490163,0.521846
2.050677,0.132277,0.688268,0.292545
2.85553,0.252903,0.895837,0.307858
0.428898,0.004636,0.424616,0.013952
0.351851,0.109534,0.59805,0.898411
1.071283,0.870479,0.772163,0.580221
2.020108,0.112966,0.843936,0.314433
-0.567529,0.516523,0.423139,0.987833
2.100067,0.304309,0.297258,0.462448
0.813434,0.588953,0.113808,0.33461
0.159319,0.610052,0.927345,0.729492
-0.03301,0.478716,0.054789,0.818087
0.87072,0.272843,0.042514,0.006108
2.403549,0.162247,0.18485,0.399413
-0.336995,0.635332,0.631349,0.571965
-0.031744,0.634976,0.01496,0.534225
-1.840312,0.783251,0.290142,0.090966
0.442784,0.826065,0.446845,0.127165
1.210362,0.98096,0.215167,0.344055
0.534362,0.038975,0.260708,0.341761
1.552591,0.444238,0.237077,0.66761
1.430063,0.171512,0.580621,0.596131
2.793011,0.222781,0.726326,0.491859
0.578493,0.611953,0.887241,0.951073
1.50429,0.338678,0.025617,0.697728
0.053943,0.636778,0.923226,0.965822
0.900431,0.190845,0.300808,0.986459
0.962125,0.28983,0.285803,0.66175
-0.221428,0.798195,0.680481,0.204251
0.886184,0.776163,0.964465,0.066196
-1.481095,0.702507,0.623721,0.937433
-0.377781,0.771803,0.534921,0.0474
2.737328,0.158841,0.875936,0.800266
1.167657,0.491362,0.522826,0.507079
-0.112293,0.58178,0.557846,0.951459
1.280278,0.664183,0.765429,0.355725
1.270744,0.521753,0.724957,0.732968
0.071909,0.592147,0.182644,0.517831
2.508858,0.289406,0.585113,0.456381
1.151632,0.52982,0.308507,0.243888
0.791304,0.453526,0.431276,0.292583
0.177061,0.913603,0.095263,0.288156
0.646347,0.906999,0.494025,0.754496
1.724822,0.259247,0.68645,0.082078
1.6621,0.222238,0.143884,0.642548
3.018066,0.151299,0.927591,0.338946
-0.152178,0.698212,0.76967,0.65206
-0.064447,0.91647,0.384884,0.236226
1.248177,0.451145,0.667542,0.804783
0.439288,0.541058,0.520008,0.987224
1.053772,0.106782,0.619172,0.734067
1.785883,0.207312,0.415332,0.678955
-0.208037,0.594934,0.687349,0.573805
1.450546,0.727471,0.971636,0.547148
-1.535619,0.816566,0.312238,0.906186
-0.091495,0.933351,0.409823,0.346106
-0.329564,0.583631,0.009464,0.24631
1.291596,0.606714,0.960239,0.6619
0.986343,0.814159,0.321732,0.366056
1.292799,0.217183,0.414327,0.875415
-0.198155,0.839582,0.002309,0.383111
1.96122,0.246613,0.420368,0.844256
0.326993,0.839896,0.32988,0.411309
-0.502763,0.82055,0.542014,0.804497
1.230603,0.055367,0.062496,0.197553
2.264288,0.300754,0.837243,0.195125
1.744066,0.283783,0.658882,0.13433
1.168112,0.088677,0.570873,0.951295
0.035055,0.979303,0.029789,0.914162
1.138038,0.505453,0.565565,0.339246
1.7209,0.107015,0.864187,0.45393
-0.959665,0.762676,0.06272,0.049229
2.119416,0.020369,0.775905,0.339581
-0.598255,0.758896,0.136403,0.921497
0.090724,0.872585,0.650661,0.536867
0.247698,0.96341,0.301779,0.652325
2.276378,0.389385,0.698768,0.05046
-0.247048,0.852523,0.989901,0.529061
0.416465,0.806353,0.758282,0.643784
-0.306632,0.979281,0.401583,0.778645
1.140239,0.636654,0.678953,0.381439
1.113521,0.112702,0.841411,0.836373
3.239034,0.261563,0.418231,0.294878
-0.666415,0.624935,0.550427,0.916245
-0.392264,0.907885,0.269174,0.578401
2.635231,0.100924,0.816819,0.23432
0.144425,0.517755,0.840812,0.955001
1.099688,0.158782,0.221188,0.164383
1.627835,0.166585,0.243167,0.237494
0.417804,0.731058,0.678658,0.146399
1.332343,0.523411,0.930021,0.714923
0.915409,0.997277,0.045558,0.569575
3.500986,0.227837,0.83185,0.539348
-0.138721,0.678933,0.826796,0.276183
1.315081,0.012447,0.451992,0.079803
0.076024,0.74114,0.692866,0.665673
1.186767,0.460715,0.037336,0.197066
1.77623,0.121214,0.693574,0.081072
1.238872,0.067892,0.450542,0.01617
0.331724,0.003015,0.076166,0.423678
1.180938,0.069637,0.164427,0.06053
0.789771,0.018589,0.990985,0.092568
-0.591835,0.717092,0.56885,0.672189
2.507364,0.35671,0.896038,0.578245
1.761147,0.214666,0.514074,0.757421
1.468736,0.135444,0.15395,0.981125
0.227462,0.818194,0.677728,0.804329
0.921054,0.041472,0.412287,0.024283
0.487506,0.023804,0.416269,0.933693
-0.161258,0.869717,0.652383,0.95177
-0.600865,0.824721,0.586924,0.951367
1.230327,0.960157,0.818587,0.34907
-0.040498,0.689639,0.609658,0.185983
0.573271,0.491642,0.627759,0.99766
1.951071,0.344601,0.283474,0.277277
0.5404,0.054729,0.547645,0.596318
1.470916,0.212747,0.364569,0.294826
2.066557,0.180604,0.263499,0.100371
-0.286171,0.685991,0.08104,0.441834
1.911474,0.340106,0.944318,0.745615
0.687287,0.231342,0.251643,0.812619
0.619479,0.530487,0.613274,0.610305
0.928449,0.018782,0.356088,0.029468
0.245787,0.830639,0.292736,0.233727
1.960815,0.37666,0.183281,0.688896
1.96215,0.24493,0.52386,0.191653
0.902944,0.774423,0.876958,0.384069
-0.581102,0.801019,0.493718,0.050184
2.18997,0.646632,0.852423,0.364071
-0.152267,0.85588,0.48624,0.988992
1.102278,0.983441,0.368652,0.668589
-0.403666,0.770623,0.198615,0.888491
2.383496,0.231674,0.631421,0.481474
0.518965,0.067014,0.305215,0.936705
-0.352237,0.861183,0.297741,0.009606
2.318132,0.360923,0.895784,0.019883
2.164512,0.236366,0.83571,0.010999
1.052989,0.470241,0.44683,0.708996
0.086619,0.77032,0.189077,0.888459
1.269575,0.318231,0.094703,0.80677
2.734198,0.369958,0.846858,0.448891
0.375357,0.706272,0.589998,0.328866
-0.088998,0.854017,0.806018,0.477565
1.632348,0.051575,0.506772,0.241131
-0.97728,0.817038,0.09697,0.858081
0.106947,0.653064,0.985655,0.859155
-1.350379,0.601842,0.485559,0.915372
1.511441,0.081799,0.322815,0.056399
0.967662,0.055103,0.359981,0.651226
1.224575,0.506391,0.338995,0.182533
-0.321675,0.583371,0.147753,0.109077
-0.068711,0.860918,0.918722,0.898568
1.950968,0.32041,0.335897,0.011351
0.748136,0.661767,0.981858,0.381751
2.432619,0.38223,0.937733,0.274092
2.441318,0.2703,0.119554,0.418633
-0.002382,0.726901,0.669567,0.658526
0.074358,0.769359,0.54974,0.498887
2.144181,0.282934,0.733426,0.559001
0.357062,0.74951,0.835463,0.55132
2.617233,0.394729,0.793038,0.81524
2.244342,0.143629,0.838842,0.210625
1.591111,0.358854,0.454106,0.273901
0.61293,0.433403,0.071374,0.179388
2.638099,0.167967,0.946577,0.936521
-0.013675,0.784759,0.3271,0.737402
-0.007063,0.553051,0.197115,0.216569
1.080424,0.861074,0.962811,0.70863
1.33066,0.290643,0.180433,0.146342
1.645172,0.434119,0.945445,0.552982
1.569695,0.363173,0.619439,0.549078
0.74772,0.272067,0.980114,0.678402
0.742922,0.73119,0.416303,0.317558
1.727446,0.305058,0.846594,0.747797
1.108773,0.998035,0.862577,0.572377
1.041261,0.422032,0.235679,0.005964
1.110024,0.531488,0.764643,0.42537
1.904457,0.174209,0.093936,0.542025
2.974319,0.268227,0.939402,0.976307
1.734511,0.050286,0.764506,0.366123
-0.37771,0.54225,0.087982,0.999844
-1.092702,0.70331,0.190448,0.756549
0.624187,0.566103,0.438894,0.038626
1.743361,0.976697,0.267616,0.240688
2.666547,0.467911,0.892778,0.188234
1.969973,0.332798,0.637576,0.502245
0.326401,0.50341,0.483245,0.842451
1.349881,0.151244,0.430908,0.043347
2.204257,0.10706,0.210391,0.402626
-0.254037,0.748198,0.066898,0.081393
1.584287,0.507853,0.643255,0.518472
1.735891,0.460364,0.248929,0.338866
-0.079883,0.85114,0.62533,0.171523
1.502252,0.974003,0.130341,0.361319
-0.941219,0.604508,0.500406,0.140188
1.560026,0.994023,0.868412,0.775101
-0.478085,0.003114,0.433759,0.656178
0.125089,0.740806,0.712896,0.331504
-0.400086,0.962211,0.359162,0.013983
1.009979,0.024146,0.781854,0.23377
1.451122,0.477854,0.053832,0.548809
0.223376,0.95293,0.37071,0.684337
-0.555439,0.548918,0.174418,0.939046
2.063628,0.415781,0.641477,0.487257
0.387248,0.81826,0.657775,0.428583
-0.222861,0.71116,0.635434,0.598182
-0.465018,0.845656,0.011483,0.447459
0.843835,0.687051,0.861585,0.69208
2.140149,0.477918,0.974964,0.733547
1.996498,0.165686,0.80322,0.125176
-0.502905,0.820451,0.624848,0.87852
-1.035825,0.835098,0.065587,0.822572
1.72179,0.195662,0.509991,0.771303
0.13844,0.735823,0.500269,0.378401
0.55495,0.321687,0.187647,0.882514
-0.426876,0.747227,0.269915,0.374092
-0.654576,0.764782,0.181687,0.67934
1.413915,0.767521,0.982696,0.321152
-0.929018,0.548566,0.431983,0.912844
2.144098,0.561001,0.886333,0.536032
0.613913,0.403532,0.10228,0.880259
-0.061217,0.651187,0.996434,0.902932
1.522071,0.18349,0.695502,0.921481
0.143675,0.969789,0.826118,0.015574
-0.894592,0.647132,0.198684,0.405889
-0.689306,0.638912,0.308146,0.972648
1.912692,0.065277,0.31169,0.307945
0.940009,0.97417,0.716596,0.26659
0.023546,0.611638,0.810351,0.123781
-0.519492,0.898213,0.482907,0.991651
1.40702,0.455777,0.445281,0.186696
3.195344,0.342441,0.981773,0.252016
0.125088,0.616967,0.689157,0.822702
2.173694,0.951438,0.980377,0.175397
0.874963,0.998152,0.255397,0.145267
0.068799,0.609464,0.34455,0.234022
1.594237,0.508605,0.77562,0.247795
1.453588,0.686976,0.864722,0.077761
1.554522,0.95752,0.911472,0.536385
-0.614651,0.74704,0.555147,0.05108
-0.554106,0.734738,0.679699,0.730903
1.893472,0.303446,0.045121,0.134629
1.621232,0.062484,0.922329,0.842082
0.935959,0.157959,0.804319,0.95569
0.377344,0.730305,0.596852,0.756004
1.814252,0.485564,0.998995,0.247105
1.431135,0.954651,0.287742,0.28834
-0.86373,0.629608,0.308406,0.039465
1.221056,0.878178,0.830057,0.138623
2.922451,0.247862,0.709228,0.559879
1.291022,0.272319,0.598433,0.968662
-0.138271,0.694221,0.422418,0.014702
0.506605,0.794115,0.82395,0.542474
1.38307,0.203419,0.160333,0.127159
1.561458,0.362574,0.907617,0.104741
2.202285,0.14273,0.567926,0.342091
0.485571,0.999394,0.647484,0.696343
-0.930771,0.681047,0.412973,0.863684
0.672668,0.475369,0.101425,0.077908
1.504055,0.258516,0.946643,0.576129
0.125547,0.754953,0.603569,0.62559
1.415161,0.46721,0.319537,0.410045
0.510433,0.998916,0.154704,0.691491
0.034313,0.959001,0.53123,0.242716
0.802878,0.276224,0.741086,0.992092
1.669241,0.255073,0.38112,0.607977
1.578315,0.291916,0.904368,0.803978
1.437526,0.94589,0.500305,0.311852
-0.355502,0.387159,0.364565,0.975697
-0.970384,0.732033,0.259686,0.913403
0.311633,0.452963,0.278877,0.963727
2.886368,0.273084,0.24155,0.711625
-0.560747,0.789422,0.322005,0.952462
0.363052,0.606566,0.303708,0.402011
0.84906,0.422212,0.536272,0.916646
-0.685224,0.628356,0.428805,0.677643
1.921401,0.310689,0.532608,0.402285
2.554838,0.315354,0.956761,0.230171
-1.692501,0.661671,0.48381,0.797027
0.916182,0.642158,0.779401,0.47877
0.173949,0.892642,0.052691,0.019505
1.945581,0.19067,0.82108,0.464741
0.207349,0.72885,0.442286,0.164787
1.338185,0.23803,0.167163,0.202966
-0.235221,0.856934,0.425975,0.614831
0.75538,0.01421,0.701392,0.484193
1.041484,0.978866,0.838175,0.744822
1.638495,0.137913,0.600791,0.631682
1.925747,0.382839,0.985887,0.121905
0.624265,0.557997,0.944573,0.976772
0.184059,0.666976,0.922548,0.305593
2.547512,0.14175,0.633148,0.287369
0.232987,0.514272,0.359737,0.054821
0.935994,0.082868,0.10732,0.371084
0.320442,0.572101,0.730804,0.692598
0.284248,0.012517,0.570928,0.780247
1.045099,0.038464,0.623181,0.575612
0.649467,0.585231,0.417124,0.257941
0.627793,0.909632,0.470965,0.119918
0.808927,0.074613,0.276527,0.827866
-0.156408,0.724033,0.367893,0.717452
1.346773,0.461133,0.242142,0.50425
2.814893,0.372841,0.719196,0.506679
1.507602,0.461143,0.578022,0.257073
1.45165,0.254649,0.665796,0.896207
2.21644,0.121803,0.411109,0.233498
0.325676,0.502333,0.301211,0.207626
-1.134401,0.643283,0.01256,0.040134
1.931227,0.148998,0.54998,0.553967
-0.383481,0.568489,0.097413,0.655475
0.427626,0.630063,0.347142,0.288341
1.989114,0.328928,0.302223,0.456249
0.179067,0.679257,0.971,0.927123
1.435776,0.051343,0.284861,0.380046
2.479809,0.231116,0.870395,0.363662
0.615773,0.075261,0.627757,0.796631
-0.143541,0.846748,0.366296,0.173819
0.811057,0.566992,0.701449,0.804407
-0.427207,0.65373,0.687257,0.625862
1.570992,0.476169,0.930624,0.755281
0.944078,0.829271,0.855353,0.135786
2.898366,0.302395,0.93096,0.521533
1.636636,0.866267,0.961626,0.304738
-0.684703,0.849295,0.524693,0.922538
2.346258,0.256584,0.977657,0.241759
1.603597,0.270496,0.200102,0.077028
0.166751,0.834377,0.974701,0.975567
0.156062,0.726538,0.303663,0.786446
1.033815,0.053921,0.001689,0.223809
0.733145,0.104704,0.531403,0.844537
0.562957,0.67193,0.811234,0.603907
-0.161496,0.836921,0.512612,0.131409
1.146254,0.368749,0.981111,0.116798
0.305102,0.927309,0.645787,0.040763
1.83605,0.478956,0.730198,0.551553
0.085815,0.567919,0.335713,0.070259
2.249357,0.147155,0.673185,0.634032
1.287259,0.008093,0.963056,0.661138
2.245088,0.057675,0.841367,0.547391
-0.429669,0.797104,0.023827,0.995022
0.215098,0.715122,0.277731,0.295575
1.225503,0.058512,0.25733,0.267493
-0.349643,0.716934,0.366782,0.441625
1.44894,0.275683,0.070554,0.745788
-0.124743,0.755258,0.026607,0.361457
1.54685,0.083223,0.253039,0.810848
-0.2898,0.853066,0.67164,0.759197
2.338303,0.463648,0.972832,0.471824
2.035767,0.208779,0.867023,0.662094
1.687213,0.731137,0.990802,0.659121
0.735814,0.841537,0.264761,0.362925
2.999981,0.147414,0.776133,0.612479
0.76414,0.478317,0.340717,0.347847
1.277297,0.46589,0.613458,0.379724
2.322653,0.149883,0.64088,0.430035
0.136951,0.828431,0.00568,0.837612
0.147198,0.831882,0.200229,0.369326
0.389665,0.737863,0.990155,0.866699
1.86826,0.124565,0.830183,0.461655
1.242549,0.106928,0.050402,0.743542
0.892896,0.357661,0.10846,0.197546
0.672167,0.898419,0.764827,0.095104
-1.207137,0.799695,0.558132,0.025848
-0.372691,0.67862,0.076153,0.978705
1.342946,0.394948,0.348174,0.155391
2.074142,0.313802,0.100936,0.97587
2.018757,0.429257,0.777276,0.42504
0.976001,0.546413,0.819316,0.168096
0.707625,0.677143,0.652115,0.354187
2.070372,0.099422,0.017614,0.454469
-0.049055,0.932487,0.290036,0.679884
0.157319,0.540092,0.801088,0.882687
0.824236,0.482405,0.878237,0.783406
2.218683,0.475974,0.979027,0.52687
0.662043,0.475464,0.351365,0.126441
2.538923,0.237673,0.878895,0.619363
1.180512,0.348401,0.126244,0.240173
-0.664319,0.634161,0.253024,0.893265
1.713733,0.387006,0.267754,0.746521
2.846746,0.196027,0.733452,0.393767
1.387203,0.435382,0.63865,0.301341
-0.090884,0.694114,0.450793,0.16817
1.660336,0.389804,0.18935,0.388012
1.257342,0.949667,0.737876,0.912406
0.901388,0.759088,0.841082,0.902406
1.588013,0.133727,0.210669,0.778645
-0.109233,0.919702,0.373059,0.778912
3.024404,0.204468,0.771348,0.269611
0.943135,0.0535,0.190038,0.315026
2.100864,0.272517,0.918378,0.864611
0.692525,0.081032,0.600108,0.89265
0.731328,0.382946,0.66814,0.82047
1.920363,0.601177,0.691621,0.329984
2.443686,0.548694,0.994073,0.21122
1.270916,0.426917,0.553444,0.178833
2.142883,0.064568,0.786522,0.93003
-0.94934,0.709742,0.488721,0.728479
1.77851,0.415546,0.786853,0.700461
-0.333077,0.726202,0.523144,0.39996
0.831746,0.592513,0.46638,0.589247
0.345316,0.891286,0.459138,0.652995
1.459004,0.452385,0.379686,0.788596
0.301851,0.915581,0.559379,0.30767
-0.577672,0.733343,0.982089,0.906041
1.133573,0.677574,0.998686,0.768438
1.283244,0.179497,0.036244,0.810574
1.914773,0.138846,0.207476,0.795718
-1.091948,0.716422,0.264536,0.799622
0.091785,0.905334,0.432918,0.604326
1.987371,0.370219,0.545955,0.484879
1.423951,0.507215,0.881082,0.532712
0.081286,0.686937,0.191743,0.431186
1.750029,0.156899,0.447622,0.477057
1.821797,0.261614,0.814137,0.023916
0.01349,0.812844,0.354278,0.129346
-0.465534,0.858789,0.877263,0.835082
1.725585,0.357004,0.813263,0.475692
0.532265,0.925369,0.654841,0.68311
-0.26245,0.143504,0.444137,0.041994
0.825618,0.434986,0.060105,0.337033
0.317243,0.765901,0.580301,0.343318
1.29293,0.363595,0.466951,0.307084
2.387625,0.105789,0.347744,0.503444
3.511436,0.191419,0.888385,0.088722
0.305907,0.517472,0.639962,0.823315
2.052056,0.331164,0.272407,0.563066
1.742626,0.269285,0.65929,0.861594
-0.46617,0.670481,0.931416,0.89555
0.507477,0.606724,0.708141,0.54057
0.788928,0.015988,0.531802,0.808322
-0.464505,0.7418,0.360727,0.608564
1.854704,0.293415,0.466848,0.820389
-0.613469,0.766485,0.704308,0.05749
0.867689,0.837423,0.428002,0.107688
-0.600296,0.663599,0.529474,0.85478
0.762146,0.517478,0.83223,0.958989
0.959587,0.489212,0.195045,0.408098
1.228517,0.565619,0.973151,0.153206
0.436452,0.050567,0.209593,0.714905
-0.911455,0.939449,0.239952,0.679233
-0.305112,0.631053,0.126869,0.600583
2.210761,0.230411,0.783586,0.046926
3.238432,0.363807,0.957976,0.354032
1.013868,0.955127,0.412013,0.061041
1.217064,0.4223,0.867653,0.748023
0.561663,0.744419,0.400096,0.666767
0.256777,0.875553,0.072914,0.34247
0.275494,0.687772,0.110963,0.435039
0.154455,0.979304,0.054618,0.861736
-0.032788,0.763766,0.721133,0.079333
1.560605,0.285968,0.323555,0.11864
-0.169677,0.847495,0.764031,0.123179
-0.635146,0.573774,0.51498,0.791373
2.617996,0.525176,0.586324,0.453916
1.388037,0.096035,0.069364,0.795052
0.392537,0.966634,0.649302,0.729731
0.422752,0.920187,0.568049,0.974398
1.389417,0.427945,0.203187,0.231676
0.879542,0.981852,0.741722,0.653373
0.255616,0.326052,0.036293,0.886691
-1.237666,0.722621,0.239524,0.987145
2.348872,0.145113,0.94075,0.052954
1.074045,0.917216,0.602005,0.360798
0.607127,0.606684,0.6369,0.179346
0.585919,0.752641,0.651158,0.98019
1.562493,0.266974,0.098802,0.661587
0.457797,0.495979,0.883154,0.726939
0.306178,0.913215,0.594005,0.869651
0.806629,0.583386,0.875486,0.579461
1.142183,0.306875,0.4003,0.475723
-0.54011,0.782889,0.010238,0.954771
1.704688,0.317408,0.361988,0.192866
1.521566,0.070348,0.880815,0.57343
1.523291,0.20632,0.882227,0.995005
0.734914,0.557924,0.987099,0.766669
0.154119,0.619671,0.442075,0.022956
1.384485,0.320413,0.715047,0.821958
0.101511,0.599584,0.174228,0.423802
0.357794,0.933219,0.919753,0.705478
2.535584,0.312136,0.822145,0.98467
1.079406,0.270493,0.471306,0.516591
1.760738,0.137305,0.800138,0.215293
0.991506,0.530866,0.659704,0.467018
0.28398,0.753121,0.803936,0.075083
-0.410764,0.71801,0.703647,0.713429
-0.248341,0.589416,0.537246,0.873538
1.26469,0.217199,0.476493,0.001645
0.165505,0.764974,0.817183,0.774131
0.787421,0.045015,0.630063,0.056252
1.518629,0.431766,0.024197,0.527284
0.013998,0.918833,0.120145,0.957114
1.971478,0.029663,0.954384,0.330661
0.985162,0.098319,0.348696,0.979263
0.766565,0.701723,0.451921,0.500482
0.152659,0.477776,0.190291,0.609597
-0.578059,0.677142,0.741562,0.035566
1.433235,0.189165,0.557767,0.870094
0.513701,0.460109,0.80292,0.887123
-1.100446,0.671069,0.415667,0.894127
2.295525,0.281717,0.599381,0.409363
2.027621,0.127356,0.617178,0.32123
1.804679,0.025661,0.816272,0.028908
0.339004,0.751003,0.627315,0.598063
1.395235,0.371859,0.202573,0.96821
0.337016,0.887887,0.014257,0.072706
-0.273559,0.619475,0.118442,0.16924
2.565683,0.161536,0.331708,0.589915
0.041912,0.824102,0.843452,0.700171
-0.343404,0.616043,0.144165,0.627682
-0.326864,0.939896,0.64891,0.149293
1.729025,0.161915,0.06154,0.95192
1.859905,0.138629,0.462919,0.190445
2.420906,0.446707,0.93645,0.655643
-0.21146,0.706067,0.4335,0.133316
-0.46976,0.795114,0.002482,0.453735
1.468519,0.32906,0.669812,0.983679
1.978594,0.528518,0.85371,0.305191
1.809457,0.206344,0.127484,0.712528
-0.752137,0.648775,0.799995,0.064855
0.988563,0.881066,0.841607,0.38242
0.930223,0.904113,0.991314,0.088423
1.645445,0.612524,0.824204,0.583844
1.726022,0.261153,0.291738,0.729319
0.668532,0.47357,0.528893,0.76442
-0.566453,0.611406,0.378087,0.237581
0.143645,0.703429,0.30731,0.664552
0.31405,0.774715,0.566387,0.29373
1.63417,0.103386,0.395531,0.370484
1.17447,0.57516,0.844238,0.508846
-0.662236,0.593096,0.738357,0.86268
1.680486,0.360274,0.700477,0.27494
0.992933,0.437603,0.542971,0.582457
1.451695,0.075126,0.051129,0.317245
2.266536,0.080576,0.888052,0.340708
-0.373425,0.752866,0.19855,0.652146
1.086739,0.386804,0.476233,0.148536
-0.104203,0.60682,0.098385,0.582913
1.968723,0.30791,0.754209,0.031719
-0.119079,0.576009,0.50495,0.857876
1.898991,0.184336,0.729214,0.922654
1.884348,0.222947,0.937559,0.226692
1.939117,0.372558,0.543115,0.926094
0.190398,0.815688,0.632942,0.132493
1.384247,0.031543,0.119689,0.742198
2.00289,0.269859,0.703756,0.735188
1.024026,0.071618,0.789611,0.798139
0.964073,0.3945,0.368698,0.91813
0.559272,0.400712,0.81361,0.922691
0.45108,0.418804,0.303834,0.940687
3.108912,0.404803,0.660294,0.388458
0.441573,0.946798,0.56018,0.224876
-0.684535,0.722659,0.173279,0.116044
1.023982,0.366769,0.721657,0.815886
1.272041,0.46793,0.279661,0.118112
1.382581,0.345806,0.773829,0.138542
-0.137266,0.863267,0.366952,0.134408
0.245041,0.959781,0.400191,0.140413
2.548106,0.251139,0.047624,0.581184
3.459996,0.169069,0.955758,0.478935
2.010562,0.166683,0.796412,0.786586
-0.339294,0.767494,0.285937,0.838594
-0.386299,0.779522,0.356107,0.248083
0.208181,0.097599,0.182214,0.840171
0.339792,0.791168,0.817814,0.894588
-0.070329,0.694283,0.406818,0.775735
-0.063802,0.545241,0.471631,0.96907
-0.407966,0.863085,0.317729,0.744035
0.977211,0.027854,0.216812,0.050636
2.2209,0.265316,0.546879,0.150924
0.99275,0.99274,0.145199,0.569958
0.831955,0.719429,0.708373,0.285584
0.006909,0.780328,0.020841,0.046323
1.915812,0.444764,0.758078,0.92397
0.074949,0.866318,0.913661,0.837799
1.732382,0.424964,0.001385,0.698796
-1.846958,0.835266,0.184785,0.896242
1.400578,0.34578,0.614144,0.891075
-0.652538,0.879497,0.413994,0.547496
1.343213,0.225729,0.014298,0.053352
1.785514,0.418786,0.95191,0.003906
2.031116,0.479808,0.875702,0.046006
1.299755,0.896866,0.214656,0.483473
1.111102,0.388446,0.946823,0.633937
0.660082,0.472223,0.382831,0.569006
0.279493,0.517773,0.881347,0.130445
1.468635,0.079418,0.459552,0.041274
0.803017,0.662065,0.958166,0.550565
0.369866,0.413205,0.33132,0.772328
0.24162,0.995792,0.496558,0.919828
0.11677,0.785459,0.714824,0.769278
1.868352,0.035039,0.972292,0.191591
1.927557,0.118735,0.542171,0.485109
-0.201949,0.87597,0.096673,0.595179
-0.235056,0.907482,0.338674,0.922176
1.937839,0.21111,0.253083,0.11965
2.437398,0.25132,0.297171,0.613527
-0.182671,0.835818,0.579185,0.852752
0.16445,0.493063,0.239895,0.935964
0.35223,0.854918,0.895537,0.589692
-0.55455,0.955059,0.184063,0.971715
0.846313,0.821694,0.834882,0.297596
2.844258,0.203055,0.961087,0.810784
2.707405,0.397439,0.4565,0.493782
-0.115931,0.659623,0.058874,0.192795
0.968545,0.578607,0.48775,0.311172
0.957162,0.047546,0.293293,0.58737
0.130297,0.539749,0.313333,0.55796
-1.162953,0.765961,0.071499,0.941668
1.779718,0.284927,0.855586,0.222327
1.528703,0.424786,0.750521,0.295552
1.276479,0.798293,0.869213,0.719433
1.717438,0.338844,0.428236,0.15699
1.445427,0.222696,0.955432,0.982671
0.370215,0.470836,0.03874,0.173094
0.329408,0.538755,0.430234,0.397789
1.294335,0.282102,0.723362,0.829357
0.615693,0.269798,0.172425,0.90765
0.252149,0.601165,0.014568,0.959418
0.941811,0.008176,0.758789,0.876121
1.422349,0.368357,0.763458,0.985903
0.606373,0.80201,0.455062,0.385526
-0.017209,0.839229,0.300724,0.352107
2.060176,0.029741,0.879666,0.331734
0.783429,0.032777,0.053206,0.559571
2.220092,0.292337,0.581592,0.493051
0.747286,0.749867,0.914838,0.371652
-1.180007,0.699975,0.382115,0.950491
0.66628,0.024902,0.241191,0.864471
-0.504785,0.86941,0.433121,0.99157
0.983921,0.770282,0.192633,0.274792
1.603539,0.943028,0.316548,0.328643
-0.008523,0.735011,0.957997,0.23497
0.807725,0.020881,0.862052,0.796793
0.559398,0.707889,0.779283,0.532101
0.385077,0.949117,0.359219,0.786248
2.030661,0.122771,0.032354,0.336092
3.001686,0.120383,0.114649,0.571384
1.694867,0.157039,0.151331,0.388094
-0.418971,0.662871,0.450728,0.98799
0.448527,0.575449,0.209832,0.306322
0.801166,0.681831,0.623263,0.476592
0.403567,0.53228,0.229946,0.816506
-0.376511,0.739472,0.744815,0.09654
0.413483,0.68568,0.055176,0.15316
0.926863,0.019955,0.093592,0.753657
1.393825,0.185728,0.654759,0.142844
1.764616,0.333251,0.380857,0.930386
1.665917,0.223907,0.324733,0.609575
-0.413277,0.761901,0.127082,0.578466
0.773904,0.459723,0.012716,0.632142
1.755628,0.435327,0.159698,0.045968
-0.567802,0.712619,0.510285,0.959168
0.666269,0.613807,0.359444,0.722853
1.229419,0.34855,0.304159,0.255779
1.929063,0.405451,0.809225,0.696174
0.6722,0.991954,0.972285,0.322546
0.366287,0.434809,0.851051,0.972848
0.074815,0.796086,0.054162,0.695118
0.444843,0.084432,0.581019,0.980974
0.41934,0.896113,0.054112,0.578634
1.276155,0.905453,0.772801,0.582213
1.605537,0.906881,0.844704,0.200525
0.779956,0.963079,0.310684,0.586676
0.586466,0.503468,0.1424,0.362652
0.665092,0.378346,0.463791,0.196311
1.87995,0.316854,0.898216,0.437917
1.136505,0.57053,0.632485,0.172132
2.423983,0.152736,0.231038,0.330902
0.779674,0.868783,0.961842,0.112049
0.632556,0.936529,0.544165,0.731403
0.224895,0.020855,0.53378,0.068801
2.187374,0.288787,0.750881,0.180946
2.065768,0.830059,0.992638,0.418277
-0.34546,0.662575,0.077169,0.565225
2.335443,0.40428,0.644942,0.413879
1.585533,0.11224,0.711206,0.762744
0.521798,0.696349,0.470683,0.068445
0.923101,0.044055,0.629906,0.3888
0.640762,0.327215,0.383535,0.654279
1.879474,0.491851,0.724737,0.062187
1.359933,0.17621,0.419184,0.317983
1.611119,0.051263,0.002435,0.48956
0.167488,0.903671,0.418115,0.665302
2.193823,0.354822,0.509752,0.528863
3.578515,0.239407,0.991246,0.576635
-0.139612,0.79461,0.666902,0.007849
2.46104,0.312806,0.244106,0.386279
-0.263005,0.720065,0.299168,0.352462
0.32087,0.836015,0.091875,0.964671
-0.175147,0.919068,0.436865,0.844181
1.622211,0.171864,0.302035,0.399271
2.624976,0.327478,0.669804,0.369347
0.862296,0.039332,0.882748,0.983556
-0.112523,0.848193,0.627277,0.99877
-0.782565,0.889794,0.157496,0.661125
1.364157,0.218472,0.148911,0.614091
3.227095,0.202894,0.919714,0.347667
0.339063,0.006134,0.181687,0.529313
0.545467,0.726123,0.849032,0.160419
1.648302,0.108905,0.679568,0.975772
1.318455,0.306292,0.556955,0.076484
0.786872,0.045634,0.764854,0.985261
-0.054288,0.586144,0.695748,0.981466
2.343141,0.264187,0.511205,0.257167
0.037979,0.700779,0.853954,0.134666
0.347216,0.584297,0.894386,0.116097
-1.455925,0.637958,0.329811,0.472746
2.07391,0.318545,0.26924,0.103558
1.287376,0.518979,0.484976,0.675097
1.112214,0.388165,0.500154,0.176013
1.667616,0.098951,0.394434,0.467861
0.609208,0.471441,0.355546,0.114728
-0.177488,0.600002,0.225237,0.923979
0.446171,0.904287,0.633262,0.19778
1.115229,0.441366,0.347015,0.333762
0.937264,0.776798,0.914378,0.027369
-0.512034,0.738684,0.448407,0.171577
1.199283,0.217902,0.355569,0.977035
0.22436,0.940587,0.506738,0.664146
-0.071585,0.764679,0.80791,0.984763
0.558396,0.000578,0.028316,0.726851
0.162712,0.842518,0.163154,0.16186
2.282151,0.200229,0.802457,0.158884
0.350452,0.915494,0.462703,0.069601
-0.616785,0.742424,0.14868,0.156465
2.096667,0.165212,0.576583,0.410149
0.715671,0.040465,0.539076,0.551309
1.053664,0.104795,0.139377,0.858643
0.448505,0.520174,0.417456,0.259163
-0.493913,0.879664,0.130421,0.631971
0.52162,0.535219,0.651211,0.879559
-0.2558,0.967381,0.261016,0.861391
1.455939,0.331043,0.919487,0.075571
1.971858,0.434203,0.51712,0.449701
1.4471,0.93023,0.784614,0.191654
0.016487,0.635809,0.786612,0.774292
1.493907,0.548363,0.759069,0.228557
2.64116,0.213345,0.511433,0.397359
2.372085,0.404629,0.79845,0.171661
1.2845,0.165168,0.191174,0.614614
0.420657,0.504994,0.567642,0.888069
1.082894,0.050944,0.443631,0.42524
1.186506,0.458646,0.946304,0.7395
-0.522719,0.965612,0.179222,0.933885
0.003396,0.682171,0.450639,0.579973
0.273937,0.812853,0.303924,0.385961
2.064096,0.361001,0.374525,0.353297
0.636975,0.469434,0.842816,0.875122
-0.775769,0.780895,0.108349,0.234072
1.928615,0.160014,0.229762,0.70488
-0.17332,0.966535,0.263515,0.057089
-0.663774,0.853765,0.236943,0.093891
1.790692,0.08609,0.878115,0.058051
1.658777,0.467236,0.326372,0.495457
1.242659,0.503878,0.927373,0.576147
-0.39807,0.611284,0.818945,0.961543
2.253809,0.406431,0.038859,0.203533
1.468774,0.031724,0.98468,0.891679
0.986329,0.380636,0.299036,0.604233
1.531641,0.083444,0.926574,0.680765
-0.334567,0.59989,0.219199,0.581535
2.04287,0.264881,0.779754,0.198234
0.149333,0.648277,0.767087,0.650337
1.159213,0.512695,0.642384,0.07449
-0.770284,0.733107,0.466639,0.719365
2.346475,0.327617,0.900457,0.333508
-0.120629,0.485343,0.220569,0.719948
2.409098,0.376773,0.631785,0.547015
1.99534,0.238133,0.497546,0.501044
1.363984,0.824968,0.003001,0.451394
0.260953,0.173583,0.074672,0.041903
0.041816,0.533444,0.204647,0.60365
0.340323,0.490924,0.661276,0.046339
1.161725,0.123301,0.703038,0.616991
0.138108,0.546716,0.213271,0.634792
0.212068,0.669613,0.683677,0.53505
2.996651,0.173798,0.461816,0.37871
0.32828,0.502762,0.475373,0.753041
1.035962,0.319671,0.857752,0.961756
-0.364478,0.782316,0.472721,0.510162
1.546909,0.578049,0.880601,0.187631
2.763124,0.273911,0.598118,0.504567
2.196054,0.398508,0.752809,0.273703
-0.813169,0.708614,0.098802,0.758846
-0.562833,0.775828,0.777937,0.014644
0.768095,0.649769,0.949854,0.954072
1.197809,0.207281,0.7384,0.637736
2.810846,0.221721,0.898205,0.706102
-0.783582,0.705998,0.309261,0.87551
0.012318,0.865092,0.011037,0.681445
0.319775,0.39391,0.21607,0.950158
1.060389,0.77454,0.941442,0.41117
-0.340332,0.796228,0.475083,0.240889
0.18729,0.852791,0.990627,0.009115
1.045644,0.148763,0.185807,0.400504
1.123458,0.411185,0.137179,0.620619
2.277218,0.187835,0.348088,0.654102
-0.61747,0.882578,0.558084,0.767901
0.571583,0.939925,0.648488,0.847812
1.551017,0.441193,0.852647,0.638342
0.067092,0.877746,0.632748,0.29468
2.198639,0.174382,0.869589,0.778454
1.306492,0.326249,0.775486,0.879799
1.482018,0.107815,0.852943,0.836419
2.245785,0.228891,0.306382,0.306132
0.083392,0.787686,0.691804,0.264278
1.645195,0.026735,0.848231,0.787748
2.321723,0.354162,0.588257,0.27775
-1.258849,0.6503,0.13014,0.111201
0.626133,0.379653,0.151323,0.572357
-0.431104,0.816476,0.756279,0.875535
-0.2696,0.838563,0.60488,0.59776
2.196608,0.155237,0.691069,0.569238
3.416833,0.27315,0.939488,0.578343
0.054329,0.846081,0.42664,0.444712
1.243314,0.343579,0.541336,0.142455
2.101456,0.263793,0.247108,0.163759
-0.44933,0.759145,0.441436,0.721112
2.209969,0.086482,0.564669,0.293081
0.86572,0.727062,0.584227,0.292982
2.216745,0.06151,0.781095,0.793554
3.058659,0.271414,0.477729,0.216891
0.272855,0.667622,0.605429,0.091649
2.116277,0.362829,0.102018,0.635395
2.090453,0.193909,0.657614,0.447411
2.096193,0.274413,0.14798,0.418886
0.158822,0.478225,0.247067,0.770629
0.175075,0.850648,0.745084,0.327569
2.135694,0.160509,0.528093,0.669285
2.291317,0.168045,0.137299,0.377711
0.404882,0.945045,0.428654,0.786777
0.547403,0.51194,0.501132,0.092463
-0.78788,0.829186,0.33033,0.697322
0.005217,0.570435,0.084121,0.534992
0.27877,0.626773,0.439064,0.295272
1.448663,0.392224,0.573765,0.290351
0.707724,0.435715,0.15991,0.157314
1.346653,0.014839,0.151353,0.652103
0.137095,0.756219,0.867914,0.947649
0.994549,0.516968,0.036625,0.342946
1.543225,0.04763,0.390644,0.94649
-0.043701,0.466122,0.364472,0.897778
-0.397572,0.552273,0.315145,0.838104
1.163289,0.634859,0.935279,0.310055
1.482529,0.055379,0.040531,0.460159
0.737824,0.592933,0.783434,0.030852
0.976992,0.03576,0.334847,0.895444
0.366004,0.013198,0.800254,0.837598
1.831265,0.247166,0.17246,0.268875
0.149695,0.728115,0.316194,0.209533
1.709361,0.420356,0.553492,0.618927
2.496577,0.211866,0.869052,0.317364
0.218336,0.835326,0.396723,0.343343
1.813529,0.217574,0.19027,0.357626
1.474191,0.193306,0.341075,0.716798
-1.138493,0.815174,0.373452,0.011289
0.543379,0.523704,0.443431,0.933691
0.595942,0.706713,0.289239,0.412014
0.908064,0.456077,0.751226,0.852918
0.467931,0.847796,0.095775,0.830889
-0.051774,0.588919,0.68678,0.049075
0.665626,0.950402,0.764777,0.161494
1.469786,0.373546,0.049515,0.343335
-0.594445,0.715109,0.652323,0.892481
2.713767,0.291053,0.662002,0.917823
1.086539,0.989056,0.833352,0.00943
0.726537,0.855508,0.831077,0.417604
0.747395,0.096299,0.016979,0.995442
2.703316,0.334786,0.305332,0.571608
0.157065,0.677537,0.854566,0.435414
-0.441327,0.589815,0.090993,0.118707
0.072317,0.946228,0.264109,0.838761
2.747318,0.266456,0.486065,0.617201
1.642239,0.560587,0.869915,0.394926
0.204301,0.883901,0.608857,0.065172
0.549202,0.836937,0.665546,0.079225
0.552417,0.903147,0.70214,0.091526
-0.697332,0.643165,0.140889,0.862947
1.835379,0.482954,0.91294,0.479707
1.519898,0.472863,0.401599,0.522417
1.862111,0.166756,0.625124,0.624739
0.271009,0.930744,0.095552,0.214273
0.703413,0.628351,0.800394,0.868033
1.276007,0.299909,0.2912,0.641462
2.602921,0.27798,0.63149,0.135967
2.291598,0.426757,0.60576,0.429263
1.709846,0.23787,0.566287,0.958703
-0.089702,0.712455,0.431574,0.336684
2.275584,0.218897,0.959219,0.152717
0.283587,0.567129,0.564475,0.72725
1.031587,0.060629,0.3663,0.703708
0.721884,0.458803,0.382438,0.789686
-0.019027,0.883996,0.825344,0.022758
1.762698,0.944076,0.869106,0.453313
0.016622,0.622664,0.622559,0.97012
1.842354,0.226113,0.914075,0.667028
0.426197,0.793773,0.974181,0.76623
2.496948,0.195241,0.221899,0.592715
0.708956,0.388267,0.215923,0.414612
-0.047494,0.685048,0.003473,0.477007
0.009123,0.788259,0.25854,0.158496
0.722204,0.420124,0.185923,0.650503
2.302538,0.333214,0.970942,0.144992
-0.028731,0.668317,0.290922,0.111775
1.098328,0.524136,0.022919,0.431514
0.866518,0.517303,0.124687,0.606314
2.336999,0.361687,0.708884,0.369678
1.443056,0.186847,0.957367,0.204785
0.452195,0.965882,0.530705,0.650485
1.190489,0.073709,0.295289,0.675863
1.283178,0.159841,0.525614,0.715958
0.384336,0.971705,0.150806,0.616239
1.261971,0.153849,0.119567,0.827812
-0.18808,0.723555,0.517931,0.835945
2.682467,0.228093,0.086833,0.661856
0.708267,0.610659,0.764094,0.803331
0.952851,0.081876,0.216,0.340842
1.171037,0.7749,0.679111,0.464747
1.179394,0.970655,0.412819,0.18106
0.463607,0.61304,0.661606,0.245394
0.733071,0.450016,0.14451,0.339682
1.082353,0.434199,0.352782,0.712035
2.369479,0.253304,0.92566,0.446691
-0.653716,0.693059,0.832711,0.767227
1.029159,0.864193,0.778801,0.590736
1.279377,0.053871,0.139594,0.245071
0.670657,0.918501,0.589065,0.230359
-0.077953,0.489614,0.384505,0.04061
2.730757,0.207039,0.886167,0.113344
0.733698,0.722692,0.679344,0.173992
-0.122722,0.725357,0.080742,0.355056
-0.158804,0.758952,0.179543,0.181231
2.140816,0.036544,0.532202,0.208818
0.315838,0.038982,0.591948,0.626988
1.33135,0.505131,0.667831,0.603999
0.756626,0.730057,0.962791,0.170719
1.108012,0.504688,0.681858,0.051559
0.901107,0.537455,0.860914,0.216055
1.116393,0.49637,0.844742,0.127798
-0.394728,0.941155,0.506344,0.083256
-0.059258,0.453546,0.142633,0.97514
0.296992,0.914623,0.589867,0.268614
1.195833,0.247729,0.537672,0.300743
1.975194,0.200213,0.531279,0.223137
1.25374,0.028908,0.167512,0.459347
1.148234,0.974186,0.582266,0.573911
0.422898,0.036251,0.242447,0.927157
1.627582,0.141781,0.407564,0.399404
-0.199893,0.742876,0.099406,0.063069
1.980639,0.040261,0.758502,0.177422
1.493885,0.120889,0.229801,0.434292
1.221632,0.047828,0.342302,0.316997
0.934853,0.784736,0.836124,0.363621
-0.284459,0.660651,0.975301,0.975345
0.361206,0.940658,0.755912,0.999918
1.81768,0.625192,0.885216,0.527716
-0.255547,0.416707,0.382198,0.882161
0.967388,0.972592,0.686565,0.345439
-1.023785,0.800405,0.117247,0.61463
1.757795,0.171011,0.86876,0.120293
1.73138,0.173687,0.365558,0.501114
-0.031408,0.698721,0.946898,0.623904
0.885185,0.443868,0.718239,0.905844
1.128921,0.146864,0.334181,0.687474
1.167694,0.01577,0.44399,0.688986
0.522474,0.743913,0.855799,0.06359
0.622451,0.125992,0.255941,0.924045
0.688505,0.051422,0.157485,0.102253
2.059842,0.040984,0.957386,0.156065
0.611877,0.667847,0.992108,0.085119
1.078551,0.871128,0.753662,0.278873
1.184478,0.107853,0.040396,0.965971
1.251621,0.42399,0.012556,0.772021
0.078421,0.565902,0.516219,0.93804
1.822035,0.284693,0.119191,0.373732
-0.378258,0.709989,0.118291,0.62559
0.486248,0.452659,0.076485,0.767504
2.480513,0.00545,0.937691,0.331772
1.420415,0.463699,0.442697,0.539575
1.865333,0.405864,0.129616,0.321195
-0.579372,0.782341,0.262235,0.171882
0.738935,0.193766,0.175372,0.058423
0.690344,0.263138,0.238799,0.851334
0.464755,0.753439,0.365015,0.699393
-0.437482,0.636781,0.583106,0.950326
0.111004,0.735333,0.035657,0.184858
0.493632,0.660294,0.73542,0.267866
-0.08359,0.76755,0.895773,0.100626
0.396933,0.59857,0.573991,0.824916
1.412531,0.083809,0.443177,0.007518
0.528694,0.538105,0.563141,0.405378
0.033211,0.705702,0.471556,0.613933
1.098061,0.992193,0.984248,0.048456
1.36016,0.956578,0.716683,0.787482
0.447396,0.820606,0.725825,0.628749
0.075741,0.852261,0.062263,0.153462
-0.170641,0.616608,0.225126,0.149957
1.135991,0.532916,0.859866,0.311282
0.105237,0.613398,0.030492,0.085324
-0.366082,0.787765,0.12971,0.543527
0.422602,0.436979,0.434575,0.924987
0.463824,0.545532,0.45748,0.639198
0.764249,0.128422,0.08405,0.600446
1.06675,0.625555,0.364509,0.183258
2.579615,0.301973,0.910555,0.580245
1.805788,0.486809,0.599125,0.474396
0.017487,0.576935,0.700603,0.837664
-0.384053,0.850434,0.639697,0.846597
0.155738,0.936105,0.399179,0.124476
0.129199,0.740929,0.550846,0.281275
-0.778874,0.765595,0.402837,0.996491
0.768305,0.144695,0.663596,0.951452
2.073912,0.148514,0.29747,0.228542
1.00254,0.894183,0.798096,0.316436
2.91348,0.399488,0.71572,0.384837
1.935779,0.994839,0.825432,0.555915
-1.114156,0.582759,0.201349,0.96506
2.681674,0.202933,0.917876,0.151576
-0.128057,0.978009,0.126585,0.681955
1.188417,0.512348,0.64813,0.172732
0.344078,0.704054,0.424728,0.333656
0.489026,0.754868,0.823392,0.851543
0.282479,0.695779,0.59103,0.17657
1.991427,0.076562,0.78335,0.563871
1.418897,0.359541,0.559669,0.680865
2.404541,0.162689,0.017734,0.409307
-0.413028,0.757039,0.432994,0.298714
1.444374,0.404433,0.339717,0.763021
2.10893,0.37911,0.668081,0.6516
0.055321,0.649523,0.520341,0.144717
-0.328574,0.948072,0.869734,0.149684
1.042341,0.05722,0.346451,0.125695
1.432045,0.396178,0.270936,0.105549
0.375589,0.996123,0.956296,0.994249
1.973286,0.078795,0.613342,0.612461
2.309036,0.191926,0.967077,0.028596
1.555303,0.120955,0.872133,0.057594
1.936239,0.083436,0.744881,0.461075
1.676931,0.450751,0.836463,0.667166
1.173888,0.739569,0.687694,0.513441
0.729071,0.998523,0.310492,0.140234
1.093774,0.923369,0.856514,0.192391
2.41106,0.202443,0.403215,0.343423
2.012664,0.178087,0.234339,0.459923
0.838677,0.187892,0.689543,0.918427
0.958196,0.156841,0.327329,0.979122
0.34578,0.87356,0.361274,0.70691
0.869286,0.736806,0.880235,0.051466
-0.058976,0.797573,0.624899,0.225564
2.213637,0.276587,0.367832,0.045532
1.147768,0.986543,0.73263,0.151148
1.709459,0.35011,0.492631,0.169006
1.935384,0.381041,0.248298,0.373541
0.990564,0.936965,0.168439,0.483873
0.6377,0.503457,0.329779,0.303764
0.858274,0.397475,0.031977,0.222589
2.154227,0.096371,0.107606,0.341399
0.728471,0.656745,0.851313,0.477622
2.604499,0.339308,0.874811,0.406355
1.013545,0.730348,0.989332,0.635169
-1.282873,0.733832,0.757927,0.88575
2.643888,0.341423,0.63393,0.106804
0.046096,0.795227,0.558776,0.323407
1.861111,0.481665,0.454179,0.551062
0.928941,0.427943,0.235734,0.57023
1.005516,0.442842,0.293723,0.299496
0.32491,0.660951,0.336578,0.055725
1.796029,0.518822,0.827179,0.657757
-0.470777,0.683042,0.842314,0.681181
0.210373,0.501455,0.248609,0.968157
0.735899,0.396379,0.507183,0.759089
1.957854,0.33004,0.649334,0.129513
1.40364,0.974169,0.94948,0.576361
1.993671,0.125312,0.17637,0.392123
-1.046823,0.590575,0.646633,0.986766
1.457479,0.067921,0.957858,0.802453
1.238695,0.531362,0.147672,0.425449
-0.365727,0.773459,0.288062,0.855543
2.36962,0.043778,0.982491,0.415023
1.533524,0.47914,0.302389,0.255597
0.182797,0.127408,0.461379,0.025405
1.640763,0.468952,0.918772,0.794611
0.34156,0.096647,0.058922,0.73046
0.96224,0.553176,0.05389,0.176264
1.77267,0.341007,0.633306,0.650134
1.641139,0.997856,0.621425,0.256588
2.826327,0.212167,0.972229,0.302205
1.414176,0.050875,0.632792,0.314719
-0.32769,0.640872,0.05127,0.752193
2.598458,0.227038,0.613199,0.419132
2.033217,0.505371,0.626385,0.436248
1.808969,0.474635,0.903195,0.1391
0.728607,0.689385,0.783708,0.612611
1.710208,0.8766,0.968668,0.193373
1.267087,0.184537,0.683736,0.911178
1.751766,0.297836,0.046757,0.125034
2.131412,0.441068,0.844755,0.616318
2.106158,0.29684,0.51766,0.685511
1.035972,0.926086,0.723511,0.024232
2.135863,0.254806,0.118185,0.366612
0.170801,0.683479,0.358141,0.69157
1.92903,0.151528,0.510376,0.434833
-0.050123,0.860714,0.028638,0.694586
-0.125232,0.001297,0.074441,0.331867
0.373206,0.520301,0.846864,0.139944
0.585613,0.056278,0.498754,0.189972
1.097301,0.085513,0.529516,0.908952
2.58854,0.972478,0.302092,0.304966
2.241007,0.144795,0.521238,0.392582
0.930246,0.41963,0.479497,0.827477
0.77474,0.374026,0.593012,0.964688
0.622032,0.919672,0.471413,0.394417
1.589282,0.453969,0.331445,0.612872
1.23974,0.023874,0.171085,0.89213
1.131956,0.327237,0.158892,0.932721
0.358531,0.651873,0.117897,0.44448
0.758021,0.070348,0.046915,0.178976
0.024998,0.72832,0.627682,0.472737
1.351383,0.554802,0.760938,0.494805
-0.791632,0.531885,0.103211,0.741885
1.577005,0.144233,0.666012,0.139596
0.146171,0.582656,0.066674,0.972138
0.598545,0.639247,0.624135,0.681682
1.290514,0.257643,0.78225,0.578704
1.979534,0.190956,0.179705,0.524206
1.393802,0.939737,0.745834,0.418212
2.013231,0.226781,0.887056,0.690327
1.550209,0.035981,0.460635,0.507418
0.694783,0.812277,0.620607,0.523354
2.1497,0.234814,0.718039,0.569321
1.456001,0.955687,0.571751,0.045052
1.426045,0.990085,0.873937,0.700717
0.773192,0.05027,0.409714,0.714825
-0.178891,0.695728,0.570206,0.007864
0.689701,0.953207,0.874364,0.964932
0.777316,0.704091,0.702372,0.576988
2.093601,0.989381,0.441917,0.558491
2.077237,0.341302,0.496192,0.175013
0.096794,0.844693,0.120977,0.287277
0.952387,0.895359,0.813052,0.459943
0.445182,0.151139,0.09138,0.583669
0.348137,0.077755,0.762785,0.960869
0.361385,0.09202,0.344383,0.996676
0.052144,0.837647,0.244987,0.237004
-0.450767,0.717279,0.722404,0.889941
0.355138,0.592113,0.687894,0.02521
-0.166554,0.67074,0.3309,0.725611
1.953625,0.11635,0.770218,0.088482
0.686274,0.970091,0.036194,0.396048
1.396389,0.138243,0.623158,0.85925
0.092041,0.635143,0.301296,0.359075
1.143379,0.528039,0.744499,0.682469
-0.693265,0.748339,0.082736,0.739731
-1.506887,0.784257,0.348215,0.820786
1.298813,0.496062,0.587606,0.801767
1.969867,0.320412,0.402241,0.562981
0.476754,0.055241,0.764661,0.986598
2.06718,0.311604,0.518021,0.535441
2.36537,0.338242,0.949999,0.749567
0.681291,0.876365,0.171133,0.210898
1.078837,0.263038,0.68782,0.825797
0.286169,0.997908,0.501163,0.548731
0.450789,0.566813,0.074045,0.588053
1.79116,0.29721,0.004169,0.419507
2.036943,0.362551,0.715388,0.489515
1.495358,0.401758,0.288495,0.496272
1.896536,0.080629,0.33544,0.598064
-0.263209,0.909833,0.113753,0.920085
1.30369,0.606004,0.529128,0.234269
-0.064086,0.799384,0.841097,0.878203
2.882315,0.334874,0.891565,0.505449
0.129405,0.602458,0.80007,0.944811
-0.015704,0.774427,0.389629,0.494748
2.475845,0.197994,0.082631,0.41463
0.606745,0.716156,0.082416,0.721707
0.303549,0.655737,0.234698,0.505675
3.008852,0.297934,0.742494,0.200357
1.225536,0.443872,0.784969,0.493783
0.533827,0.008595,0.287793,0.11004
1.626499,0.290562,0.120598,0.11999
-0.259033,0.71126,0.172337,0.687055
0.567792,0.61283,0.618982,0.137091
-0.276708,0.570847,0.51742,0.168578
1.606041,0.307604,0.398207,0.788428
0.104663,0.781477,0.746071,0.994241
0.675074,0.843534,0.984116,0.637009
-0.300748,0.774669,0.041359,0.16387
1.62244,0.492105,0.699981,0.6963
0.860531,0.26863,0.590271,0.112026
1.505084,0.483005,0.987145,0.005034
0.782622,0.239866,0.900875,0.84964
2.787751,0.215226,0.700174,0.650171
-0.847048,0.91406,0.53727,0.971404
0.846301,0.574635,0.382909,0.104508
2.132052,0.204624,0.392135,0.485577
2.646564,0.32677,0.779438,0.425662
-0.111164,0.861085,0.359886,0.806528
0.981596,0.44356,0.440849,0.406128
0.612313,0.566993,0.728907,0.706297
0.058362,0.773944,0.70942,0.033302
0.366817,0.81963,0.559805,0.405609
1.400674,0.388918,0.556667,0.221942
0.975609,0.383387,0.978801,0.021012
2.838287,0.211598,0.527585,0.487409
1.164216,0.067431,0.142813,0.564726
0.313793,0.016728,0.070492,0.795469
1.269638,0.375028,0.238287,0.418566
1.194526,0.210602,0.185892,0.939916
3.672204,0.368502,0.999361,0.32317
-0.023671,0.965179,0.340746,0.192268
1.056519,0.470105,0.327204,0.485389
0.739646,0.907313,0.538526,0.899022
0.335657,0.99875,0.282082,0.094547
1.098652,0.97593,0.605021,0.506084
1.78789,0.211333,0.399088,0.646348
0.552442,0.441228,0.039062,0.998501
-0.586318,0.552493,0.603155,0.760594
1.830226,0.34951,0.705208,0.0117
1.406634,0.192703,0.041824,0.013118
-0.388504,0.869182,0.318849,0.117469
1.54449,0.868365,0.953251,0.107585
-0.026109,0.538158,0.053756,0.871311
0.662216,0.443343,0.840384,0.978306
1.127954,0.134172,0.47349,0.092762
1.995743,0.274382,0.308584,0.381438
2.077147,0.245918,0.915837,0.952823
2.67573,0.253873,0.759782,0.524333
0.062106,0.725356,0.163551,0.464041
-0.077283,0.745151,0.300036,0.778851
1.299218,0.303527,0.414129,0.879247
1.040088,0.061872,0.459518,0.152154
0.976726,0.889844,0.739214,0.326641
1.648051,0.128829,0.75602,0.860152
0.452555,0.275297,0.051456,0.686824
1.971061,0.349507,0.853624,0.741836
1.243561,0.2134,0.396205,0.131673
2.439527,0.252969,0.803334,0.997482
2.364508,0.342747,0.65078,0.092246
0.979345,0.02523,0.482126,0.861454
1.116402,0.41898,0.461033,0.841485
1.167465,0.068656,0.741896,0.609871
-0.450566,0.743396,0.424091,0.290675
-0.214312,0.762997,0.236033,0.496323
2.777856,0.046973,0.924412,0.361639
1.591163,0.317459,0.810403,0.809797
0.227481,0.209296,0.120992,0.988614
-0.18152,0.878049,0.356825,0.267674
1.403383,0.305636,0.807188,0.913224
-0.46353,0.841338,0.380028,0.180268
2.698989,0.335281,0.443426,0.448174
1.745343,0.31578,0.516957,0.47894
2.186824,0.537911,0.405757,0.406057
2.460849,0.311803,0.821538,0.085471
0.394392,0.911834,0.08963,0.124692
1.459932,0.287675,0.566561,0.15594
0.586922,0.586703,0.117912,0.504224
0.076105,0.902261,0.171128,0.764311
1.777666,0.249417,0.450798,0.273767
2.107653,0.394724,0.045233,0.279648
-0.196577,0.887753,0.489291,0.114068
1.222243,0.995812,0.705998,0.796721
0.900538,0.427008,0.349956,0.056732
0.84479,0.895948,0.939168,0.703731
-0.475578,0.86588,0.022583,0.34695
1.314403,0.705417,0.953612,0.349416
2.278559,0.437889,0.722023,0.335826
1.292975,0.406656,0.675293,0.066616
0.055033,0.741021,0.676024,0.265161
-0.246829,0.733329,0.334916,0.104774
0.797836,0.011428,0.060255,0.33678
0.126566,0.936612,0.113745,0.174281
0.471065,0.778079,0.802986,0.415546
2.084333,0.05784,0.152693,0.234975
0.1303,0.817192,0.117967,0.26631
1.353664,0.415669,0.938778,0.435327
0.304021,0.926458,0.999753,0.090506
0.821562,0.905316,0.544923,0.507005
1.427375,0.145543,0.21684,0.250038
0.46268,0.10467,0.731477,0.835893
-0.024027,0.732278,0.672367,0.020478
-0.450676,0.800509,0.004202,0.112416
0.695082,0.782994,0.889356,0.401883
0.548524,0.747041,0.517065,0.532651
-0.294986,0.835825,0.052458,0.591552
0.489862,0.386995,0.457903,0.13878
0.977571,0.17151,0.605791,0.09209
1.332939,0.248149,0.219499,0.041014
0.582247,0.839628,0.941637,0.383862
1.60751,0.473977,0.055375,0.444116
0.917189,0.210978,0.144929,0.363729
1.742762,0.421739,0.618669,0.588411
-0.772749,0.807701,0.282605,0.277277
0.945853,0.464431,0.483585,0.995744
1.479842,0.348556,0.278313,0.615792
2.796321,0.471604,0.876464,0.478819
0.744492,0.49358,0.413381,0.696703
-0.429889,0.442802,0.290891,0.006781
1.81526,0.178293,0.830238,0.511271
1.42215,0.200122,0.469103,0.767202
1.949263,0.888111,0.901449,0.420908
0.63707,0.782719,0.653172,0.470506
0.076441,0.588487,0.570963,0.273866
3.092634,0.155208,0.917569,0.553258
0.478661,0.524224,0.547531,0.289619
1.305994,0.83031,0.516831,0.489313
1.632986,0.151627,0.869905,0.952469
0.335406,0.941183,0.074316,0.173742
2.069992,0.331294,0.746205,0.523883
-0.190216,0.654821,0.998615,0.74821
1.41188,0.306671,0.388825,0.577259
-0.026895,0.908731,0.329696,0.944293
1.872999,0.529835,0.873745,0.288122
0.254236,0.455538,0.021548,0.016577
0.32221,0.940205,0.770324,0.751357
0.828016,0.529676,0.213127,0.086152
1.901475,0.486174,0.988961,0.042605
-0.995019,0.716768,0.54994,0.837415
-0.76352,0.597107,0.138009,0.935733
-1.095925,0.620168,0.661969,0.905355
1.459836,0.020153,0.83562,0.240687
1.499428,0.413723,0.71187,0.333139
1.676219,0.368938,0.00299,0.50927
0.43306,0.633955,0.889568,0.06974
1.529917,0.057988,0.510539,0.478516
1.765236,0.141458,0.877488,0.062203
2.356768,0.445189,0.847783,0.276838
0.420148,0.762424,0.189029,0.512711
-0.171786,0.991829,0.097283,0.148205
1.043126,0.579216,0.979,0.358554
1.097318,0.519446,0.601929,0.336566
0.060042,0.757599,0.577539,0.75108
1.527606,0.014422,0.584987,0.266743
1.292209,0.17736,0.277375,0.866804
2.745304,0.340342,0.227128,0.526831
0.162394,0.649015,0.784033,0.14944
-0.286967,0.629473,0.279085,0.687813
0.54049,0.737473,0.865884,0.480221
0.260842,0.469396,0.848408,0.983417
1.024404,0.012118,0.014322,0.321266
1.076763,0.969438,0.641166,0.959942
1.755911,0.046913,0.478163,0.523472
1.424599,0.43392,0.240466,0.438969
0.237699,0.514062,0.640133,0.937876
0.351879,0.705452,0.327492,0.190882
0.194417,0.805643,0.402272,0.890178
1.068763,0.992257,0.157271,0.23666
0.160855,0.640864,0.031596,0.244283
1.360482,0.325649,0.68875,0.447959
1.148795,0.712297,0.93316,0.371858
-0.502824,0.808537,0.259333,0.925134
0.612567,0.33831,0.759431,0.81217
-0.206563,0.665934,0.072753,0.092464
0.778213,0.637142,0.387144,0.763817
1.001111,0.18622,0.566853,0.899827
0.788381,0.466682,0.105798,0.471773
2.401108,0.336782,0.356519,0.583882
0.504733,0.579993,0.568336,0.400106
2.300668,0.328873,0.747445,0.694132
1.848352,0.172761,0.874062,0.329481
1.895561,0.360091,0.771233,0.179352
0.186372,0.803375,0.584658,0.808887
0.669753,0.977685,0.172248,0.442288
-0.644293,0.935836,0.557209,0.88185
1.015787,0.093334,0.251463,0.130315
0.304599,0.384513,0.29923,0.802511
0.468856,0.049384,0.801518,0.827671
1.23453,0.535296,0.627988,0.279038
1.010014,0.049682,0.213676,0.936067
-0.714317,0.684629,0.030663,0.995215
1.140965,0.043043,0.704366,0.689379
0.375576,0.397883,0.387434,0.02917
0.326874,0.689957,0.370587,0.202144
1.701819,0.391503,0.321441,0.331904
1.004883,0.661327,0.620712,0.67828
2.077015,0.271683,0.131409,0.151287
-0.876107,0.768996,0.278629,0.9385
0.429756,0.528527,0.273518,0.58556
0.839482,0.949125,0.883772,0.546344
0.073178,0.821148,0.609728,0.727153
2.458386,0.501149,0.985325,0.721266
0.574097,0.763682,0.468538,0.399035
0.40313,0.739117,0.424352,0.169795
1.845929,0.020401,0.95581,0.406263
-0.102496,0.541154,0.210332,0.723357
0.994328,0.500423,0.833333,0.241897
0.985515,0.173562,0.492178,0.678458
0.365771,0.885996,0.880537,0.044212
1.341996,0.305865,0.372636,0.960428
0.272077,0.789499,0.152373,0.100433
1.417107,0.331784,0.367598,0.486354
-0.985648,0.904002,0.412744,0.748378
0.475517,0.727565,0.904077,0.813158
2.248069,0.152162,0.972967,0.575249
0.682688,0.887137,0.93074,0.74395
-0.063414,0.04838,0.033051,0.890178
1.205355,0.087925,0.745246,0.935054
0.534286,0.929767,0.635597,0.659792
0.691404,0.720252,0.129135,0.200259
1.623617,0.16642,0.661013,0.124619
2.155905,0.233695,0.656082,0.098687
0.287827,0.351954,0.491637,0.968287
0.153041,0.004014,0.868101,0.76492
1.168661,0.265008,0.392056,0.276401
1.61565,0.250477,0.336972,0.656737
1.210856,0.518789,0.527653,0.510921
2.429987,0.185921,0.238508,0.389279
0.733997,0.749786,0.922808,0.180961
1.014887,0.458939,0.696063,0.744896
0.355254,0.115998,0.261632,0.743941
0.645654,0.969894,0.472958,0.596282
0.538849,0.476039,0.578029,0.730205
2.302636,0.281928,0.291223,0.730195
1.277476,0.359098,0.465448,0.820023
1.730942,0.146209,0.711345,0.021611
0.368635,0.671979,0.63086,0.637796
0.969153,0.199531,0.606138,0.006917
1.486604,0.245116,0.47044,0.813589
0.499531,0.811285,0.677745,0.575302
-0.720078,0.704973,0.094909,0.19443
-0.436369,0.952101,0.391466,0.942082
1.272373,0.836492,0.487134,0.516058
0.511926,0.771087,0.56661,0.080175
0.333268,0.926446,0.593505,0.660197
1.191675,0.32346,0.099369,0.013508
1.785495,0.437325,0.404381,0.994549
3.2904,0.078306,0.714078,0.345884
0.415827,0.831451,0.134339,0.534104
-0.141965,0.710492,0.377666,0.649805
2.189783,0.474903,0.738931,0.266724
-0.307839,0.776479,0.170186,0.641871
0.935768,0.006009,0.833046,0.137979
1.262218,0.303472,0.753102,0.917029
0.510647,0.879436,0.723398,0.157168
-0.179609,0.908718,0.910831,0.040971
0.949773,0.301912,0.485675,0.964005
0.907891,0.580478,0.903486,0.350398
1.650785,0.304568,0.774411,0.421281
1.816443,0.092572,0.310999,0.226147
-0.474791,0.577472,0.299266,0.0157
1.313938,0.21695,0.570736,0.794545
2.867043,0.332135,0.758675,0.214848
-0.657879,0.663465,0.196121,0.721726
1.405099,0.106024,0.103387,0.650732
2.420453,0.233304,0.475597,0.486199
1.398937,0.535484,0.966378,0.421832
1.697875,0.365354,0.943777,0.042488
1.087786,0.962662,0.783565,0.094532
1.264692,0.34626,0.184609,0.120641
0.172061,0.832522,0.392874,0.540202
0.253233,0.57218,0.940302,0.201119
1.211788,0.112369,0.247423,0.194499
1.760696,0.422053,0.290186,0.055997
0.999977,0.959564,0.698483,0.34695
0.997945,0.434292,0.037374,0.55936
0.963492,0.389636,0.772021,0.95784
2.282648,0.154078,0.045419,0.512087
1.11935,0.517712,0.984693,0.63232
-1.767541,0.781959,0.048706,0.985136
0.253497,0.684003,0.928367,0.843321
0.042011,0.686747,0.377098,0.989566
1.695125,0.176271,0.295121,0.518932
-0.640059,0.742012,0.055455,0.927765
-1.000676,0.682049,0.124556,0.968561
1.555918,0.977093,0.197223,0.487959
1.063181,0.696763,0.657482,0.107998
1.503364,0.549227,0.530988,0.15693
2.223328,0.001753,0.144021,0.488728
1.528309,0.084527,0.419012,0.619079
0.43176,0.804823,0.976619,0.206217
-0.224174,0.941409,0.226646,0.418355
0.559846,0.520901,0.765091,0.607362
1.382544,0.380914,0.492267,0.399106
2.562415,0.325953,0.85089,0.465263
-0.011354,0.706663,0.069047,0.497738
0.334316,0.707474,0.707298,0.56624
0.708156,0.925222,0.90181,0.886049
-0.134101,0.855267,0.08488,0.991458
2.197509,0.192462,0.961209,0.939778
0.690104,0.035597,0.477753,0.917678
1.598078,0.150417,0.603098,0.366806
2.506699,0.290598,0.482414,0.508654
-0.109058,0.938482,0.483049,0.89461
0.294812,0.544499,0.186932,0.592657
1.089362,0.033568,0.098614,0.612372
1.320163,0.425116,0.399059,0.281689
1.784642,0.445679,0.834044,0.200373
-0.231172,0.535386,0.049716,0.91747
2.492269,0.10722,0.865743,0.388191
0.833772,0.415346,0.159376,0.887074
-0.119346,0.912027,0.024068,0.289216
-0.775082,0.652762,0.311453,0.050323
1.441331,0.128606,0.776592,0.918547
1.872201,0.298231,0.49559,0.238946
1.187143,0.266133,0.248541,0.980497
1.68278,0.148255,0.743783,0.295647
-0.393711,0.8668,0.228524,0.818855
0.12414,0.913715,0.862686,0.734865
0.391158,0.422979,0.064856,0.96087
1.591269,0.423357,0.492233,0.241615
1.735516,0.396422,0.904479,0.726932
1.725019,0.944946,0.803898,0.39638
-0.236381,0.79071,0.043299,0.595288
-0.733783,0.822053,0.194122,0.17592
1.195718,0.39604,0.153171,0.207359
2.353144,0.238178,0.024198,0.496824
1.500325,0.981329,0.898916,0.094882
0.695264,0.355585,0.027565,0.73441
0.848821,0.719927,0.610943,0.516542
1.950726,0.12561,0.109528,0.197412
0.266235,0.245723,0.034231,0.021697
1.108677,0.134722,0.115,0.948231
0.038353,0.571522,0.160506,0.650721
1.107457,0.325342,0.350066,0.388315
0.919699,0.087853,0.00328,0.046724
0.016393,0.782449,0.540744,0.627048
-0.118911,0.813783,0.642119,0.611593
0.356248,0.806323,0.562158,0.087255
2.239347,0.042053,0.513994,0.588194
1.421834,0.385886,0.130223,0.817391
0.912346,0.546089,0.824916,0.838117
0.724307,0.927574,0.921497,0.202569
-0.012326,0.896151,0.153047,0.757263
-0.12437,0.390223,0.253261,0.222494
3.085576,0.214139,0.772897,0.063347
1.21412,0.435948,0.460361,0.068201
-0.139752,0.983382,0.24872,0.130713
1.143735,0.961482,0.899698,0.987696
1.45294,0.114534,0.58884,0.464426
1.510948,0.049582,0.22342,0.487778
2.815536,0.278973,0.746748,0.673256
2.848889,0.118448,0.688553,0.558837
2.12162,0.288931,0.334247,0.075817
1.846087,0.287455,0.912244,0.947241
1.95591,0.090767,0.852707,0.486115
1.399871,0.051797,0.916991,0.793604
0.268267,0.666447,0.992554,0.684372
1.852822,0.142768,0.6705,0.829183
2.462103,0.172769,0.912843,0.62603
2.074305,0.105531,0.723808,0.518899
1.585688,0.545877,0.961181,0.862019
-0.491258,0.9307,0.739123,0.225139
0.16979,0.619231,0.775907,0.789575
1.206206,0.481804,0.46759,0.256422
0.69774,0.793285,0.780997,0.247393
0.179363,0.80657,0.544003,0.064822
1.943076,0.410874,0.241913,0.052497
-0.324623,0.580912,0.459005,0.771908
0.069736,0.54114,0.306599,0.550574
-0.155192,0.858389,0.077152,0.125701
2.233575,0.200653,0.075861,0.238438
0.383017,0.922516,0.539913,0.637811
0.771196,0.713279,0.71265,0.317335
0.960235,0.051126,0.208083,0.258476
-0.532726,0.392045,0.000156,0.782233
2.155395,0.427721,0.925897,0.703398
1.777766,0.187356,0.371097,0.455238
0.439111,0.881282,0.778381,0.876719
-0.152551,0.626714,0.653978,0.105363
0.758488,0.545997,0.733938,0.794197
0.851395,0.83691,0.886703,0.681519
1.438522,0.594878,0.381767,0.276742
1.722338,0.267007,0.390237,0.870364
-0.20446,0.702299,0.763304,0.806353
1.261693,0.38361,0.365157,0.602491
1.706125,0.455461,0.678323,0.712509
1.768173,0.617268,0.86215,0.467271
1.035282,0.133881,0.060178,0.696543
2.01239,0.167801,0.672563,0.715043
2.496316,0.319594,0.671689,0.48943
0.891975,0.498735,0.49934,0.73518
1.541516,0.390424,0.347103,0.090577
1.159557,0.955343,0.896273,0.002277
1.236216,0.394874,0.103991,0.571882
1.28649,0.315756,0.365678,0.171967
0.875732,0.806277,0.952527,0.681161
1.29388,0.374337,0.099907,0.571883
-0.724279,0.703667,0.639773,0.915387
0.959255,0.939411,0.206236,0.52951
1.063518,0.539002,0.08184,0.402398
-0.901303,0.756508,0.994322,0.949437
2.03482,0.258513,0.94985,0.675004
1.880747,0.415939,0.818332,0.325164
0.334051,0.867454,0.843885,0.035937
0.392503,0.80867,0.786936,0.816759
-1.559722,0.812137,0.003059,0.690167
0.84934,0.360183,0.161508,0.81894
0.967178,0.963462,0.467994,0.158467
0.21187,0.807431,0.215779,0.22233
-0.743958,0.596687,0.567131,0.587293
2.945613,0.197007,0.936633,0.725768
0.215006,0.689266,0.021087,0.440774
0.159484,0.563066,0.790631,0.244449
1.437237,0.352757,0.108917,0.486077
-0.765752,0.803593,0.385795,0.526759
1.901423,0.34382,0.564518,0.763174
0.68802,0.464987,0.396498,0.133677
0.284126,0.690305,0.047592,0.483323
0.003801,0.638173,0.575031,0.898615
-0.72554,0.742308,0.562595,0.881571
0.487794,0.560741,0.779822,0.016893
2.685123,0.255515,0.562243,0.086827
0.390776,0.766266,0.342399,0.407172
0.935809,0.126538,0.09769,0.912791
0.287241,0.154666,0.29719,0.953093
-0.386332,0.708806,0.532327,0.957775
-0.153768,0.946964,0.58083,0.939417
0.760032,0.518519,0.255301,0.040097
2.519838,0.267701,0.880078,0.430786
2.468894,0.263016,0.70177,0.093009
0.244731,0.814496,0.223825,0.40093
1.33991,0.112905,0.289471,0.734621
0.008572,0.663912,0.770904,0.698405
0.764026,0.654618,0.148979,0.281943
0.886204,0.965096,0.102124,0.542574
3.159056,0.09045,0.868338,0.228665
0.799842,0.32807,0.302048,0.046289
0.380048,0.533383,0.166744,0.064411
-0.118086,0.638598,0.168929,0.27771
0.360864,0.073352,0.853289,0.054273
0.877591,0.982845,0.90448,0.988167
1.835796,0.271174,0.013222,0.14448
0.317683,0.889788,0.855107,0.31991
2.617525,0.243875,0.968747,0.313843
3.007834,0.19755,0.986928,0.777216
0.199064,0.888878,0.128466,0.465747
1.540341,0.269449,0.648831,0.669891
0.70539,0.704682,0.83489,0.377251
1.765095,0.129252,0.775594,0.948542
-0.734955,0.576277,0.500522,0.972663
2.06405,0.057409,0.913569,0.071547
0.00424,0.933883,0.417317,0.453037
0.234976,0.058222,0.511647,0.926358
-0.132075,0.439388,0.431804,0.861456
0.821532,0.674425,0.713445,0.629335
2.239111,0.186192,0.722777,0.256772
-0.124935,0.573984,0.278839,0.945766
1.437988,0.218821,0.137746,0.557528
1.663304,0.274183,0.935613,0.732847
1.679081,0.472067,0.920182,0.792608
1.856766,0.185588,0.042317,0.155491
0.996598,0.055365,0.035143,0.517337
1.706983,0.436943,0.914327,0.84113
0.532154,0.678452,0.033539,0.583641
2.112539,0.314061,0.817754,0.135184
1.482093,0.22799,0.403653,0.582153
0.765766,0.471285,0.137111,0.034051
-0.125236,0.81322,0.184258,0.751382
1.921978,0.425201,0.53535,0.691268
0.020108,0.56211,0.364439,0.576402
1.477393,0.536783,0.962717,0.628417
0.340853,0.886457,0.727472,0.557577
0.180241,0.816783,0.962796,0.824962
1.461784,0.549024,0.338387,0.535379
-0.68516,0.774422,0.330073,0.960352
1.509745,0.906555,0.816513,0.327154
0.610259,0.558989,0.879551,0.71315
1.442011,0.590881,0.847741,0.420441
1.58572,0.214195,0.95191,0.923755
-0.167961,0.816094,0.039198,0.293071
0.52628,0.719886,0.167187,0.330342
-0.886503,0.738811,0.59893,0.170165
0.993911,0.98655,0.748542,0.669764
-0.011228,0.946062,0.080503,0.597806
-0.566791,0.887574,0.083049,0.92308
0.331297,0.354892,0.004077,0.866882
1.990099,0.396292,0.680184,0.463402
1.23968,0.573228,0.592516,0.623899
0.924737,0.038415,0.783256,0.883041
1.009044,0.969711,0.556637,0.910704
0.761121,0.990402,0.312859,0.366788
0.497246,0.906208,0.276607,0.543032
1.609472,0.079104,0.94217,0.55734
-0.253976,0.821816,0.954246,0.823096
0.603414,0.521667,0.026648,0.813694
1.716016,0.214966,0.254333,0.150398
1.486148,0.016248,0.595414,0.201365
2.340129,0.117725,0.673583,0.540402
1.109256,0.969897,0.887541,0.77518
1.492991,0.976992,0.804732,0.911493
0.31109,0.837078,0.874814,0.533146
1.960313,0.108491,0.388783,0.975807
0.393802,0.92069,0.480395,0.895716
-0.706699,0.915735,0.201624,0.584008
-1.729082,0.819919,0.280017,0.86764
0.46828,0.784455,0.944883,0.930658
0.83483,0.025851,0.804064,0.982717
0.304371,0.955252,0.338367,0.807361
-1.338218,0.841472,0.476228,0.992798
-0.738833,0.703867,0.3433,0.018041
0.170877,0.697311,0.766541,0.412403
1.073776,0.386926,0.62222,0.812434
2.813869,0.229619,0.623754,0.761625
0.450858,0.866574,0.365671,0.537193
2.32479,0.284624,0.548609,0.686092
0.773928,0.409194,0.102209,0.6184
0.440787,0.96531,0.225432,0.201749
0.527899,0.610045,0.400997,0.463777
0.624871,0.999634,0.243434,0.78789
0.6413,0.557847,0.82789,0.921317
-0.905855,0.668,0.034961,0.070765
0.672395,0.70748,0.888015,0.503725
1.837214,0.266331,0.794637,0.554318
0.596939,0.522644,0.855813,0.226359
0.822965,0.14206,0.044484,0.810604
1.705518,0.591924,0.794547,0.478312
0.479142,0.626862,0.635729,0.893691
2.567153,0.251501,0.5862,0.348503
2.004046,0.133931,0.857993,0.964305
-0.108946,0.752083,0.757798,0.582266
2.160779,0.437491,0.663973,0.192481
1.181207,0.495974,0.063866,0.002104
0.264,0.916441,0.492034,0.86891
0.859856,0.459933,0.498193,0.228434
-0.132608,0.650243,0.015074,0.401543
1.632983,0.049545,0.551792,0.203771
1.473719,0.240409,0.705288,0.999797
1.312424,0.446106,0.39357,0.071057
1.499995,0.23437,0.647739,0.332821
-0.465793,0.847818,0.280627,0.414692
-0.568856,0.596909,0.149157,0.850716
-0.127718,0.522341,0.047037,0.232957
1.290966,0.426522,0.268742,0.310738
1.787267,0.482571,0.750331,0.141124
2.488088,0.120078,0.645898,0.462872
0.956292,0.514985,0.738875,0.213586
-0.354755,0.873968,0.118379,0.214395
2.305336,0.305036,0.157916,0.669267
0.879282,0.766055,0.860843,0.184581
0.677115,0.15027,0.833136,0.769076
1.152412,0.417307,0.370561,0.045706
1.115452,0.286824,0.239686,0.79722
0.652768,0.101776,0.152707,0.094557
0.959809,0.759124,0.744953,0.687681
0.61412,0.820511,0.7015,0.485018
2.137339,0.386059,0.452033,0.142465
-0.258668,0.868371,0.331017,0.795586
1.212481,0.233146,0.034817,0.729663
1.545271,0.214366,0.445409,0.976568
-0.032004,0.644289,0.506212,0.256535
0.93564,0.92015,0.808389,0.605801
-1.201561,0.660198,0.25823,0.904042
1.712792,0.050896,0.823313,0.106092
0.510494,0.701028,0.391356,0.127589
1.146288,0.767991,0.27766,0.342592
1.554939,0.645551,0.941027,0.47399
-0.426528,0.773454,0.531843,0.714715
0.039068,0.364773,0.206433,0.985143
0.671139,0.92061,0.672671,0.000428
1.206107,0.221986,0.527823,0.97769
-1.51811,0.751862,0.818913,0.108251
0.34337,0.874713,0.413416,0.463468
0.869657,0.781172,0.870125,0.584211
0.582276,0.617956,0.083669,0.738958
0.329081,0.864689,0.389779,0.360143
2.234105,0.438543,0.979626,0.124102
0.759959,0.978101,0.755867,0.444906
1.065202,0.390427,0.265671,0.791549
2.045882,0.117516,0.841775,0.809363
2.883477,0.422904,0.619269,0.15403
1.058069,0.400865,0.673111,0.708477
1.958612,0.104335,0.25136,0.561853
1.113953,0.540934,0.803616,0.708297
-0.88776,0.875936,0.114537,0.596324
-0.553549,0.846984,0.132228,0.789752
0.988065,0.320722,0.080296,0.024906
1.39701,0.8887,0.335184,0.485563
1.450231,0.562642,0.236945,0.520341
1.448337,0.996647,0.133889,0.535519
2.123826,0.131056,0.417962,0.137823
0.641211,0.729278,0.885049,0.901999
2.170826,0.362895,0.846907,0.192327
-1.197994,0.692409,0.644322,0.109114
0.892332,0.071734,0.534783,0.985405
2.06839,0.465072,0.911711,0.565588
-0.010885,0.676073,0.262422,0.829492
1.241046,0.250479,0.136459,0.897074
0.782317,0.412219,0.51903,0.67358
0.42412,0.72084,0.240297,0.250062
1.235607,0.111967,0.023338,0.481566
-0.600913,0.604588,0.497508,0.678962
-0.260941,0.791712,0.466385,0.035023
-0.841913,0.671915,0.389274,0.055914
1.706651,0.151423,0.611229,0.190947
-0.191764,0.89889,0.170429,0.002802
-0.589015,0.545467,0.339827,0.930855
0.895958,0.978347,0.37754,0.692853
0.782319,0.950142,0.088086,0.462718
0.471406,0.598302,0.687577,0.309245
1.603074,0.544207,0.967677,0.661168
1.212935,0.017377,0.632147,0.523792
-0.190663,0.70662,0.148138,0.019587
1.317804,0.146147,0.108312,0.587442
0.56279,0.794641,0.938392,0.590753
0.76209,0.448346,0.104675,0.095398
0.060406,0.878605,0.001971,0.155193
0.810794,0.596596,0.289463,0.408737
2.135614,0.308291,0.396784,0.182289
2.090789,0.473979,0.600587,0.352264
2.521002,0.467099,0.997957,0.374704
1.471886,0.202659,0.278465,0.273762
-0.325742,0.663671,0.491215,0.900294
1.118981,0.474394,0.653585,0.810151
0.559239,0.97987,0.783809,0.852451
0.492069,0.33234,0.58885,0.974668
1.059984,0.461374,0.179279,0.260749
0.40241,0.706461,0.76498,0.052221
1.081567,0.377646,0.019225,0.301022
1.149752,0.936811,0.863636,0.200572
1.372419,0.524476,0.403239,0.380369
-0.467247,0.662267,0.241221,0.041538
1.769133,0.396897,0.611026,0.817521
2.217312,0.200614,0.476769,0.573799
2.212066,0.243465,0.407491,0.766135
2.022374,0.055888,0.878006,0.81333
0.896951,0.038863,0.397693,0.66925
-0.108248,0.792749,0.619015,0.11555
0.280425,0.875115,0.216192,0.757678
1.84873,0.260837,0.392073,0.260682
-0.553938,0.922449,0.817736,0.797626
1.189199,0.012334,0.791464,0.230738
1.301197,0.040957,0.958021,0.941982
-1.022703,0.678084,0.213875,0.875786
2.471061,0.145037,0.955054,0.867531
0.070088,0.767416,0.085786,0.621913
-1.149983,0.735316,0.53217,0.839671
0.590196,0.599291,0.819346,0.07247
2.628585,0.297825,0.581429,0.434565
1.715116,0.205027,0.102941,0.487747
0.476548,0.983346,0.745663,0.859956
1.604213,0.561328,0.949929,0.322298
1.559323,0.605301,0.884071,0.226142
1.992689,0.36518,0.839059,0.929579
2.212783,0.178357,0.063107,0.205123
-0.033566,0.634267,0.47579,0.995077
1.018067,0.942669,0.783086,0.261802
-0.194641,0.007745,0.40753,0.941931
0.256111,0.484886,0.307068,0.057945
1.95789,0.478825,0.236061,0.376959
0.928119,0.723385,0.899502,0.51407
0.998732,0.746164,0.884156,0.119723
2.303192,0.34114,0.270677,0.569994
0.337435,0.988555,0.306678,0.27185
2.923047,0.236787,0.814899,0.582864
1.980718,0.24888,0.630611,0.362417
0.366848,0.549442,0.798559,0.951353
2.603564,0.129998,0.972597,0.247976
-0.590163,0.788918,0.188096,0.951955
1.086646,0.35216,0.809479,0.862697
1.686721,0.245475,0.315595,0.793373
1.689129,0.071355,0.428647,0.236552
0.612606,0.915769,0.666091,0.135486
0.519007,0.539825,0.765486,0.055448
-0.863455,0.911971,0.487203,0.885565
1.239955,0.003859,0.693424,0.535105
0.528202,0.567887,0.704698,0.212312
0.879236,0.541228,0.694477,0.617033
1.072144,0.365946,0.223393,0.257212
1.582897,0.08822,0.989845,0.684068
-0.0407,0.551912,0.061139,0.904494
1.642684,0.478188,0.992196,0.603099
-0.0952,0.638728,0.947935,0.564923
0.822371,0.744142,0.809279,0.5225
1.173595,0.474864,0.368063,0.752035
0.963243,0.364427,0.022125,0.978991
-0.133225,0.840321,0.016359,0.089657
0.49707,0.831094,0.742424,0.001141
1.032275,0.852545,0.351938,0.885295
-0.196112,0.945974,0.127244,0.193188
1.45881,0.15199,0.289188,0.776824
0.106004,0.682634,0.413455,0.245356
-0.204196,0.868295,0.678587,0.560648
1.848158,0.413472,0.877143,0.321657
1.496824,0.952663,0.991097,0.652011
1.669448,0.170568,0.357135,0.658296
2.119547,0.424422,0.825392,0.370198
-0.281131,0.884128,0.308113,0.770804
3.131196,0.125738,0.757823,0.644631
0.343858,0.801551,0.594479,0.525852
0.086802,0.955677,0.080137,0.93513
1.578622,0.548477,0.991047,0.071008
1.769612,0.039328,0.825867,0.401357
-0.622716,0.799281,0.315734,0.532751
0.924195,0.368242,0.129228,0.653811
2.038373,0.292511,0.135961,0.474787
1.826943,0.237896,0.420934,0.309108
1.159133,0.055226,0.138961,0.677122
1.561654,0.316688,0.479912,0.862638
-0.75412,0.683865,0.361147,0.163937
1.530967,0.259817,0.151781,0.592449
2.194261,0.46194,0.96093,0.10314
1.451968,0.405948,0.053728,0.596276
0.677938,0.354075,0.029149,0.843881
1.361047,0.280726,0.173029,0.832511
0.296826,0.010321,0.117929,0.396124
1.240687,0.494604,0.241991,0.622319
2.144888,0.201207,0.192151,0.338235
1.897147,0.419937,0.525593,0.532975
1.06309,0.507684,0.998964,0.837574
-0.682725,0.75193,0.231848,0.591293
2.400912,0.087021,0.828341,0.163156
0.72285,0.430304,0.49764,0.024839
0.417802,0.542697,0.034227,0.156363
-0.260991,0.564684,0.257946,0.781293
1.299493,0.434439,0.109724,0.459527
2.638949,0.376862,0.711205,0.832848
0.914784,0.511774,0.478297,0.581723
-0.030494,0.588584,0.288143,0.74963
-0.165181,0.601308,0.504083,0.928169
1.757791,0.12631,0.505651,0.633671
2.04756,0.047048,0.363476,0.534355
-0.172541,0.860774,0.380274,0.053546
1.135578,0.307496,0.367197,0.122367
0.866496,0.480247,0.411874,0.260671
2.375526,0.41581,0.988901,0.81649
1.371792,0.569495,0.975231,0.09266
0.866661,0.918387,0.658838,0.425099
1.582512,0.116479,0.317646,0.212458
2.384884,0.696421,0.957983,0.366562
1.843725,0.21832,0.111793,0.452411
-0.254352,0.849709,0.535132,0.800024
0.719278,0.686927,0.870051,0.282308
2.804938,0.247421,0.880398,0.752138
1.642782,0.154759,0.325246,0.04098
-0.174319,0.884279,0.33362,0.638756
1.471945,0.156547,0.663123,0.176126
0.871919,0.6655,0.250213,0.037631
0.341432,0.86835,0.059204,0.613639
1.361056,0.166508,0.269162,0.369164
0.866065,0.932066,0.941391,0.372399
1.070961,0.816935,0.656634,0.62496
0.899966,0.803247,0.553238,0.655593
-0.241475,0.761006,0.485257,0.259762
-0.453973,0.83622,0.458758,0.403532
0.205623,0.762744,0.373645,0.134593
1.871781,0.982035,0.925065,0.041156
0.68965,0.05455,0.720156,0.934901
1.680564,0.309226,0.91817,0.937968
-0.015128,0.940176,0.917258,0.657592
1.892505,0.122652,0.198551,0.669827
1.538827,0.470756,0.635601,0.043219
0.466141,0.091406,0.532555,0.048904
-0.237113,0.904437,0.191253,0.146727
0.845868,0.643599,0.72423,0.292665
1.40259,0.245169,0.458446,0.073637
1.708772,0.369674,0.416199,0.905773
1.290465,0.443725,0.020644,0.27101
0.486885,0.592359,0.17102,0.878985
0.325291,0.835982,0.544998,0.35742
3.645782,0.26955,0.847906,0.433357
0.983881,0.328925,0.491062,0.019932
1.789446,0.384137,0.541654,0.322531
1.641071,0.480604,0.506991,0.303564
0.526332,0.942065,0.579672,0.386597
1.770588,0.319635,0.245424,0.619645
-1.400681,0.842742,0.2142,0.996161
-0.979406,0.759744,0.372582,0.999427
1.66601,0.189941,0.749308,0.009142
2.166361,0.200084,0.759362,0.012248
0.14875,0.631448,0.276544,0.834222
1.096035,0.398991,0.638461,0.770825
-0.141972,0.710021,0.569441,0.155648
1.152022,0.334251,0.484529,0.880577
1.565018,0.254869,0.516523,0.200013
0.64766,0.546092,0.446038,0.396077
2.589571,0.249145,0.92411,0.92702
1.756379,0.209798,0.267983,0.833898
1.839521,0.304433,0.67275,0.13055
1.948392,0.230532,0.522122,0.255153
0.597877,0.885809,0.308619,0.25672
3.542855,0.269879,0.67548,0.399539
2.22047,0.42827,0.728616,0.323951
0.605581,0.115962,0.491795,0.760074
2.599102,0.239691,0.863514,0.213794
0.81607,0.379422,0.100931,0.074742
0.977627,0.496531,0.441581,0.511368
1.501746,0.167549,0.704798,0.194349
-0.521051,0.677831,0.018709,0.843236
2.648231,0.335461,0.641526,0.273251
-0.168205,0.658521,0.25353,0.482349
1.013188,0.978216,0.089339,0.756527
0.072093,0.782533,0.58873,0.140155
1.379775,0.075565,0.066239,0.619205
0.715729,0.436331,0.026835,0.909825
0.505418,0.188709,0.281972,0.904536
2.698736,0.230158,0.105348,0.444535
-1.059637,0.70734,0.2649,0.816301
0.534956,0.142641,0.31036,0.580843
1.404706,0.324427,0.914252,0.636586
0.112515,0.86467,0.660979,0.205913
1.909659,0.116396,0.379138,0.151065
1.225324,0.509175,0.148006,0.379752
1.010965,0.434322,0.528063,0.036401
0.035703,0.999126,0.053263,0.759893
0.639205,0.889616,0.483782,0.3563
0.942213,0.865169,0.960089,0.640297
2.117465,0.292361,0.798378,0.921752
-0.271715,0.729952,0.273867,0.376869
1.762856,0.431576,0.90128,0.662929
0.320834,0.775089,0.158523,0.357556
1.744764,0.471116,0.092298,0.401886
0.874865,0.485536,0.368048,0.050379
2.716924,0.481637,0.985685,0.492848
0.989612,0.642343,0.544348,0.210114
-0.205039,0.844182,0.768258,0.99073
-0.611763,0.853117,0.256042,0.579301
1.595688,0.421806,0.285143,0.98724
1.652286,0.423717,0.568877,0.810195
1.659028,0.307454,0.506947,0.889744
2.6919,0.239534,0.69537,0.428158
0.435773,0.559214,0.146287,0.859063
0.548764,0.694888,0.000322,0.439459
0.931188,0.44732,0.329131,0.60799
1.12924,0.678732,0.584822,0.626439
1.257259,0.616254,0.791405,0.336938
-0.083253,0.681264,0.885666,0.989428
1.657519,0.417425,0.661489,0.513318
0.314753,0.077718,0.20006,0.648671
1.506643,0.06583,0.335232,0.618291
-0.162702,0.684685,0.008009,0.266782
0.329875,0.359868,0.49993,0.984521
1.302574,0.504107,0.282564,0.528881
1.147428,0.558711,0.051477,0.436336
1.288736,0.078538,0.905981,0.947822
0.400786,0.617567,0.586252,0.050685
1.759564,0.11728,0.864862,0.870189
1.688739,0.062889,0.296351,0.467327
-0.071701,0.487283,0.526225,0.007443
-1.286683,0.672902,0.42826,0.708716
0.678401,0.979238,0.067099,0.985678
0.15581,0.651888,0.453066,0.816856
1.775033,0.028801,0.934894,0.510279
0.821587,0.958802,0.370373,0.187057
2.848858,0.243182,0.81194,0.261187
-0.337948,0.933983,0.252144,0.798801
-0.117114,0.831177,0.225148,0.245588
1.030692,0.652094,0.891402,0.289171
-0.26428,0.819826,0.483068,0.075043
0.091897,0.941829,0.335586,0.948773
0.110199,0.834563,0.077658,0.176425
1.96823,0.354663,0.34369,0.591673
0.561695,0.302149,0.340001,0.524614
1.691536,0.045807,0.536572,0.369893
0.666639,0.464008,0.251948,0.190269
0.958032,0.438991,0.268684,0.043216
-0.467201,0.686654,0.48023,0.166366
0.355656,0.759315,0.958873,0.506156
0.761876,0.584036,0.8234,0.753572
2.136184,0.415142,0.926949,0.498657
0.734301,0.605938,0.662409,0.372659
0.22831,0.919435,0.027152,0.360097
2.574349,0.230014,0.738658,0.161731
1.004265,0.128823,0.544097,0.793297
1.713671,0.01561,0.722449,0.523588
1.669436,0.625324,0.003991,0.366159
-0.548392,0.582166,0.594636,0.703763
2.344464,0.400102,0.971218,0.274076
-0.712467,0.91828,0.286656,0.849579
1.792419,0.154464,0.6664,0.008592
1.430761,0.313026,0.83981,0.651162
0.883927,0.65923,0.912168,0.665635
-0.004195,0.319394,0.025498,0.849599
-0.340714,0.840581,0.25134,0.570867
0.879732,0.565674,0.828107,0.688477
-0.634674,0.91016,0.502404,0.903828
1.491599,0.864662,0.542648,0.549742
-0.202652,0.591659,0.016201,0.457227
2.627008,0.258962,0.877787,0.619317
1.432115,0.532976,0.962577,0.290982
0.339945,0.96594,0.208461,0.996291
-0.313491,0.854852,0.154041,0.968068
2.269418,0.234046,0.128235,0.409104
0.016778,0.536324,0.448935,0.873637
1.369185,0.297691,0.762087,0.189383
0.491246,0.916182,0.984083,0.094027
1.249749,0.388376,0.406891,0.341141
-0.077969,0.630727,0.226425,0.727797
1.496252,0.083971,0.521845,0.534422
0.154094,0.902384,0.871502,0.775511
-0.338831,0.682283,0.74813,0.91528
1.385569,0.03437,0.955199,0.416234
1.109133,0.337241,0.496395,0.17599
1.192408,0.583376,0.910574,0.641535
1.931783,0.223189,0.38622,0.652449
0.476732,0.990891,0.762365,0.772319
1.185732,0.023467,0.814215,0.973992
0.109714,0.571296,0.069904,0.682857
0.821862,0.719443,0.545688,0.459382
1.346071,0.185589,0.186348,0.596858
1.416823,0.382287,0.321723,0.504092
2.37384,0.128581,0.58124,0.901136
-0.179366,0.467897,0.424688,0.814926
0.877934,0.597935,0.301877,0.48481
1.306922,0.360366,0.702567,0.849287
0.660468,0.025098,0.731413,0.139406
0.057008,0.675037,0.338213,0.536085
0.986577,0.884871,0.689042,0.961044
1.769721,0.322048,0.598755,0.823533
-0.346089,0.736991,0.62992,0.109852
0.928997,0.970799,0.445143,0.597254
0.227423,0.561926,0.555953,0.063737
-0.322273,0.601689,0.109821,0.973608
2.684611,0.15931,0.911434,0.450521
-0.857249,0.839631,0.304066,0.906952
0.818654,0.013839,0.722706,0.360858
1.638615,0.047051,0.818595,0.504
1.490401,0.151231,0.052617,0.049821
0.454872,0.52852,0.462865,0.458555
0.576628,0.468031,0.349004,0.662738
0.375918,0.531245,0.052279,0.268268
0.978667,0.599477,0.871735,0.447015
-1.038485,0.865202,0.652735,0.833065
1.689283,0.47029,0.313842,0.527732
1.197369,0.047533,0.280183,0.318595
0.761283,0.254882,0.142447,0.9332
0.475759,0.810499,0.057222,0.383421
0.392764,0.959363,0.929629,0.664617
-1.198639,0.720393,0.573457,0.688304
2.576551,0.135805,0.947736,0.615061
0.277367,0.294756,0.340287,0.835814
1.54947,0.094439,0.793417,0.193294
-0.312376,0.032898,0.093396,0.900689
1.749329,0.376054,0.322928,0.599276
1.461084,0.271478,0.613224,0.514698
0.177449,0.892606,0.1334,0.069283
1.527647,0.563631,0.919256,0.213078
1.980923,0.204501,0.482718,0.075253
-0.271327,0.536885,0.312468,0.175804
2.649151,0.12993,0.92944,0.937895
0.566072,0.3999,0.405249,0.988008
0.922711,0.948033,0.936937,0.188497
1.540244,0.418878,0.531621,0.213608
1.209474,0.663474,0.724767,0.231821
2.666104,0.411132,0.921746,0.577576
1.983893,0.209053,0.862966,0.42851
1.53489,0.385752,0.499818,0.78187
1.858719,0.272778,0.362214,0.215071
-1.718492,0.698821,0.141107,0.949194
1.067278,0.481303,0.239366,0.306406
-0.389973,0.879087,0.630518,0.906523
-0.097974,0.852962,0.111257,0.486743
0.796457,0.918322,0.93238,0.760963
0.078645,0.023123,0.362969,0.770899
0.837525,0.548864,0.661502,0.602363
0.587646,0.527837,0.317389,0.609218
-0.269847,0.627585,0.452275,0.959052
1.174053,0.440467,0.77936,0.907842
1.090931,0.073905,0.505104,0.9831
1.643785,0.441012,0.698028,0.770672
0.712301,0.022852,0.248085,0.15411
1.063917,0.443668,0.57605,0.59912
0.312173,0.611525,0.930203,0.143954
-0.790032,0.737631,0.422774,0.672786
0.132519,0.491821,0.071781,0.535735
1.582696,0.954069,0.670574,0.357873
0.124187,0.620271,0.178644,0.485984
1.232312,0.162794,0.134229,0.928732
0.199966,0.525317,0.649395,0.012802
1.782318,0.443489,0.745545,0.784154
-0.309771,0.945845,0.196973,0.026967
0.079037,0.984706,0.090768,0.737955
2.497311,0.327701,0.759428,0.575698
-0.031316,0.91115,0.155675,0.284097
2.134598,0.429999,0.020459,0.386568
0.441726,0.527511,0.505919,0.733886
0.820285,0.859938,0.772144,0.351005
1.326016,0.394386,0.025222,0.547041
-0.353755,0.925686,0.498,0.786602
1.539261,0.969837,0.874506,0.639105
0.517143,0.485842,0.514469,0.817966
1.190924,0.376217,0.457657,0.959893
0.906622,0.927251,0.808964,0.164317
1.599863,0.445951,0.128726,0.637233
0.680759,0.332833,0.517354,0.893676
2.483282,0.211236,0.819757,0.341858
1.867761,0.114107,0.307831,0.504534
1.501613,0.519929,0.182442,0.481674
-0.40174,0.73386,0.65986,0.70864
0.484008,0.010418,0.6583,0.706236
1.605895,0.333673,0.301567,0.050429
1.082395,0.080439,0.93863,0.983658
-0.98268,0.545745,0.039735,0.114461
0.929838,0.728878,0.943219,0.427417
0.978833,0.209336,0.207721,0.195508
1.019629,0.073502,0.252412,0.793415
0.535847,0.981851,0.550089,0.674249
1.205142,0.455153,0.922831,0.055692
0.649082,0.897122,0.248432,0.42688
0.657992,0.823853,0.756622,0.244831
-0.216513,0.843775,0.50456,0.408237
2.885094,0.311142,0.719199,0.267315
1.403811,0.170514,0.138805,0.675694
-0.301291,0.764737,0.269053,0.576086
0.93993,0.825652,0.742434,0.354834
0.740086,0.151467,0.248888,0.117793
-0.24338,0.794138,0.264747,0.366945
1.420628,0.076797,0.10578,0.563597
2.399074,0.475507,0.67343,0.776391
1.973567,0.028594,0.531684,0.382871
1.711966,0.033084,0.197892,0.65756
1.728752,0.173496,0.716072,0.686619
1.565002,0.095947,0.349045,0.07617
1.426215,0.135087,0.623901,0.298876
1.700562,0.145032,0.348608,0.322131
1.706628,0.380615,0.366046,0.437228
-0.097231,0.542117,0.571579,0.025101
0.687805,0.506946,0.176348,0.529869
1.687166,0.218559,0.187497,0.196983
-1.078027,0.757718,0.286834,0.395291
1.494836,0.075795,0.551426,0.496656
-0.989545,0.79488,0.655993,0.935449
0.234628,0.769935,0.712934,0.225234
1.196998,0.065353,0.293067,0.08449
1.583172,0.120236,0.919008,0.558919
1.830549,0.097539,0.819006,0.324899
1.004959,0.607857,0.998807,0.76944
1.231324,0.921355,0.750141,0.626218
1.659039,0.203161,0.803176,0.896394
0.214667,0.637157,0.262274,0.118926
0.779632,0.584328,0.06233,0.357104
1.566269,0.209284,0.861725,0.471945
2.067296,0.373242,0.517924,0.039607
2.095067,0.148874,0.271052,0.259628
0.831208,0.901927,0.943433,0.925212
0.131913,0.669065,0.523701,0.629415
0.474411,0.012668,0.956928,0.845192
0.449625,0.006369,0.295526,0.005478
1.596861,0.04365,0.785001,0.303873
0.2637,0.656385,0.72688,0.686668
0.053065,0.593739,0.482928,0.896887
-0.842111,0.89942,0.604616,0.945603
0.669264,0.728731,0.633532,0.04647
-0.794846,0.649004,0.726003,0.821874
3.182769,0.090219,0.869892,0.554209
1.095802,0.443135,0.655386,0.192124
1.25545,0.98419,0.508923,0.550514
0.112919,0.358734,0.048021,0.644023
1.244365,0.38787,0.176429,0.919148
2.117192,0.376808,0.977397,0.433631
1.445214,0.515809,0.88725,0.171354
1.979889,0.184095,0.157648,0.282912
-0.512082,0.811679,0.472547,0.373995
-0.150882,0.884304,0.413162,0.36922
-0.744274,0.713724,0.387307,0.877655
0.184818,0.747031,0.271067,0.189905
0.831856,0.84762,0.944618,0.062405
1.032206,0.948242,0.296151,0.662499
0.503985,0.955288,0.121134,0.315124
-0.432541,0.796244,0.338503,0.517603
0.965022,0.997821,0.181917,0.136223
0.061845,0.958612,0.742564,0.768018
2.074417,0.41342,0.622052,0.175943
2.803766,0.142764,0.793822,0.551666
-0.564994,0.841924,0.64203,0.470523
1.820078,0.424643,0.811446,0.493698
0.184556,0.725645,0.309183,0.285243
1.529605,0.901984,0.912384,0.450534
1.976668,0.32221,0.318486,0.386088
1.33456,0.503504,0.690173,0.742736
1.30217,0.08352,0.687935,0.04515
1.613212,0.076498,0.782354,0.063799
1.07075,0.020939,0.729698,0.26823
0.844739,0.049196,0.036812,0.328146
0.61636,0.739978,0.519698,0.633281
1.962004,0.457551,0.821797,0.32793
2.194087,0.319905,0.554464,0.423139
0.872558,0.012604,0.554859,0.541642
1.847323,0.307795,0.256905,0.858731
0.543634,0.598432,0.134934,0.192543
0.660217,0.649342,0.321562,0.377612
0.869106,0.011047,0.733987,0.899458
-0.319799,0.726386,0.712598,0.768851
0.474313,0.320214,0.12397,0.888431
0.499425,0.806637,0.968901,0.71767
2.080623,0.095611,0.041584,0.42895
1.470128,0.031201,0.772401,0.126894
1.151992,0.165394,0.092297,0.255102
1.552201,0.217011,0.683629,0.349398
-1.524841,0.881682,0.200986,0.892782
1.300261,0.127088,0.598662,0.990911
4.408116,0.208748,0.916899,0.374427
-1.493878,0.651214,0.300782,0.821415
-0.347585,0.730748,0.552134,0.489028
1.391305,0.248611,0.935069,0.825732
0.928825,0.965151,0.883516,0.77425
1.310178,0.250471,0.1179,0.211883
2.502056,0.416685,0.920262,0.240558
0.869638,0.60467,0.654566,0.109967
-0.19601,0.631942,0.127593,0.096221
0.060954,0.648429,0.342278,0.662848
0.274462,0.9827,0.510861,0.200274
2.926245,0.399224,0.770099,0.355173
1.348826,0.239783,0.682648,0.598165
-0.079513,0.724273,0.673195,0.860785
0.704275,0.66833,0.92008,0.870252
1.960338,0.314491,0.961182,0.155502
1.344813,0.026358,0.654637,0.137625
-0.303702,0.801797,0.577993,0.037437
0.780352,0.833838,0.827154,0.206706
-0.029175,0.729393,0.411027,0.145069
1.842652,0.267489,0.352937,0.602626
-0.003279,0.782619,0.221973,0.362876
0.386625,0.894961,0.014029,0.24545
1.024652,0.226462,0.546634,0.941349
1.564153,0.311502,0.537657,0.190546
2.615,0.133522,0.983553,0.722394
1.527717,0.465019,0.082052,0.684158
-0.749795,0.697976,0.706707,0.014927
1.696219,0.094137,0.179862,0.304927
1.240357,0.27217,0.209891,0.847642
1.36364,0.185494,0.347048,0.399181
0.512872,0.959696,0.872352,0.803019
0.341573,0.590796,0.965152,0.046966
0.210766,0.043902,0.220198,0.757689
-0.334314,0.780802,0.19211,0.217792
0.583301,0.971563,0.61862,0.133128
2.828109,0.215837,0.365708,0.436352
-0.936461,0.863027,0.55447,0.921538
0.900785,0.896104,0.855335,0.818212
-0.794188,0.6982,0.405812,0.578476
1.205382,0.4901,0.852711,0.086174
1.104333,0.975928,0.752442,0.015856
2.069702,0.234122,0.025302,0.610788
0.154701,0.859343,0.279842,0.451995
1.18687,0.09118,0.370585,0.300812
1.314052,0.17853,0.624981,0.091495
2.587737,0.192126,0.792584,0.886395
1.544438,0.527217,0.711217,0.744881
-0.648327,0.825625,0.666762,0.893885
1.952491,0.141288,0.797491,0.277851
-0.844114,0.590973,0.365632,0.85757
1.536111,0.316505,0.38839,0.994108
-0.503118,0.803703,0.158221,0.691593
2.285914,0.975722,0.522028,0.350484
1.520246,0.292067,0.071352,0.89383
-1.090075,0.760608,0.121335,0.656026
-0.519864,0.852146,0.171199,0.050148
1.596032,0.465348,0.329671,0.519391
0.765871,0.489582,0.823103,0.676379
1.092938,0.63008,0.821704,0.17656
3.212902,0.223274,0.970364,0.374366
2.066186,0.545731,0.339181,0.29694
1.788595,0.2155,0.402815,0.408997
2.325262,0.251475,0.380219,0.47614
1.850875,0.410024,0.76773,0.593469
-0.386909,0.914945,0.430596,0.889429
1.625078,0.078517,0.999185,0.761943
0.400096,0.818704,0.006359,0.496621
1.279575,0.989515,0.986334,0.800058
2.269146,0.360323,0.16194,0.441604
0.583907,0.573083,0.691438,0.786322
2.167116,0.406958,0.766609,0.5408
2.652807,0.32574,0.485388,0.585149
0.874256,0.427529,0.581406,0.332768
1.597237,0.307282,0.259311,0.139653
0.43076,0.756104,0.675173,0.170371
1.686642,0.059426,0.936559,0.094483
0.837116,0.239393,0.210827,0.930656
0.498902,0.438325,0.055208,0.806613
1.222095,0.933041,0.130524,0.153259
0.969423,0.681507,0.933112,0.23544
0.242255,0.797856,0.35787,0.970931
1.402022,0.566136,0.984577,0.561938
2.19329,0.071984,0.93874,0.000354
0.487111,0.092463,0.170936,0.312321
1.653384,0.336598,0.69441,0.630253
-0.033818,0.982742,0.214352,0.340033
1.853015,0.307453,0.866443,0.828633
-0.147281,0.763371,0.352248,0.957127
3.035714,0.273105,0.815012,0.515975
0.104407,0.682988,0.697641,0.633146
-0.462836,0.888807,0.190836,0.161251
2.31568,0.157225,0.003017,0.379198
0.347012,0.871939,0.019309,0.27121
0.866476,0.524499,0.37527,0.339129
-0.679864,0.700779,0.355991,0.893189
1.105234,0.443283,0.930347,0.81821
-0.129716,0.878966,0.725804,0.956836
0.233779,0.562466,0.928408,0.935381
1.942713,0.440157,0.382813,0.567516
0.889303,0.2835,0.323798,0.731731
0.106961,0.799411,0.457221,0.896327
2.600313,0.214862,0.316702,0.484445
2.027963,0.043,0.198154,0.42842
2.587771,0.272481,0.468194,0.111778
2.607002,0.023859,0.999606,0.676666
1.534316,0.313692,0.175542,0.194527
-1.205262,0.835063,0.06579,0.471324
1.984527,0.251289,0.253871,0.658345
1.427039,0.288561,0.309833,0.869425
1.447851,0.115217,0.191202,0.041831
1.99642,0.189964,0.155247,0.64666
1.395647,0.125501,0.002537,0.613051
2.157081,0.361779,0.933023,0.065455
0.300071,0.86805,0.207771,0.306233
0.900401,0.204847,0.826238,0.88079
0.663575,0.535252,0.439179,0.794598
1.435219,0.15301,0.448174,0.840006
2.905663,0.159054,0.936988,0.355176
-0.32574,0.685692,0.931924,0.765682
2.087724,0.164449,0.902624,0.404845
-0.116357,0.819596,0.947398,0.254631
1.180188,0.908335,0.476208,0.250598
1.79783,0.094739,0.751603,0.080197
0.78012,0.951263,0.813967,0.09031
1.4011,0.741129,0.492746,0.435806
2.100913,0.279997,0.524741,0.201475
2.494858,0.053167,0.772515,0.326109
0.593632,0.8771,0.716119,0.990114
0.068329,0.639997,0.940239,0.474841
1.003203,0.570757,0.49539,0.488464
-0.329716,0.593688,0.252108,0.181298
1.22749,0.978674,0.185614,0.338153
-0.152535,0.656258,0.538405,0.663153
1.415828,0.208027,0.642133,0.856244
1.52774,0.641827,0.773549,0.296828
0.635673,0.984558,0.151658,0.518333
0.136048,0.785462,0.710621,0.661058
2.127449,0.390839,0.152162,0.345621
2.179988,0.168113,0.810726,0.559045
0.419545,0.609806,0.534335,0.035366
0.58377,0.962087,0.03446,0.748719
1.755443,0.131639,0.321153,0.037186
0.940621,0.725917,0.643223,0.502671
0.97047,0.948183,0.880183,0.30294
-0.310896,0.690689,0.45858,0.139121
0.583503,0.099462,0.035837,0.99556
3.001207,0.099918,0.78954,0.826048
1.44736,0.089835,0.066151,0.216465
2.975318,0.212312,0.762525,0.401233
-0.374186,0.770575,0.624793,0.062962
0.051277,0.609493,0.688315,0.473994
2.065695,0.178738,0.298951,0.444204
1.760499,0.482466,0.906218,0.341009
-0.097183,0.764895,0.575327,0.21514
-0.400829,0.948872,0.490274,0.94568
0.424905,0.565104,0.763596,0.852222
0.73774,0.816075,0.889853,0.665288
0.727609,0.010356,0.44667,0.865438
2.80747,0.229928,0.776372,0.344666
2.386292,0.29088,0.829734,0.305506
-0.420153,0.774976,0.378878,0.688171
1.363242,0.933466,0.868329,0.424715
1.222889,0.031723,0.385713,0.962163
1.783859,0.502186,0.80007,0.061851
2.058535,0.306469,0.518882,0.479293
0.495903,0.109107,0.134884,0.905165
1.343336,0.119315,0.274422,0.507091
2.290062,0.098689,0.556833,0.279698
0.421455,0.824405,0.109696,0.346463
-0.46865,0.737328,0.856947,0.998006
1.245587,0.311557,0.525102,0.023989
0.042179,0.573303,0.422353,0.658832
0.112659,0.014158,0.397169,0.895595
-0.239129,0.884752,0.170003,0.76141
2.039426,0.181086,0.801252,0.491298
1.782186,0.223272,0.232206,0.709701
2.025225,0.075302,0.630417,0.309966
1.382459,0.166855,0.23306,0.253284
1.119667,0.975304,0.374051,0.168977
1.095471,0.458386,0.421129,0.118699
0.350839,0.879394,0.189041,0.253923
-0.091422,0.552058,0.276058,0.71441
-0.250323,0.922653,0.562335,0.958791
0.728752,0.865099,0.975273,0.230704
0.819719,0.647295,0.575178,0.58173
1.419573,0.015169,0.095104,0.242377
1.593177,0.920157,0.392215,0.273878
0.188483,0.78754,0.213634,0.392378
2.486413,0.374878,0.573746,0.481435
0.781929,0.047825,0.133768,0.072463
-0.077416,0.628461,0.471829,0.734802
2.069475,0.152143,0.713076,0.912962
2.174026,0.454459,0.752063,0.531388
-0.656753,0.779766,0.915929,0.758309
-0.306439,0.717911,0.758577,0.103287
-0.499362,0.826849,0.431155,0.461011
-0.795507,0.717828,0.139462,0.021721
0.296033,0.648953,0.552692,0.455714
0.877743,0.00113,0.509644,0.859128
1.687122,0.095192,0.369282,0.866253
0.918951,0.82401,0.634517,0.079884
2.218929,0.517363,0.787242,0.507269
-1.065261,0.573311,0.066652,0.040098
0.507343,0.5639,0.285279,0.983932
-0.20722,0.03796,0.400014,0.302529
1.096834,0.042361,0.039218,0.758224
1.971507,0.214175,0.364627,0.60294
1.978156,0.209134,0.053338,0.223611
-0.36267,0.726708,0.550515,0.180662
3.098599,0.332428,0.993309,0.370635
2.110496,0.48801,0.917469,0.568355
1.355808,0.46074,0.789741,0.046593
0.99579,0.072922,0.94205,0.006086
-0.059623,0.813173,0.804209,0.616065
1.130061,0.084246,0.677667,0.256415
-0.467048,0.750039,0.767946,0.955039
1.854648,0.197329,0.248522,0.775406
0.62011,0.942004,0.355196,0.339867
-0.527044,0.786184,0.000412,0.162558
1.350508,0.987166,0.919596,0.173907
1.871308,0.124604,0.217212,0.407879
1.467463,0.395709,0.377338,0.180525
2.107551,0.952445,0.977618,0.129879
-0.356746,0.658256,0.400148,0.655097
0.83846,0.554189,0.791964,0.737899
-0.215046,0.873961,0.514726,0.775252
0.610308,0.461752,0.911308,0.550361
1.25756,0.574223,0.69472,0.375862
0.879106,0.449754,0.887037,0.614582
0.707368,0.643946,0.558431,0.4626
1.71601,0.098677,0.270624,0.389558
0.313214,0.680073,0.7766,0.8808
2.409289,0.343588,0.997667,0.483814
-0.361619,0.917698,0.627892,0.355978
-0.622515,0.622432,0.040849,0.556668
1.597932,0.231412,0.303556,0.110687
1.703168,0.105752,0.558053,0.486378
1.199591,0.970019,0.513886,0.822901
1.543622,0.245652,0.025385,0.140794
0.770665,0.71694,0.367057,0.286968
2.187199,0.306644,0.805991,0.689229
0.500311,0.758928,0.726466,0.697197
-0.196939,0.819113,0.035602,0.90678
1.039832,0.544621,0.579488,0.14967
1.458021,0.043783,0.998312,0.012706
0.324332,0.946865,0.13664,0.496158
0.793834,0.609274,0.926943,0.828472
0.395961,0.627984,0.407089,0.441324
0.472202,0.94466,0.449635,0.725317
1.252531,0.001756,0.766086,0.236654
-0.175263,0.55982,0.740356,0.839334
2.241309,0.263692,0.066305,0.176417
1.111435,0.6863,0.817631,0.419864
1.070082,0.183782,0.190249,0.988318
2.014882,0.222502,0.080868,0.152712
1.252623,0.158524,0.665134,0.823909
-0.968029,0.557636,0.271054,0.848949
-1.610618,0.677991,0.130546,0.93121
2.01722,0.365639,0.663344,0.661888
0.041025,0.168355,0.02775,0.97486
1.751933,0.470554,0.498144,0.787081
1.15675,0.066168,0.413425,0.522783
1.104437,0.553359,0.067826,0.451755
1.056206,0.523564,0.737747,0.110898
1.949335,0.273004,0.111003,0.374844
0.200188,0.760438,0.8594,0.309556
1.583082,0.116088,0.163462,0.042017
1.700126,0.408781,0.212502,0.16981
0.289363,0.797061,0.74076,0.148952
1.100381,0.381938,0.064245,0.872857
0.118014,0.509358,0.304176,0.911546
0.992355,0.036696,0.34295,0.293406
2.008642,0.218927,0.505925,0.985953
0.252652,0.887443,0.282565,0.50099
1.829893,0.137459,0.264113,0.15469
0.865005,0.236567,0.210529,0.335811
0.097104,0.904832,0.25101,0.93473
2.074507,0.213132,0.544873,0.733697
0.455657,0.029175,0.522799,0.83291
2.878495,0.138613,0.994018,0.786052
-0.125774,0.874539,0.132988,0.125913
0.339753,0.485076,0.198704,0.731917
0.739543,0.913143,0.663155,0.167845
1.18363,0.385871,0.232213,0.428611
1.25682,0.041831,0.018507,0.211856
0.783416,0.511199,0.258746,0.649723
1.08656,0.721353,0.377862,0.541598
-0.00028,0.774273,0.562468,0.129327
0.302431,0.729543,0.914186,0.258502
0.362026,0.739501,0.460166,0.629675
0.121724,0.649104,0.212802,0.227957
2.04057,0.415965,0.754627,0.140072
-1.623922,0.809457,0.013486,0.912255
0.091535,0.937563,0.448897,0.199681
2.448722,0.168202,0.831951,0.666041
1.361146,0.000566,0.770391,0.324644
1.957847,0.375078,0.936564,0.059826
0.217149,0.529762,0.940987,0.066939
1.687574,0.225359,0.814234,0.520743
1.724054,0.144231,0.369242,0.223375
0.159384,0.556176,0.845172,0.981089
0.229738,0.496518,0.002662,0.707934
-1.062357,0.926433,0.280862,0.851422
1.67841,0.47913,0.62547,0.394354
1.180192,0.402299,0.549136,0.804865
0.674557,0.996513,0.971695,0.936716
-0.371833,0.951575,0.005168,0.821726
0.288348,0.606048,0.633029,0.748833
1.593827,0.076621,0.720968,0.851263
2.700178,0.101615,0.89692,0.238853
0.956153,0.879743,0.914397,0.254234
0.930072,0.878787,0.94556,0.74367
2.455147,0.385979,0.817264,0.215189
0.168366,0.894827,0.571492,0.807825
-0.274341,0.703538,0.433613,0.100288
0.547741,0.929622,0.323964,0.547585
-0.865873,0.756421,0.761539,0.852681
-0.585887,0.665403,0.15315,0.837992
1.463325,0.48347,0.825356,0.7889
1.663146,0.175051,0.813596,0.895404
0.979445,0.079621,0.676112,0.086827
2.343608,0.28361,0.027494,0.457541
1.226075,0.425502,0.756868,0.017167
2.235145,0.291223,0.563056,0.150793
0.215599,0.517467,0.066901,0.252313
1.286446,0.764916,0.791508,0.456273
0.445009,0.621386,0.808622,0.562834
0.200731,0.937421,0.443399,0.590388
0.969038,0.653474,0.63329,0.490363
0.945261,0.473747,0.666395,0.03298
1.067512,0.097168,0.445603,0.180539
-0.951019,0.695826,0.215161,0.848069
2.294502,0.328667,0.724732,0.429235
0.156682,0.612015,0.61769,0.696783
1.605229,0.141548,0.686699,0.586511
2.576779,0.310636,0.92008,0.592918
1.138969,0.099697,0.140243,0.062542
1.94524,0.414108,0.99953,0.560579
2.534187,0.331129,0.729947,0.079173
-0.914049,0.825584,0.303257,0.881805
2.105998,0.255555,0.786324,0.733023
-0.199883,0.84792,0.327628,0.689871
-1.154303,0.658703,0.544641,0.805687
1.556009,0.22986,0.085181,0.558149
1.759982,0.273094,0.125116,0.478813
2.190345,0.077889,0.254457,0.336518
1.071081,0.500734,0.225838,0.277798
1.840632,0.426723,0.72086,0.537823
1.672667,0.218551,0.931745,0.749042
-0.540801,0.737407,0.664777,0.694309
2.536817,0.262765,0.796653,0.524026
0.583275,0.624354,0.418983,0.250723
0.719591,0.646163,0.543481,0.316986
-0.429139,0.690163,0.196989,0.402658
0.752113,0.068569,0.257249,0.176508
2.274181,0.350704,0.307506,0.614884
-0.451046,0.723478,0.606496,0.814836
2.352721,0.150991,0.627201,0.529733
-0.52988,0.682804,0.21664,0.839825
1.605516,0.082325,0.428921,0.056939
-0.947513,0.733562,0.492427,0.702065
2.481622,0.329598,0.087115,0.32073
1.96376,0.12072,0.922165,0.301455
0.862166,0.97789,0.691417,0.332705
0.621807,0.860365,0.122786,0.309312
2.247286,0.2706,0.611119,0.986227
2.686081,0.199465,0.55267,0.30605
0.491137,0.850682,0.312557,0.222544
1.257038,0.148311,0.141949,0.632116
-0.950081,0.751105,0.418744,0.178335
1.733392,0.11998,0.252169,0.4421
1.57128,0.207711,0.321853,0.467987
2.150058,0.184901,0.515705,0.023296
1.973692,0.382024,0.795087,0.778307
0.368133,0.511612,0.382855,0.630123
-0.260278,0.516263,0.447373,0.857122
1.540516,0.929601,0.50485,0.491672
0.106539,0.607268,0.473008,0.203144
1.460371,0.369546,0.092757,0.304919
1.678017,0.155461,0.043255,0.636356
-0.457398,0.885105,0.241899,0.344635
2.073512,0.324173,0.725982,0.139879
1.089708,0.85166,0.493738,0.207366
0.504131,0.772714,0.818832,0.384683
0.811264,0.517943,0.370833,0.57494
1.807257,0.500148,0.919633,0.293217
0.659499,0.619635,0.262545,0.395253
0.626029,0.999053,0.430368,0.586903
-0.757427,0.939699,0.101521,0.918729
1.873991,0.035046,0.840962,0.056605
1.145494,0.639252,0.947495,0.433964
1.719725,0.303894,0.048063,0.958158
0.630276,0.9515,0.421967,0.341934
0.673654,0.50686,0.460197,0.372072
1.594068,0.457705,0.172955,0.467776
-1.091466,0.869253,0.249969,0.153405
1.328752,0.473443,0.104197,0.898762
0.79713,0.451585,0.05204,0.230419
1.560659,0.201302,0.890912,0.906071
0.220449,0.711527,0.228739,0.458209
-0.444925,0.954428,0.157378,0.192218
1.0346,0.438945,0.188696,0.888943
1.670308,0.301884,0.145222,0.295171
1.43985,0.424526,0.097475,0.366887
3.149938,0.125879,0.849829,0.337308
0.223213,0.890542,0.454313,0.431661
2.144945,0.22967,0.877704,0.769763
2.043456,0.424425,0.83914,0.443609
-0.73838,0.594994,0.758369,0.075351
1.479216,0.232193,0.092527,0.545619
-0.380404,0.906924,0.716094,0.895354
0.559349,0.643906,0.410907,0.685288
0.183837,0.654185,0.474999,0.126623
0.178178,0.789418,0.786936,0.564147
-1.370334,0.626237,0.093269,0.813675
1.458499,0.06952,0.330267,0.456229
0.505632,0.369513,0.167049,0.675811
1.260973,0.985341,0.580298,0.443991
0.056928,0.56279,0.075412,0.006125
1.702294,0.369168,0.498703,0.290064
1.26923,0.433921,0.529741,0.249203
0.371735,0.836445,0.721455,0.481902
-0.003082,0.023078,0.354518,0.817953
1.626476,0.286266,0.9923,0.871204
-0.492255,0.796795,0.459654,0.17132
0.57707,0.595119,0.848415,0.208488
1.10658,0.380373,0.51509,0.752716
-1.01258,0.6229,0.452889,0.863756
0.226319,0.821727,0.85933,0.284241
0.059298,0.921008,0.864881,0.874944
-0.322843,0.550888,0.137224,0.003721
2.166022,0.076187,0.643468,0.216416
2.052299,0.189937,0.491686,0.363066
-0.680889,0.887604,0.722838,0.769778
0.19027,0.610429,0.609152,0.149113
1.755779,0.325334,0.222976,0.223105
1.519457,0.156507,0.294006,0.504826
1.227096,0.161703,0.213838,0.655176
-0.112535,0.692513,0.749388,0.190082
2.104655,0.210309,0.651704,0.320051
1.868131,0.262444,0.411812,0.106596
-0.038273,0.83676,0.013572,0.553028
0.345463,0.601092,0.666276,0.144512
-0.457719,0.946601,0.43158,0.866115
1.6681,0.13401,0.042879,0.463087
0.219189,0.862271,0.117026,0.040831
3.235569,0.217833,0.770406,0.120741
0.390828,0.045991,0.575914,0.452072
0.845335,0.570242,0.748429,0.877219
1.542507,0.021148,0.578828,0.379199
0.660874,0.718047,0.392992,0.409303
2.151274,0.538582,0.725018,0.177224
0.689774,0.004636,0.629452,0.67174
0.359109,0.548295,0.31814,0.311259
0.597991,0.174549,0.784036,0.099333
1.886182,0.201397,0.049118,0.07028
1.043488,0.829322,0.912531,0.56223
2.030834,0.326046,0.42391,0.352774
1.741428,0.133154,0.628639,0.128472
0.403292,0.880037,0.720856,0.884499
-0.67263,0.72412,0.017772,0.205439
1.364775,0.059749,0.298284,0.153324
1.648075,0.370026,0.772673,0.447415
1.924985,0.316591,0.667122,0.935761
0.009022,0.787773,0.199491,0.455342
1.016728,0.560506,0.846329,0.97472
-0.167663,0.92203,0.68186,0.015777
-0.172594,0.694342,0.777277,0.628545
2.430538,0.291973,0.335167,0.155579
-0.20646,0.583026,0.865659,0.869894
0.740007,0.942038,0.833125,0.931983
1.957516,0.147976,0.911136,0.055483
0.962884,0.612856,0.469819,0.462779
2.000025,0.373405,0.316272,0.35935
0.248611,0.91616,0.529154,0.330521
0.733692,0.383179,0.41403,0.150742
1.159257,0.890099,0.630084,0.457764
1.555753,0.396624,0.838681,0.231717
-0.833009,0.685308,0.145483,0.529826
0.203892,0.648967,0.685606,0.191959
1.494094,0.232939,0.517038,0.031367
2.100034,0.047242,0.811357,0.470734
-0.472173,0.628675,0.191031,0.759146
1.694609,0.137383,0.007921,0.694149
1.555115,0.294733,0.182081,0.660119
1.832999,0.376445,0.034999,0.030059
1.932001,0.256746,0.137208,0.361224
0.548329,0.781386,0.624443,0.770471
0.974057,0.141252,0.226645,0.909101
0.124927,0.439714,0.77945,0.774738
1.676696,0.190753,0.637411,0.81599
-0.943341,0.838764,0.084545,0.06866
0.596872,0.461852,0.739646,0.11654
2.443159,0.365873,0.401341,0.262273
0.769875,0.969416,0.171652,0.671689
-0.004768,0.829071,0.779536,0.095585
2.135757,0.172272,0.401786,0.300075
0.002132,0.726439,0.848338,0.137079
0.916331,0.600098,0.120308,0.767803
0.911698,0.176103,0.078129,0.080878
1.516348,0.015507,0.032117,0.918037
1.705053,0.306256,0.367713,0.620289
1.202021,0.931404,0.563724,0.563118
0.95257,0.547538,0.472753,0.493666
0.039018,0.821454,0.496722,0.214399
1.129674,0.509665,0.527138,0.489186
0.865016,0.569473,0.921119,0.632292
-0.116762,0.791538,0.251498,0.565821
-0.990639,0.891278,0.308176,0.838944
0.812011,0.026984,0.244201,0.260427
-0.249319,0.821331,0.110827,0.213422
-0.583099,0.715233,0.034511,0.78332
1.232515,0.361442,0.382948,0.645091
1.997236,0.390118,0.356918,0.442718
0.964817,0.474955,0.059086,0.92341
1.4802,0.463243,0.939321,0.957464
0.235798,0.021913,0.470373,0.105896
1.050776,0.090191,0.311447,0.013065
2.277722,0.355498,0.568252,0.593121
-0.202101,0.700521,0.748688,0.68623
2.615087,0.126557,0.442995,0.448499
1.054965,0.433438,0.815862,0.812993
1.223008,0.396368,0.414672,0.729196
0.851095,0.917399,0.626902,0.784435
1.353958,0.185626,0.860729,0.574316
1.959197,0.290211,0.037932,0.663819
0.179033,0.611242,0.488965,0.28925
0.92011,0.812425,0.738708,0.29571
0.183114,0.570599,0.566259,0.870419
0.864513,0.056679,0.436965,0.858956
1.674587,0.447949,0.00152,0.398439
0.62068,0.417825,0.69229,0.875934
-0.440929,0.605076,0.097365,0.042171
0.581311,0.822193,0.941593,0.550157
1.480148,0.214118,0.273835,0.559013
2.008918,0.087163,0.932424,0.176548
1.387365,0.687788,0.743053,0.496462
0.50396,0.575605,0.43896,0.677001
0.048755,0.619926,0.723991,0.222948
2.524493,0.09409,0.39173,0.436375
1.182344,0.529467,0.574623,0.145564
1.356941,0.230359,0.13129,0.911329
1.020697,0.698173,0.475611,0.39607
1.232447,0.554019,0.944947,0.606717
2.121209,0.27428,0.968688,0.208186
-0.435426,0.5944,0.005857,0.03571
0.760617,0.877109,0.800935,0.528447
1.571163,0.988146,0.760662,0.678425
0.383604,0.250313,0.424702,0.997781
1.61008,0.031612,0.529529,0.842207
1.77616,0.116873,0.638672,0.005778
0.748228,0.63399,0.496127,0.50835
0.047409,0.626009,0.772268,0.938569
2.303303,0.38646,0.472478,0.440236
0.77036,0.552701,0.884119,0.570819
1.649294,0.164772,0.72013,0.808982
0.052854,0.033181,0.283645,0.811288
0.343368,0.824416,0.78622,0.536662
2.539604,0.208687,0.914461,0.08803
0.262129,0.557604,0.737231,0.800466
1.178769,0.469772,0.969279,0.674059
1.181602,0.813011,0.711163,0.188802
0.695274,0.986872,0.181327,0.362993
1.677037,0.233135,0.084801,0.935568
1.20181,0.389952,0.515237,0.777795
0.247768,0.694772,0.604475,0.536108
-0.155176,0.804262,0.510274,0.469237
-0.279803,0.78903,0.150219,0.391774
1.616589,0.288939,0.305661,0.104636
-0.453973,0.831005,0.023372,0.649922
1.176487,0.345896,0.095356,0.66487
2.443726,0.299248,0.137532,0.472558
1.079437,0.354968,0.451457,0.099201
0.796707,0.578662,0.511521,0.500245
-0.020181,0.906818,0.451897,0.119799
2.425396,0.107183,0.863708,0.134392
0.519489,0.93889,0.683038,0.99958
0.624201,0.547409,0.979717,0.955786
2.596947,0.268705,0.517438,0.984786
1.369324,0.273764,0.374486,0.223061
1.415662,0.245411,0.665755,0.262202
1.318484,0.00933,0.63935,0.28524
-0.479356,0.564626,0.288031,0.040501
1.604543,0.945906,0.065293,0.276702
1.742576,0.205092,0.847182,0.005608
-0.482629,0.881893,0.145172,0.991692
0.618094,0.921949,0.092291,0.19702
0.591931,0.942511,0.234577,0.540172
1.71328,0.049259,0.681973,0.309045
1.909207,0.979714,0.396632,0.327158
2.112845,0.123596,0.337087,0.604948
0.200266,0.75517,0.757351,0.568347
1.760493,0.388871,0.826658,0.355797
0.211169,0.376068,0.444322,0.005352
0.450787,0.660761,0.857504,0.759998
0.310103,0.066824,0.08332,0.817092
1.178256,0.438108,0.180844,0.152619
0.784352,0.820062,0.688463,0.614093
2.082991,0.240668,0.273711,0.552868
2.006933,0.992521,0.928318,0.310384
1.869503,0.389818,0.7914,0.219976
0.19191,0.701657,0.519083,0.12473
1.604359,0.074111,0.469348,0.455088
1.607474,0.45209,0.716525,0.453278
0.945898,0.760114,0.863187,0.572131
-0.119914,0.948631,0.590966,0.111764
0.038137,0.88758,0.107119,0.323755
2.434997,0.319876,0.794225,0.398409
-0.029342,0.845662,0.523278,0.245588
2.267515,0.237584,0.281262,0.255723
-0.021055,0.648645,0.389954,0.817698
1.098218,0.977446,0.728504,0.256329
0.919471,0.402059,0.284632,0.748202
1.710882,0.205773,0.830444,0.501905
0.170098,0.639081,0.711543,0.458939
2.661888,0.331556,0.860271,0.137626
1.377649,0.771805,0.851821,0.738194
2.854446,0.264081,0.849174,0.966809
1.462013,0.059907,0.305183,0.867025
-0.075191,0.691471,0.28105,0.846049
1.793996,0.319182,0.378398,0.495551
0.937982,0.547085,0.917873,0.576027
0.670265,0.820162,0.910485,0.674837
0.811878,0.686966,0.939014,0.275111
2.360043,0.122098,0.507371,0.78125
1.746923,0.039278,0.268433,0.463376
0.884785,0.341032,0.200499,0.957326
-0.732641,0.632686,0.269017,0.813294
-0.210928,0.631075,0.221755,0.482634
0.522638,0.691481,0.661787,0.332356
1.361355,0.134014,0.112457,0.82474
-0.487092,0.704619,0.794394,0.076242
2.19738,0.438753,0.925838,0.051788
0.146214,0.82444,0.464434,0.963516
1.107208,0.106176,0.120265,0.751093
0.822816,0.357018,0.821461,0.863143
-1.021404,0.722362,0.408097,0.984322
0.741827,0.512532,0.08782,0.257568
1.61496,0.160163,0.870147,0.08146
0.376546,0.671224,0.306377,0.446462
1.308089,0.488161,0.630075,0.467259
-0.033929,0.72473,0.152852,0.054136
0.632541,0.612161,0.870979,0.284306
1.916023,0.169507,0.514833,0.089691
-0.242519,0.863774,0.093396,0.032143
1.249991,0.05033,0.3797,0.89713
0.147429,0.722988,0.325551,0.849147
1.935103,0.513392,0.831769,0.481143
-0.499053,0.709942,0.402539,0.869914
0.802352,0.461588,0.699582,0.82135
0.330842,0.834138,0.243433,0.421877
0.488373,0.433638,0.70452,0.008955
2.001011,0.320557,0.532754,0.373479
0.323362,0.889692,0.911937,0.760684
1.002425,0.795333,0.991875,0.694171
2.484976,0.266605,0.180962,0.498845
1.355478,0.531165,0.153141,0.566924
0.34439,0.840158,0.734908,0.216146
0.597443,0.955685,0.047553,0.761827
2.477373,0.302924,0.153954,0.243828
0.993694,0.32092,0.015104,0.704688
-0.264718,0.855687,0.210592,0.043293
-0.377903,0.044178,0.523212,0.927112
0.247425,0.59783,0.949034,0.689053
0.501638,0.600165,0.529019,0.013451
0.920973,0.055814,0.542032,0.311615
-0.081578,0.780217,0.433615,0.576512
2.17694,0.26809,0.160695,0.396893
1.619473,0.98041,0.505046,0.466582
-0.622922,0.846371,0.254465,0.298722
0.345887,0.679033,0.37853,0.38614
1.734545,0.058314,0.907169,0.682175
0.516852,0.60616,0.839885,0.323677
0.83928,0.411387,0.099503,0.624516
1.899699,0.020981,0.637992,0.410535
0.59709,0.962393,0.478334,0.525486
-0.197986,0.800164,0.07682,0.411565
1.784102,0.308919,0.692114,0.291515
2.098651,0.367164,0.776116,0.841116
2.044915,0.156811,0.498985,0.540404
1.50423,0.479605,0.938454,0.665017
1.258561,0.511418,0.471338,0.48321
1.496891,0.429695,0.546643,0.059341
-1.055159,0.822635,0.033613,0.837861
0.341854,0.91205,0.840519,0.422967
3.059864,0.241958,0.726261,0.52484
1.889822,0.409347,0.744789,0.645193
-0.136489,0.754238,0.097982,0.418668
-0.831663,0.531368,0.377543,0.629133
0.810007,0.825449,0.567676,0.616463
0.197418,0.962416,0.877555,0.781526
1.070011,0.246941,0.251917,0.830689
0.372477,0.615586,0.669021,0.604698
-0.324631,0.954372,0.09493,0.063048
2.500688,0.114631,0.667473,0.348423
1.414895,0.323506,0.334907,0.59512
1.494614,0.345892,0.616628,0.618579
1.79284,0.353943,0.918229,0.146746
-0.654526,0.543376,0.448102,0.942061
1.955746,0.456457,0.196834,0.25192
-0.250696,0.506215,0.308293,0.076892
0.881063,0.284084,0.059952,0.713992
1.962436,0.432176,0.431505,0.600705
-0.029526,0.930002,0.256564,0.471228
1.113226,0.489707,0.97254,0.810775
1.505411,0.595369,0.894098,0.224418
1.553585,0.265518,0.653647,0.862784
1.707485,0.195266,0.88735,0.875694
0.793673,0.768364,0.65697,0.729737
0.85743,0.382789,0.12745,0.695073
1.736872,0.018463,0.369851,0.537163
0.07114,0.827664,0.655215,0.53878
1.017585,0.021198,0.734645,0.204485
0.370379,0.545918,0.86362,0.748509
-1.19366,0.824759,0.36001,0.86024
2.860723,0.092371,0.966057,0.612335
2.007126,0.066314,0.625355,0.403069
0.664299,0.410127,0.270122,0.664869
0.514643,0.083443,0.063345,0.67897
0.804446,0.509141,0.079752,0.512903
-0.080937,0.662037,0.123404,0.34664
1.631105,0.951641,0.915787,0.607181
-0.147013,0.887233,0.518974,0.217966
0.903107,0.556563,0.154707,0.305501
0.49976,0.86755,0.714297,0.171768
0.353383,0.641805,0.765586,0.712527
0.457639,0.622575,0.703345,0.093489
1.326821,0.450756,0.079633,0.73958
1.582684,0.436524,0.857061,0.535635
-0.823409,0.890328,0.216048,0.813818
-0.180902,0.557221,0.263536,0.410064
0.295025,0.8342,0.346746,0.626131
1.604761,0.294657,0.008012,0.029438
1.524471,0.46637,0.245969,0.703112
0.162806,0.716768,0.197912,0.300771
0.585054,0.846884,0.279501,0.399027
0.305052,0.87419,0.704564,0.428216
1.404262,0.09488,0.487985,0.365521
-1.086418,0.829366,0.074872,0.962245
0.799862,0.937749,0.689189,0.247715
-0.21664,0.774785,0.819074,0.579834
0.028251,0.84389,0.13546,0.984904
1.576432,0.469163,0.763524,0.064599
0.51529,0.376343,0.672673,0.95969
0.677644,0.030786,0.25901,0.982074
0.506098,0.067699,0.166869,0.979463
1.261164,0.430721,0.022806,0.621569
0.361098,0.676303,0.523661,0.284294
-0.344531,0.813788,0.121843,0.053427
0.649897,0.928635,0.398119,0.602256
2.467923,0.084572,0.960659,0.423159
0.344335,0.970922,0.824263,0.990525
0.67418,0.890143,0.478043,0.858038
1.95314,0.19193,0.812042,0.105612
0.764951,0.905846,0.799225,0.470166
2.004952,0.443135,0.770684,0.698409
0.827627,0.911871,0.846338,0.034458
2.174315,0.278701,0.899724,0.944012
-0.06174,0.842849,0.444,0.089437
0.95767,0.550882,0.788577,0.706843
2.040786,0.263294,0.539531,0.330634
1.440063,0.454953,0.475533,0.027542
0.964159,0.3787,0.127999,0.624318
0.567541,0.664276,0.780678,0.515267
1.360462,0.720649,0.689343,0.35287
-0.597736,0.560094,0.185853,0.076678
0.862577,0.437906,0.397417,0.421663
0.358379,0.843384,0.500414,0.384804
2.878931,0.206926,0.770785,0.657454
2.566834,0.267325,0.697422,0.708522
1.095252,0.00301,0.437723,0.327972
1.294908,0.445757,0.909346,0.989654
0.816797,0.486098,0.716974,0.17286
0.017129,0.950335,0.006014,0.031092
0.449961,0.604471,0.342394,0.250809
0.302376,0.982812,0.376023,0.1763
0.998898,0.008947,0.922774,0.784168
1.781665,0.203688,0.459316,0.314796
2.845533,0.04969,0.875353,0.427287
1.947148,0.364377,0.6369,0.969204
0.577366,0.58153,0.890051,0.001975
2.552283,0.27508,0.273492,0.393172
-0.725353,0.699418,0.4208,0.031146
0.378544,0.770044,0.351262,0.613948
-0.459665,0.693748,0.8014,0.986376
0.926475,0.961331,0.038061,0.397242
1.486509,0.359223,0.286346,0.197178
1.632411,0.050882,0.683524,0.331751
1.895294,0.052492,0.222541,0.534073
0.409292,0.889343,0.215545,0.723676
0.494467,0.582746,0.744283,0.441829
1.690827,0.12236,0.099151,0.368103
2.819499,0.103888,0.477561,0.224489
-0.348614,0.864309,0.731649,0.310379
1.232507,0.252924,0.714833,0.84488
1.257685,0.005869,0.321754,0.584425
0.243018,0.919211,0.932355,0.019481
-0.241738,0.891107,0.496708,0.941894
0.933073,0.298619,0.272961,0.975063
1.871826,0.415533,0.947881,0.891498
1.117851,0.686494,0.607982,0.374827
2.472412,0.327373,0.406766,0.201836
1.330597,0.444474,0.760887,0.701878
-0.533455,0.755266,0.147862,0.04663
0.306746,0.57096,0.352733,0.13376
2.359338,0.181798,0.06616,0.080938
2.816954,0.310892,0.962692,0.31075
-0.270584,0.489377,0.252823,0.99808
0.917967,0.379523,0.083141,0.809604
-0.114984,0.841423,0.95512,0.998419
0.81822,0.174484,0.04707,0.66572
1.963545,0.232412,0.999114,0.779273
-0.044736,0.968446,0.325202,0.855977
1.142342,0.65199,0.722781,0.227719
-0.197584,0.562871,0.011373,0.171667
0.29152,0.983108,0.073,0.877443
-0.155809,0.438815,0.006285,0.931259
0.953835,0.968422,0.630167,0.716868
0.938229,0.902608,0.441402,0.448941
2.470917,0.204345,0.723888,0.526739
0.973976,0.100195,0.028845,0.972403
-0.129301,0.706874,0.708647,0.614982
0.506096,0.944501,0.898481,0.780059
2.178023,0.261685,0.93668,0.936881
0.296298,0.694319,0.116128,0.020735
0.346936,0.56463,0.585097,0.636836
1.009363,0.039089,0.764007,0.055679
1.240966,0.376746,0.794489,0.79925
2.327717,0.373221,0.518778,0.619354
0.871308,0.451221,0.209137,0.067673
0.247961,0.952433,0.951811,0.121402
-0.254455,0.794389,0.237854,0.071651
2.474327,0.508872,0.976621,0.457154
-0.116771,0.669481,0.031236,0.744198
0.814464,0.629616,0.149068,0.86754
1.589571,0.837886,0.974931,0.701326
2.114334,0.401508,0.468187,0.40711
1.334556,0.282985,0.570513,0.033071
0.658601,0.900295,0.090623,0.17023
0.695162,0.644597,0.329902,0.280271
-0.061253,0.881508,0.608739,0.629295
-0.092385,0.754294,0.852392,0.692514
0.769076,0.337837,0.116549,0.856898
1.567318,0.356361,0.996569,0.600241
0.506838,0.43956,0.628768,0.812995
0.610698,0.452732,0.596127,0.224634
1.03402,0.932709,0.592546,0.215766
1.931584,0.044858,0.642345,0.713237
-0.753014,0.892943,0.116229,0.11389
1.961221,0.400228,0.201796,0.249762
-0.971664,0.98987,0.196871,0.989956
2.422872,0.068513,0.788794,0.34037
1.951472,0.124641,0.749495,0.677916
0.874559,0.51058,0.170509,0.362282
2.580716,0.208141,0.771826,0.577142
3.010499,0.242785,0.820847,0.226643
-0.038132,0.494531,0.362956,0.69087
2.209484,0.156107,0.05022,0.461392
2.230075,0.116964,0.631814,0.443796
2.630409,0.136587,0.875309,0.326203
-1.356256,0.694656,0.188601,0.712466
1.183296,0.52747,0.133431,0.47806
1.348241,0.873821,0.897476,0.639126
-0.20017,0.79935,0.719263,0.377479
1.378327,0.931497,0.179882,0.441807
2.889297,0.357698,0.976658,0.495224
0.331299,0.596501,0.343196,0.125766
1.173563,0.192399,0.112303,0.269339
2.562892,0.064764,0.951761,0.627464
-0.493572,0.757483,0.060399,0.62198
-0.915542,0.641776,0.114725,0.577802
0.695635,0.006312,0.375523,0.430148
1.075203,0.139032,0.510677,0.894759
-0.564012,0.779523,0.311139,0.256881
0.949317,0.557132,0.753714,0.132047
2.081793,0.481502,0.472663,0.465561
-0.613177,0.836756,0.062414,0.133487
1.723895,0.448798,0.697093,0.46353
0.908928,0.972064,0.269184,0.678424
2.091816,0.169794,0.736022,0.422827
1.583316,0.051921,0.616659,0.337176
-0.388039,0.659462,0.597242,0.749019
1.262015,0.184964,0.008708,0.218794
1.935411,0.345136,0.806228,0.066786
1.331935,0.026764,0.101228,0.612226
1.761679,0.291367,0.532687,0.666816
-0.320925,0.802597,0.028744,0.608174
-0.017371,0.79611,0.576491,0.491854
0.793814,0.079004,0.386055,0.866744
1.945908,0.086306,0.646047,0.159152
1.262868,0.305506,0.034645,0.422944
0.536818,0.451615,0.188994,0.964161
0.640923,0.922862,0.94824,0.222193
1.305246,0.23155,0.33257,0.40483
-0.830401,0.672391,0.061945,0.739383
1.822217,0.029361,0.508204,0.217727
0.033166,0.979948,0.597559,0.957318
1.424066,0.178535,0.144703,0.868275
-0.319206,0.738342,0.284521,0.073035
-0.09057,0.420201,0.596598,0.837372
0.716393,0.659737,0.922804,0.324451
-0.361547,0.697624,0.874051,0.868234
1.170816,0.420985,0.335357,0.489206
2.34593,0.34141,0.342699,0.510179
-0.594686,0.674233,0.313592,0.084126
2.190141,0.235154,0.860168,0.736158
2.275986,0.331313,0.72496,0.569803
0.994493,0.953224,0.413194,0.196826
0.571579,0.874834,0.378679,0.356852
1.475894,0.830308,0.645229,0.379812
0.221578,0.474232,0.010111,0.954557
0.864178,0.679275,0.93082,0.608098
1.392687,0.38909,0.857558,0.750129
-1.300712,0.787599,0.137763,0.882416
-0.779536,0.615219,0.352019,0.974507
0.009542,0.791193,0.520792,0.387818
0.180949,0.994946,0.636869,0.379341
0.316304,0.550054,0.49612,0.881797
1.354692,0.261494,0.049917,0.767049
-0.181244,0.960058,0.291673,0.867956
1.844474,0.69226,0.824718,0.270165
0.59754,0.869417,0.79433,0.412849
0.658112,0.790431,0.861981,0.229613
-0.103628,0.799924,0.594015,0.949385
0.755444,0.692386,0.460755,0.264419
-0.33541,0.667248,0.588862,0.60631
-0.277429,0.594615,0.365482,0.645285
1.048531,0.058887,0.573592,0.73266
2.009081,0.09526,0.968018,0.894312
0.615529,0.215289,0.030257,0.786993
0.92378,0.608079,0.499601,0.579699
0.322203,0.845052,0.175605,0.290668
1.646612,0.028197,0.600867,0.474548
1.600758,0.257462,0.644331,0.786095
1.477532,0.300291,0.367037,0.639458
1.843379,0.163691,0.360646,0.389651
0.084228,0.927372,0.01484,0.294572
1.158543,0.504513,0.891712,0.072359
-1.076318,0.813174,0.569653,0.931856
0.54999,0.877566,0.922318,0.099821
0.215349,0.335346,0.268992,0.01242
-0.7051,0.836139,0.213951,0.706815
0.196442,0.462466,0.158427,0.835301
0.301544,0.671375,0.869175,0.55823
1.404653,0.370912,0.048203,0.679619
1.357761,0.329451,0.415495,0.915448
1.787906,0.337081,0.426515,0.812768
0.572232,0.046326,0.30378,0.637114
0.739081,0.872301,0.659321,0.776483
0.80507,0.531533,0.098516,0.411382
1.357397,0.992553,0.976813,0.579142
1.214377,0.123611,0.346589,0.726684
0.137277,0.776192,0.3636,0.338191
0.070309,0.040542,0.32794,0.054432
2.629175,0.295319,0.903442,0.176321
1.659119,0.580074,0.830094,0.274552
-0.609008,0.804346,0.283823,0.595766
-0.735311,0.701086,0.40753,0.118496
-0.119959,0.566593,0.116534,0.666611
1.83513,0.18629,0.237395,0.369916
2.428491,0.179379,0.735321,0.433234
2.023047,0.488221,0.45547,0.24441
0.558994,0.553021,0.830563,0.7831
3.259574,0.414838,0.815966,0.426176
-1.19058,0.649166,0.223397,0.899933
1.525839,0.216161,0.739255,0.547666
0.73647,0.50967,0.670765,0.445764
-0.331511,0.70247,0.462374,0.753121
0.297708,0.826213,0.320989,0.436056
1.590816,0.314253,0.676799,0.350821
-1.715763,0.741562,0.050703,0.996078
2.094862,0.313992,0.215682,0.275466
1.622984,0.038285,0.701175,0.654517
0.88561,0.091335,0.603752,0.111475
1.322038,0.148027,0.469666,0.654573
2.445181,0.176478,0.736334,0.268742
2.23775,0.231105,0.992819,0.093031
2.226875,0.270017,0.899848,0.886208
-0.100669,0.668573,0.51061,0.052588
1.089115,0.496965,0.621499,0.539047
0.089084,0.48433,0.497723,0.7638
-0.705678,0.881462,0.570327,0.963799
2.259153,0.161139,0.180567,0.241216
0.997888,0.153445,0.125992,0.444103
1.823081,0.43549,0.476651,0.313621
1.105082,0.180766,0.07798,0.43343
1.849433,0.141765,0.805376,0.354039
1.602363,0.421918,0.560202,0.501237
-0.006945,0.627501,0.588619,0.557698
0.282917,0.524263,0.39591,0.049724
0.28671,0.603237,0.710042,0.022289
0.680262,0.882341,0.380075,0.321456
-0.082306,0.692031,0.089557,0.727926
1.294007,0.661308,0.768257,0.378471
0.746131,0.820631,0.96515,0.435502
1.49271,0.352509,0.246685,0.571053
2.6239,0.282648,0.591625,0.1688
0.882303,0.524111,0.763434,0.086745
0.076813,0.656906,0.190463,0.276688
0.593427,0.389891,0.263328,0.849442
1.338606,0.690206,0.924811,0.595344
0.691751,0.3839,0.279778,0.140812
1.810177,0.968502,0.922654,0.55928
0.013651,0.749141,0.832082,0.259833
-0.13636,0.51806,0.280189,0.293894
2.15594,0.430569,0.746872,0.271421
1.149813,0.56404,0.744015,0.297115
2.079189,0.32455,0.579098,0.672085
1.331673,0.370175,0.966913,0.847039
1.193156,0.510956,0.388315,0.570776
2.117607,0.190958,0.551257,0.212402
2.20486,0.236111,0.201714,0.205393
2.558053,0.280256,0.308977,0.422959
0.085565,0.688738,0.484554,0.953264
0.71241,0.563201,0.358533,0.409308
1.717624,0.183789,0.110608,0.237047
2.085172,0.219971,0.797819,0.071669
0.203263,0.920656,0.06049,0.71023
-0.820685,0.671049,0.326031,0.912147
1.596904,0.112633,0.259905,0.561802
0.239234,0.981998,0.276774,0.768218
0.866439,0.547953,0.49901,0.536652
-0.799281,0.815279,0.013405,0.069797
1.788701,0.190541,0.127295,0.203828
2.51391,0.451829,0.646988,0.507896
0.153347,0.820295,0.12867,0.574835
-0.322757,0.585369,0.136599,0.959588
1.512035,0.025181,0.463353,0.119526
0.150755,0.582055,0.180399,0.512444
1.633443,0.438791,0.742057,0.306338
0.094324,0.54401,0.780762,0.752992
0.312252,0.910238,0.28733,0.365879
1.137691,0.574955,0.909529,0.895098
1.760385,0.334224,0.121627,0.508117
1.552618,0.03311,0.953992,0.517079
2.669959,0.333987,0.767317,0.319898
1.306555,0.974974,0.801842,0.870583
2.038875,0.209059,0.627577,0.674099
0.603616,0.862167,0.817705,0.412785
0.12433,0.764657,0.947358,0.006671
2.20406,0.375558,0.473014,0.657753
2.495132,0.362208,0.141614,0.447268
1.325244,0.324064,0.027811,0.70232
1.930747,0.134962,0.118539,0.553166
1.230401,0.021449,0.771249,0.69622
0.08124,0.937242,0.363579,0.140458
0.88963,0.525203,0.590153,0.932048
0.1089,0.598975,0.329079,0.093909
1.215699,0.453006,0.463698,0.969626
0.443521,0.402872,0.41371,0.036434
0.017829,0.8444,0.162755,0.483677
-0.86417,0.901595,0.439407,0.857951
0.971575,0.074836,0.145807,0.646711
-0.512031,0.627702,0.852849,0.238282
0.251869,0.661836,0.228056,0.656292
1.059588,0.478272,0.526693,0.930707
1.765015,0.421589,0.829284,0.536707
-0.862317,0.657742,0.544006,0.125855
-0.425303,0.898457,0.089409,0.881426
1.942205,0.095961,0.594242,0.592529
-0.825904,0.891826,0.415586,0.932855
2.069756,0.374627,0.955072,0.733573
1.03737,0.99296,0.051983,0.532055
0.349847,0.509708,0.749457,0.841845
1.558537,0.041021,0.61457,0.48516
0.908484,0.969572,0.928451,0.755003
-0.247946,0.822954,0.618592,0.680702
0.821172,0.843567,0.09652,0.587217
0.248377,0.711097,0.537022,0.623388
-0.028623,0.660689,0.78205,0.816123
0.941481,0.286494,0.014538,0.952555
0.366806,0.033772,0.327694,0.72417
0.544621,0.456938,0.099914,0.725413
-0.285742,0.711454,0.270696,0.584425
2.735247,0.390714,0.900969,0.709829
1.656943,0.291707,0.119969,0.786362
-0.431536,0.725395,0.085066,0.319432
0.958278,0.393848,0.030508,0.499584
-0.507169,0.791329,0.595399,0.072173
0.808142,0.222111,0.048874,0.195818
1.739141,0.715014,0.542835,0.385844
0.39283,0.584097,0.399753,0.540941
0.571019,0.671812,0.868803,0.679477
0.383501,0.946688,0.582383,0.876841
1.620723,0.094979,0.499535,0.741054
2.168035,0.430207,0.263385,0.502726
1.673648,0.077852,0.258534,0.238948
2.419335,0.197722,0.961404,0.73437
0.177998,0.814921,0.404875,0.912331
2.434035,0.271299,0.835386,0.228875
1.03059,0.040461,0.37499,0.386538
0.236406,0.517934,0.717564,0.789845
0.039121,0.671634,0.976038,0.089312
-1.433682,0.669318,0.497628,0.959886
1.293704,0.491544,0.951911,0.104959
1.192575,0.045189,0.362082,0.209752
-0.384229,0.850348,0.10045,0.271538
0.128712,0.847902,0.446982,0.869291
0.78491,0.835018,0.687393,0.357431
1.048324,0.45842,0.61269,0.7589
0.472929,0.22319,0.522071,0.830545
1.531464,0.275412,0.908121,0.993138
2.161044,0.29096,0.310669,0.330484
1.256474,0.955391,0.60054,0.315951
0.517453,0.519886,0.784829,0.103962
2.707432,0.170715,0.882021,0.4768
1.982831,0.165949,0.598676,0.419947
0.58595,0.468638,0.08023,0.021326
0.517966,0.87526,0.623876,0.247562
1.69804,0.310337,0.094941,0.872004
1.570177,0.39524,0.009847,0.190612
0.654878,0.909162,0.106257,0.502079
2.061703,0.127963,0.399727,0.223807
0.590761,0.471632,0.144704,0.966499
0.208148,0.905353,0.671536,0.961656
-0.283576,0.58311,0.112944,0.824102
3.067868,0.148304,0.862742,0.645851
1.521969,0.392563,0.325258,0.800078
-0.07046,0.535689,0.806878,0.005277
1.279619,0.088351,0.054932,0.223879
2.549338,0.483792,0.823289,0.208113
0.360273,0.940523,0.681326,0.96223
0.152599,0.737181,0.648998,0.387355
0.52538,0.814634,0.171618,0.561193
1.714453,0.020134,0.936296,0.209041
2.23755,0.364291,0.985564,0.553906
1.984209,0.982748,0.863809,0.249714
0.788077,0.448661,0.238184,0.451926
1.562775,0.224249,0.312733,0.668865
0.55748,0.90723,0.3984,0.490639
2.045305,0.292095,0.696691,0.494182
0.855158,0.969136,0.582697,0.550501
0.523845,0.740307,0.672197,0.175904
1.202118,0.433983,0.807234,0.749718
-0.725422,0.895969,0.470868,0.902567
-1.204384,0.769532,0.238526,0.570217
1.390669,0.085582,0.305687,0.120255
-0.075652,0.833322,0.58164,0.237139
-0.248449,0.811498,0.385264,0.553804
0.446231,0.571921,0.235424,0.434782
1.653216,0.12135,0.463385,0.514011
0.901412,0.036437,0.007753,0.106474
-1.038845,0.876752,0.45488,0.794289
1.090347,0.822021,0.859676,0.786192
2.451254,0.423967,0.819623,0.682172
0.2627,0.752642,0.615621,0.363121
1.061166,0.10655,0.231103,0.113774
0.000355,0.6786,0.689958,0.128956
0.314819,0.529326,0.134366,0.936591
2.331615,0.341737,0.978454,0.133339
-0.120132,0.591405,0.104022,0.369427
1.952304,0.691967,0.703467,0.39154
-0.178431,0.775281,0.893984,0.930672
-0.014335,0.746658,0.96445,0.255876
1.274922,0.466292,0.676043,0.625068
-0.277988,0.728463,0.168028,0.518133
0.184333,0.593764,0.229259,0.42621
0.639457,0.03915,0.330693,0.617082
2.425599,0.422836,0.939481,0.181832
1.364021,0.412838,0.239129,0.293441
1.420766,0.156194,0.443987,0.522796
-0.532771,0.664918,0.219257,0.48401
1.460328,0.295653,0.424467,0.59399
0.776602,0.853528,0.950929,0.481506
-0.353733,0.703867,0.007764,0.690499
1.496898,0.524956,0.684724,0.373129
1.708605,0.377395,0.252121,0.736067
1.694689,0.997487,0.436147,0.230378
-0.953311,0.613571,0.126505,0.012566
1.022734,0.387705,0.340499,0.030635
1.06843,0.413743,0.253079,0.940971
-0.267851,0.97456,0.437864,0.975583
1.499246,0.899856,0.862432,0.520809
1.521401,0.007199,0.929654,0.418715
1.859741,0.0829,0.773892,0.326453
1.921754,0.01285,0.805012,0.445827
1.032055,0.532068,0.922179,0.902319
2.046961,0.378577,0.042435,0.676543
0.879159,0.005204,0.442287,0.452328
2.691117,0.220684,0.333589,0.481793
1.778321,0.228515,0.880226,0.788951
0.541969,0.429057,0.072922,0.464166
-0.25999,0.965018,0.418427,0.662536
2.711221,0.246155,0.641235,0.43374
-0.021132,0.911092,0.089203,0.835311
0.986724,0.043812,0.537549,0.601213
0.086818,0.104023,0.113413,0.83522
2.127781,0.361452,0.326726,0.378114
1.901519,0.312421,0.532808,0.561646
1.181681,0.141024,0.274662,0.815152
1.50693,0.502721,0.11785,0.339161
1.850106,0.500206,0.568713,0.529368
0.767655,0.840514,0.977335,0.399618
0.757374,0.479112,0.020292,0.156802
1.963532,0.412389,0.644671,0.371061
-0.427048,0.684986,0.517282,0.172056
0.437047,0.488982,0.33393,0.702414
-0.177517,0.974227,0.42959,0.752754
2.809708,0.185554,0.639401,0.336363
0.668321,0.541079,0.074546,0.098036
1.822136,0.190839,0.227348,0.692625
0.697209,0.055092,0.353078,0.970829
1.047466,0.427873,0.466755,0.745023
0.878174,0.461394,0.787433,0.653911
1.699496,0.277899,0.167203,0.68974
-0.487564,0.784162,0.844841,0.825782
-0.69327,0.649964,0.108352,0.512703
0.145198,0.556562,0.183344,0.560398
0.452963,0.649854,0.309668,0.41767
0.23885,0.11112,0.561611,0.938435
2.254952,0.382955,0.963737,0.85806
0.041911,0.504052,0.658188,0.916715
0.968349,0.903993,0.878491,0.905733
1.273091,0.223667,0.580543,0.00389
0.833555,0.596822,0.476064,0.802876
-0.330846,0.656868,0.291478,0.060725
0.690262,0.353912,0.531696,0.834794
-0.255899,0.61972,0.748847,0.815045
1.009208,0.499108,0.57697,0.223952
0.083011,0.615599,0.268681,0.113789
2.573554,0.229434,0.881577,0.152942
-0.386463,0.746441,0.784478,0.892213
1.226264,0.01178,0.211763,0.931948
1.595425,0.123545,0.999607,0.966463
1.974842,0.261921,0.251144,0.457747
1.697132,0.566574,0.903275,0.54469
0.859744,0.714192,0.883358,0.403271
3.413021,0.204074,0.649563,0.498187
0.108207,0.563434,0.364598,0.164594
1.035256,0.878056,0.524193,0.558743
-0.44366,0.423458,0.214231,0.952498
-0.494062,0.782382,0.356804,0.383969
-0.32601,0.855432,0.221467,0.128796
2.674715,0.326856,0.743732,0.598475
1.092172,0.085762,0.338737,0.126283
2.318557,0.443274,0.955751,0.388991
-0.629346,0.569585,0.299473,0.877378
-0.414247,0.73699,0.732547,0.708417
0.938194,0.553113,0.577978,0.253204
1.924091,0.269639,0.472717,0.208956
0.176786,0.745714,0.736064,0.194638
2.535236,0.074785,0.675234,0.565267
0.115548,0.52344,0.267972,0.424685
-0.022523,0.869521,0.801283,0.322621
-0.166178,0.818494,0.796324,0.116085
1.15592,0.310878,0.743217,0.982973
2.175945,0.1471,0.456468,0.736085
0.714671,0.511363,0.25542,0.608358
-0.486117,0.87507,0.19772,0.717745
1.826676,0.158746,0.227345,0.329307
1.388098,0.447225,0.723846,0.418005
-0.186823,0.675493,0.789604,0.204739
1.194039,0.519992,0.985773,0.145848
1.698565,0.051278,0.358204,0.339706
0.422033,0.854739,0.324884,0.38901
1.183362,0.104319,0.698049,0.17812
-0.633135,0.959003,0.342072,0.92163
2.794009,0.214178,0.820027,0.751939
0.819699,0.892349,0.737771,0.385985
-0.976709,0.791154,0.524009,0.923069
0.781627,0.905484,0.650205,0.481887
-0.061457,0.978055,0.712336,0.069949
2.633114,0.308632,0.426991,0.10333
0.096146,0.589954,0.795712,0.999111
-0.024775,0.638975,0.621611,0.498946
1.3251,0.448665,0.640515,0.901107
1.565211,0.932696,0.510748,0.176495
1.937871,0.313526,0.708697,0.684846
0.882612,0.654882,0.181569,0.32339
0.22449,0.795308,0.095748,0.409783
1.97067,0.357911,0.535768,0.164875
1.79818,0.451487,0.353043,0.533327
2.080359,0.094564,0.834129,0.678875
2.556268,0.481055,0.931042,0.416501
1.177118,0.932705,0.127109,0.110698
0.273636,0.432785,0.696855,0.994574
0.513217,0.908939,0.339483,0.374584
1.434216,0.970488,0.104894,0.506952
0.508002,0.9098,0.057256,0.088404
1.375141,0.122586,0.669562,0.217098
1.205724,0.993134,0.572862,0.486884
2.8562,0.198174,0.458778,0.734818
0.673427,0.859927,0.176867,0.378507
1.36777,0.118288,0.417063,0.716084
1.496144,0.226914,0.717439,0.993481
1.53673,0.265753,0.238624,0.838695
2.203358,0.095805,0.109601,0.601384
1.332833,0.131176,0.730669,0.052729
0.419448,0.544541,0.360521,0.228047
0.440081,0.725564,0.822208,0.153347
1.298732,0.14322,0.466649,0.818106
0.718263,0.476378,0.712894,0.798395
2.030836,0.230046,0.633046,0.694055
1.22178,0.425239,0.513426,0.231694
0.604614,0.643357,0.130747,0.471739
1.396951,0.003066,0.966769,0.839135
0.497491,0.947232,0.262548,0.614815
-0.462728,0.769901,0.788466,0.677052
-0.497834,0.847392,0.392182,0.78209
0.457698,0.997745,0.452947,0.479214
1.587717,0.053789,0.299503,0.241688
1.556834,0.269529,0.55726,0.077007
1.159019,0.177795,0.247688,0.081791
0.673873,0.654249,0.865732,0.435329
-0.324265,0.786901,0.12349,0.753851
0.168168,0.712118,0.157732,0.397725
-0.45033,0.666497,0.724509,0.907902
1.923539,0.173669,0.888425,0.011763
1.351678,0.4628,0.187964,0.781782
1.980745,0.373586,0.937237,0.825378
1.570441,0.125116,0.832854,0.777663
1.228711,0.585506,0.789319,0.650975
1.364811,0.970917,0.76995,0.859781
0.427329,0.604569,0.069891,0.453145
1.053397,0.501327,0.367448,0.770619
0.771943,0.554327,0.738897,0.206258
-1.088484,0.681741,0.36971,0.957158
0.83871,0.508516,0.770547,0.800722
2.121786,0.059966,0.875705,0.211002
-0.572656,0.727891,0.915246,0.102749
-1.532368,0.766342,0.433219,0.887123
2.249281,0.96481,0.814381,0.696553
0.306079,0.702988,0.347053,0.559236
0.356027,0.562313,0.622506,0.094774
2.115897,0.243732,0.302318,0.586291
1.014345,0.634415,0.386095,0.884668
-0.613071,0.794555,0.080169,0.684951
1.784765,0.239369,0.923303,0.672199
1.687368,0.014235,0.982238,0.653881
0.158613,0.804634,0.184642,0.530624
0.103202,0.968978,0.576073,0.605393
1.912839,0.234031,0.696837,0.186246
0.859326,0.968598,0.827904,0.863836
-0.273366,0.710976,0.808152,0.887135
-0.946542,0.484948,0.323297,0.898013
2.770762,0.165456,0.819683,0.315788
1.437915,0.222339,0.325008,0.635032
0.408585,0.884714,0.706447,0.04531
0.598472,0.83138,0.349856,0.426386
2.211711,0.037235,0.907448,0.452943
1.837535,0.932728,0.801488,0.184544
1.423957,0.309001,0.598738,0.917458
0.207152,0.992781,0.829482,0.888622
1.232091,0.380687,0.024795,0.158695
1.138916,0.43403,0.939924,0.706504
-0.421374,0.568464,0.425219,0.019939
1.228461,0.356545,0.137775,0.460946
0.073907,0.850126,0.261147,0.13205
1.927999,0.184468,0.27292,0.71607
1.630656,0.252451,0.645082,0.398004
1.19927,0.098406,0.163818,0.590016
-0.201989,0.66022,0.100279,0.296422
0.454925,0.50878,0.393118,0.554315
0.445332,0.954466,0.275329,0.325157
1.937907,0.365901,0.71991,0.542102
1.412446,0.187962,0.834506,0.222368
1.60672,0.190215,0.700875,0.140273
0.606924,0.466154,0.7864,0.757933
1.695131,0.09545,0.569227,0.424867
0.09124,0.616284,0.117762,0.333719
0.955278,0.736279,0.755895,0.505648
1.766252,0.47499,0.724235,0.689913
1.21845,0.008395,0.022278,0.375731
-0.421326,0.884453,0.521635,0.932762
1.385507,0.266562,0.819679,0.983156
1.968967,0.966873,0.704175,0.360966
1.791622,0.050764,0.550588,0.383971
1.330792,0.989918,0.774377,0.264431
3.423143,0.270114,0.931281,0.381887
0.66452,0.981415,0.261963,0.261523
1.236753,0.096278,0.13325,0.528932
1.95067,0.242246,0.209701,0.510177
1.386234,0.973042,0.545151,0.475624
1.207255,0.163706,0.35655,0.744627
0.472972,0.560142,0.983539,0.943681
-1.201902,0.610459,0.348749,0.996043
0.256948,0.885608,0.980244,0.743136
0.514477,0.343453,0.24377,0.727909
1.135212,0.499915,0.474001,0.658822
0.107179,0.567537,0.279045,0.776153
1.666616,0.33295,0.717,0.22132
0.021947,0.662764,0.676716,0.1474
1.380472,0.166677,0.347531,0.720997
0.734304,0.437746,0.65713,0.714952
0.562195,0.576501,0.857235,0.083805
2.63466,0.435942,0.881772,0.319858
-0.304162,0.501675,0.085986,0.913576
0.794926,0.975548,0.124863,0.330948
2.373782,0.717886,0.839516,0.444602
-0.512328,0.860965,0.180381,0.222022
0.212813,0.704596,0.487292,0.526736
1.944918,0.271755,0.330721,0.39967
-0.211271,0.908876,0.25131,0.369089
0.418296,0.613233,0.741095,0.956932
1.865619,0.255312,0.104646,0.423194
1.047383,0.999722,0.464412,0.828214
-0.598177,0.93567,0.398717,0.730844
0.535792,0.647853,0.413902,0.255773
1.503247,0.603408,0.871757,0.052326
1.773322,0.373523,0.260034,0.387753
2.45194,0.112114,0.936825,0.577085
-0.572637,0.88148,0.573577,0.251537
1.639491,0.224908,0.86397,0.720571
1.796866,0.07953,0.756634,0.153261
1.415865,0.874969,0.934578,0.57031
2.134789,0.263409,0.732268,0.211036
2.279652,0.241701,0.719584,0.089699
1.108298,0.512994,0.93585,0.303126
2.51942,0.306297,0.478027,0.34138
2.239233,0.289399,0.315897,0.147422
1.203997,0.690848,0.727312,0.13571
0.59036,0.338821,0.419303,0.066069
2.562516,0.322479,0.614794,0.390748
0.397484,0.882457,0.189019,0.344418
0.353843,0.96654,0.684379,0.58497
1.718116,0.160638,0.65077,0.508924
0.977363,0.410615,0.53863,0.217835
0.811478,0.527901,0.985135,0.0389
1.13963,0.298605,0.325516,0.167148
0.446956,0.879567,0.341833,0.797993
-1.047278,0.734301,0.186175,0.189702
1.568625,0.286565,0.737215,0.172431
2.578301,0.114319,0.920673,0.54441
-0.759428,0.915343,0.578489,0.941406
1.497397,0.371721,0.492315,0.097786
0.840347,0.373416,0.148785,0.616834
1.715661,0.050197,0.229774,0.355471
1.051746,0.276063,0.674267,0.846192
0.636367,0.903777,0.830199,0.99149
1.734315,0.220206,0.893017,0.488723
-0.097111,0.494058,0.223355,0.721409
-0.803157,0.686493,0.3961,0.63065
-0.236158,0.725414,0.691181,0.659104
1.681149,0.250176,0.743287,0.118955
2.385618,0.308343,0.787255,0.48078
0.796743,0.849441,0.819511,0.221541
0.632515,0.034657,0.344254,0.102205
1.546409,0.244468,0.500601,0.964679
0.237111,0.028067,0.90284,0.125286
0.537758,0.695656,0.745661,0.624305
0.161171,0.274107,0.07243,0.866612
0.617272,0.546945,0.861672,0.166421
-0.297898,0.681203,0.53956,0.791967
-0.082819,0.685684,0.04879,0.080723
-0.125296,0.668483,0.114277,0.928628
1.269753,0.972617,0.841203,0.476474
1.490084,0.559807,0.61266,0.478737
-0.837465,0.903496,0.436499,0.964287
1.900199,0.496141,0.867613,0.34991
0.472082,0.392256,0.160758,0.77361
0.971774,0.390542,0.332684,0.259873
1.046595,0.807473,0.997315,0.29243
1.300285,0.163583,0.603781,0.170721
0.947992,0.875429,0.845154,0.206939
1.553599,0.102976,0.536382,0.234681
0.127293,0.757915,0.491162,0.592402
0.49768,0.512573,0.689743,0.092245
1.552055,0.111954,0.417614,0.870033
1.491914,0.522169,0.555595,0.392637
1.300271,0.328784,0.547163,0.219033
1.931109,0.233845,0.907252,0.923367
1.086174,0.661161,0.80558,0.423904
3.123407,0.393884,0.73633,0.357947
1.206751,0.369355,0.366594,0.818162
1.676304,0.092146,0.623133,0.559078
-0.992845,0.886478,0.467605,0.95452
1.416213,0.138525,0.979798,0.646176
0.602268,0.735703,0.880944,0.434741
1.051217,0.943621,0.232098,0.82613
-0.666365,0.900875,0.405714,0.909479
0.200682,0.739712,0.858688,0.322361
1.622544,0.958507,0.996774,0.434496
1.818123,0.453504,0.594508,0.200056
-0.752784,0.639004,0.168082,0.913443
1.648447,0.320265,0.86196,0.098853
0.653204,0.992046,0.852349,0.955527
0.659902,0.825335,0.426562,0.56649
1.527247,0.132249,0.455683,0.698644
1.22826,0.026325,0.387434,0.583938
2.756263,0.372652,0.949663,0.047564
-0.664512,0.798052,0.288604,0.792191
0.779313,0.36813,0.4269,0.952316
2.007734,0.529913,0.997055,0.758775
0.946413,0.073804,0.396256,0.391969
0.898409,0.526683,0.191017,0.184777
2.009275,0.341946,0.470204,0.176794
0.550507,0.558178,0.392216,0.03436
1.607822,0.298722,0.436856,0.639357
1.072631,0.471582,0.632314,0.306006
2.282671,0.198903,0.87578,0.779194
1.03127,0.891785,0.520878,0.5289
1.235881,0.181178,0.589024,0.913094
0.99125,0.597994,0.050291,0.473617
1.402177,0.254172,0.124894,0.416815
0.794579,0.243541,0.011882,0.926045
0.714873,0.088768,0.699572,0.992715
-0.215673,0.705187,0.206916,0.839497
-0.76746,0.678483,0.356714,0.146079
-0.868246,0.80718,0.59907,0.985804
1.85248,0.050993,0.752132,0.397475
2.607639,0.285633,0.752599,0.26937
2.151204,0.228787,0.512406,0.284986
-0.546782,0.766319,0.772078,0.931292
0.324859,0.829457,0.910285,0.552728
0.587128,0.385743,0.120285,0.896616
1.021135,0.407887,0.550611,0.790517
0.428674,0.788211,0.64394,0.459754
0.617633,0.811293,0.954768,0.577276
0.708547,0.979975,0.277349,0.270193
1.419174,0.586169,0.583584,0.468016
0.867295,0.519276,0.140023,0.498624
1.210365,0.103379,0.185751,0.440023
0.847041,0.382824,0.306542,0.458018
1.016894,0.476157,0.324877,0.689743
0.247796,0.599073,0.101237,0.45929
0.459892,0.517497,0.61988,0.090503
0.557808,0.386357,0.358955,0.227056
0.783643,0.16435,0.040984,0.099859
0.071222,0.897134,0.262039,0.800008
2.565892,0.139687,0.725127,0.506089
1.636128,0.420185,0.436455,0.554722
1.121739,0.338877,0.705035,0.824798
1.562009,0.203847,0.442147,0.688092
0.195081,0.613393,0.986627,0.960579
1.03654,0.952803,0.916327,0.026447
0.906182,0.887644,0.974423,0.336491
2.037288,0.312825,0.283736,0.592072
-0.093451,0.044705,0.697562,0.997106
-0.591147,0.912648,0.039723,0.706822
0.993396,0.946231,0.575174,0.560769
0.150223,0.568023,0.29832,0.659571
0.27447,0.843557,0.566376,0.830422
0.901826,0.327705,0.285708,0.931154
1.110131,0.623416,0.028731,0.546131
3.090486,0.34861,0.013652,0.488178
1.533051,0.530225,0.751948,0.302885
0.136874,0.811086,0.600275,0.403458
2.479179,0.228748,0.384797,0.375786
0.94533,0.427777,0.401225,0.092556
1.601663,0.386926,0.768279,0.9291
1.66338,0.535293,0.065452,0.533133
0.291012,0.532605,0.395046,0.827639
0.091607,0.662118,0.65852,0.653374
1.352661,0.126031,0.246053,0.121607
-0.311936,0.665548,0.503853,0.158708
2.142952,0.378123,0.230058,0.221724
-0.351572,0.49972,0.413287,0.844562
2.116569,0.322349,0.397293,0.152675
-1.372304,0.709171,0.374215,0.974567
1.820388,0.238927,0.484281,0.257783
1.202373,0.890503,0.780937,0.706523
1.801257,0.276003,0.208508,0.631553
0.979993,0.08967,0.001389,0.478061
1.491743,0.711311,0.827749,0.575726
1.310227,0.430914,0.072923,0.322336
-0.051392,0.891668,0.263289,0.225148
1.606486,0.30331,0.791228,0.058059
0.615636,0.979691,0.148827,0.452766
1.658742,0.089162,0.777754,0.584165
0.366332,0.001446,0.394566,0.384925
-0.483357,0.673635,0.150733,0.033304
0.717813,0.483342,0.429827,0.913179
1.216917,0.958227,0.817535,0.411499
0.497589,0.844835,0.801088,0.864619
0.398751,0.001326,0.366146,0.097458
0.976882,0.606402,0.918454,0.163614
-0.306719,0.601207,0.363381,0.126621
0.431691,0.518156,0.570268,0.127164
0.907489,0.052798,0.161438,0.723368
0.152671,0.713697,0.6977,0.093139
-0.467943,0.682325,0.594067,0.913319
-0.86289,0.819528,0.353304,0.755409
0.972738,0.065058,0.190357,0.577577
2.516785,0.300438,0.928864,0.970434
-0.154219,0.66012,0.118178,0.178165
3.246916,0.059221,0.496929,0.414306
-1.065759,0.737959,0.324074,0.908214
-1.415806,0.761389,0.407155,0.960029
-0.538592,0.88764,0.737268,0.920492
1.8908,0.42185,0.896637,0.347749
1.336012,0.928792,0.994225,0.715622
-0.513675,0.640594,0.230857,0.843528
-0.217945,0.841847,0.501435,0.933662
-0.454958,0.786184,0.453088,0.633254
-0.863887,0.820152,0.522875,0.914447
-0.611306,0.867919,0.506453,0.084028
0.653652,0.636486,0.365598,0.232634
1.292435,0.433492,0.098388,0.249667
-0.349835,0.738168,0.96009,0.538988
-0.047599,0.68627,0.312879,0.084998
1.546072,0.571267,0.754503,0.526962
2.132943,0.990879,0.775464,0.336946
2.499393,0.266738,0.837493,0.723603
0.225569,0.791713,0.072486,0.459005
0.889915,0.436326,0.314368,0.570772
2.072994,0.354139,0.397138,0.542016
-0.700143,0.747698,0.123174,0.539606
1.101605,0.066131,0.944666,0.11453
2.09451,0.408917,0.72197,0.713134
2.243069,0.207926,0.638057,0.366849
0.072713,0.733725,0.348821,0.281545
1.08183,0.191558,0.443519,0.03938
0.662985,0.916439,0.428627,0.646852
-0.611011,0.685524,0.768885,0.865042
1.34622,0.750595,0.994811,0.166827
2.78387,0.22717,0.98214,0.534938
1.617763,0.140096,0.315203,0.831254
0.486729,0.556583,0.372224,0.303725
-0.338428,0.75893,0.190307,0.548616
0.53404,0.918793,0.497758,0.309152
-0.021146,0.040213,0.023797,0.888691
0.256182,0.447517,0.30699,0.047425
0.446822,0.419183,0.32163,0.669747
0.711887,0.069474,0.835561,0.860407
1.591173,0.985619,0.830466,0.170278
1.560321,0.130749,0.160482,0.369979
0.07128,0.598304,0.199549,0.549926
1.174605,0.055155,0.748877,0.803039
-0.07069,0.741694,0.418409,0.166241
-0.121607,0.707457,0.186083,0.236087
-0.206326,0.751128,0.547455,0.53555
2.794324,0.13801,0.620995,0.297803
-0.227739,0.930346,0.749959,0.919163
0.272676,0.354101,0.261141,0.983558
0.489734,0.825678,0.702768,0.790741
2.497355,0.259705,0.56958,0.367932
1.494758,0.396275,0.099019,0.13585
1.607751,0.011354,0.782069,0.171573
0.064493,0.947406,0.277712,0.641199
0.208747,0.768004,0.307657,0.188541
0.140379,0.643953,0.546198,0.768903
-0.236662,0.989631,0.594817,0.840565
0.571335,0.876906,0.662134,0.529022
-0.715781,0.9134,0.38502,0.00236
0.353348,0.487392,0.114585,0.956557
1.087587,0.986844,0.102987,0.515284
1.155701,0.994798,0.905036,0.526411
0.751813,0.958843,0.788747,0.234743
-0.341919,0.706583,0.239633,0.557087
1.667282,0.470907,0.474894,0.210372
0.515167,0.024256,0.654414,0.638855
2.103771,0.278492,0.749993,0.900671
1.469556,0.139687,0.483227,0.268612
0.194432,0.735156,0.4185,0.679302
1.688362,0.390507,0.588698,0.211856
0.160213,0.727412,0.025396,0.242534
1.493355,0.188565,0.364163,0.308326
1.644416,0.308667,0.057509,0.456599
1.057194,0.912087,0.833374,0.162819
1.103062,0.413582,0.084363,0.325202
1.451217,0.325071,0.408178,0.791258
1.724101,0.417994,0.881054,0.592427
1.59184,0.65977,0.408573,0.35541
0.875557,0.379181,0.632869,0.223221
2.460773,0.239906,0.575436,0.540322
0.461329,0.869616,0.748401,0.48322
-0.441092,0.835425,0.046371,0.700785
-0.205272,0.797539,0.21544,0.352725
2.621693,0.252504,0.583505,0.604815
0.718778,0.457514,0.584993,0.656115
1.870865,0.172485,0.030809,0.559613
0.612972,0.568342,0.208275,0.308019
0.622804,0.586004,0.986669,0.228539
0.543378,0.946273,0.124743,0.073501
-0.31428,0.648833,0.422893,0.764011
0.537255,0.484156,0.98705,0.964255
-0.079069,0.603173,0.045916,0.303548
0.544503,0.627541,0.798957,0.864634
0.86305,0.485767,0.885011,0.766988
0.108378,0.721012,0.709259,0.766618
0.726044,0.886801,0.848785,0.519545
-0.299596,0.935238,0.086187,0.935073
1.784717,0.483659,0.959072,0.404265
0.584499,0.320294,0.163167,0.107394
-0.72273,0.836529,0.531564,0.90484
0.548613,0.828313,0.853404,0.11205
1.975114,0.983662,0.952217,0.144857
-0.670806,0.826254,0.594169,0.881684
0.143541,0.619287,0.562991,0.262457
1.65731,0.606902,0.684539,0.468019
1.607893,0.092388,0.437942,0.31117
0.224899,0.617706,0.00599,0.287577
1.550599,0.392715,0.976062,0.983174
0.017702,0.583037,0.075261,0.743864
1.600786,0.421489,0.448407,0.119179
0.784319,0.382899,0.473496,0.551738
0.896218,0.115035,0.29665,0.905284
1.680832,0.087556,0.962786,0.807315
1.595303,0.433096,0.365532,0.511526
0.068582,0.584176,0.119566,0.945612
0.616006,0.577381,0.956187,0.62078
3.432749,0.329033,0.797039,0.409496
2.243674,0.237736,0.212988,0.648741
2.213679,0.534388,0.961846,0.297788
0.48527,0.711528,0.830732,0.693415
1.651352,0.304769,0.878174,0.357706
-0.433507,0.829845,0.122754,0.434965
1.052014,0.961402,0.661258,0.817932
-0.134437,0.044089,0.137892,0.01541
1.54486,0.318511,0.779186,0.935384
-0.985468,0.846525,0.097914,0.97369
1.810046,0.485139,0.956464,0.503519
-0.693434,0.762521,0.627641,0.896708
0.394361,0.641288,0.908881,0.863648
1.698239,0.147413,0.672389,0.873196
0.440606,0.892533,0.517702,0.318885
-0.658059,0.607825,0.255051,0.712347
1.014982,0.681577,0.757393,0.43625
1.059254,0.384348,0.762733,0.011871
0.848263,0.41725,0.431071,0.707062
-0.44655,0.737508,0.506725,0.421496
0.441568,0.908459,0.664252,0.272771
0.621824,0.054396,0.363178,0.898706
1.722635,0.152384,0.844823,0.498317
-0.042551,0.778516,0.113334,0.99706
-0.45993,0.779506,0.364318,0.101745
2.045384,0.071101,0.077434,0.300825
1.508825,0.664236,0.833791,0.479389
0.338763,0.865242,0.773575,0.742511
2.102189,0.377609,0.602616,0.83835
2.203023,0.219099,0.192225,0.041846
2.029509,0.21724,0.462212,0.388784
0.894306,0.031693,0.644358,0.135493
-1.133332,0.773882,0.478257,0.831936
2.543022,0.384311,0.723134,0.519979
-0.837343,0.016634,0.055302,0.773062
0.837895,0.998109,0.714222,0.209787
0.981507,0.109539,0.72001,0.899918
1.687837,0.12432,0.36795,0.727201
0.314284,0.830817,0.356413,0.343403
1.260666,0.23663,0.834825,0.752648
0.142325,0.680443,0.261881,0.503703
1.265862,0.495308,0.177998,0.626654
1.856822,0.086272,0.829694,0.162232
0.594381,0.611852,0.502239,0.535376
-0.200832,0.784603,0.664712,0.75734
1.87845,0.305732,0.489288,0.87174
1.00205,0.442356,0.218402,0.459124
1.408878,0.174702,0.148397,0.386648
0.686235,0.801912,0.843188,0.640136
0.610967,0.917366,0.395876,0.560742
0.552873,0.983406,0.263478,0.521469
0.829275,0.325874,0.033183,0.838648
2.024149,0.317013,0.806595,0.878221
1.156818,0.331812,0.321383,0.803338
0.469226,0.947279,0.514002,0.313477
2.461299,0.229592,0.987636,0.357318
0.19474,0.508732,0.381142,0.702587
-0.361905,0.647044,0.046229,0.241063
2.058435,0.36124,0.040921,0.633959
1.71639,0.422349,0.65749,2.3e-5
0.749336,0.113362,0.140648,0.800023
0.985073,0.491501,0.383227,0.079829
-0.223198,0.674056,0.742818,0.69767
2.195252,0.173342,0.912314,0.479652
0.651513,0.611172,0.869944,0.45906
0.755417,0.571363,0.554758,0.234403
0.250016,0.157792,0.178459,0.885079
1.229505,0.092199,0.185769,0.523747
1.126162,0.367041,0.406049,0.085217
0.227331,0.987764,0.537178,0.039283
0.551943,0.6484,0.414492,0.166048
1.20642,0.459345,0.804534,0.985288
-0.890146,0.716453,0.376056,0.726925
-0.270262,0.64613,0.259751,0.74607
0.623546,0.803397,0.626482,0.625453
-1.071558,0.763202,0.007921,0.952861
0.518,0.04589,0.250155,0.397223
0.347733,0.863031,0.570377,0.210149
1.526989,0.086532,0.592383,0.266396
-0.738687,0.778592,0.678028,0.215368
0.666251,0.843938,0.485919,0.439184
2.930534,0.187968,0.596068,0.163075
0.665811,0.990487,0.762441,0.053268
2.641574,0.285935,0.958534,0.785335
0.067639,0.017632,0.279599,0.163829
0.551972,0.398106,0.054247,0.050846
0.819289,0.490671,0.349918,0.037865
2.414339,0.199088,0.821564,0.294739
2.51299,0.368235,0.266001,0.562426
0.017985,0.932865,0.389735,0.084497
0.137001,0.811727,0.070583,0.614272
-0.349313,0.799919,0.501729,0.967399
0.342991,0.668446,0.861925,0.18791
1.849399,0.422527,0.909459,0.839804
-0.311456,0.78221,0.578086,0.257075
0.151294,0.857781,0.514168,0.693417
-0.152957,0.824677,0.497528,0.916931
1.324571,0.368222,0.116743,0.976664
0.867579,0.560417,0.787544,0.112283
0.147554,0.910455,0.497329,0.291255
0.074364,0.391841,0.198243,0.909139
1.638273,0.34173,0.190552,0.414502
0.06162,0.94393,0.788495,0.077276
0.969519,0.145141,0.845889,0.766675
-0.370558,0.820528,0.200261,0.31211
0.527569,0.593547,0.868851,0.638565
0.574471,0.111059,0.576946,0.910064
-0.1838,0.869815,0.469937,0.560361
-0.193358,0.629711,0.118051,0.575526
1.171099,0.468626,0.824586,0.273911
1.758168,0.09373,0.352065,0.1332
2.121969,0.270969,0.942556,0.25188
1.660203,0.467194,0.898127,0.621224
1.258134,0.024321,0.231324,0.6528
2.162061,0.311937,0.824057,0.710821
1.594779,0.411738,0.133034,0.274703
1.179053,0.490197,0.680936,0.728698
1.819103,0.224989,0.705593,0.858973
2.95746,0.365033,0.623653,0.516667
0.167062,0.965383,0.103633,0.112432
-0.361659,0.742422,0.252588,0.123198
1.709217,0.251673,0.395212,0.007935
0.132015,0.671914,0.200739,0.142082
0.967223,0.056492,0.404613,0.465367
1.543656,0.884018,0.82437,0.164384
2.047266,0.273873,0.903923,0.818497
0.582408,0.881731,0.518726,0.755661
0.545888,0.546881,0.693989,0.020496
2.397979,0.206487,0.371335,0.083026
1.24054,0.430517,0.729947,0.82248
1.136244,0.174673,0.386678,0.614087
-0.326553,0.879293,0.423858,0.05933
0.302349,0.481021,0.455494,0.122453
-0.051213,0.631348,0.769332,0.531436
0.418338,0.81473,0.365758,0.305068
1.135243,0.351923,0.974208,0.92434
2.649574,0.32073,0.650343,0.39027
1.157962,0.64949,0.861508,0.63731
0.42287,0.827704,0.569641,0.422663
0.901076,0.080026,0.399799,0.80784
0.221983,0.937298,0.740387,0.15773
1.510498,0.009402,0.295438,0.455699
1.484119,0.151422,0.286263,0.243182
1.453519,0.605543,0.932924,0.495628
-0.567433,0.813209,0.281637,0.046999
0.737132,0.79529,0.977577,0.172024
1.156097,0.111895,0.683936,0.741349
0.362354,0.217771,0.237582,0.699327
1.826622,0.352491,0.220083,0.221227
1.128097,0.353027,0.384173,0.951313
1.523305,0.153661,0.694241,0.684732
0.16752,0.023409,0.063713,0.792942
-0.207933,0.63673,0.22719,0.177261
2.704076,0.420558,0.986485,0.794919
2.033745,0.181142,0.226003,0.429902
-0.668936,0.804732,0.323279,0.286762
-0.244303,0.691743,0.306253,0.477129
1.812958,0.28698,0.066026,0.524083
-0.124931,0.830842,0.587497,0.792196
1.498946,0.107595,0.461859,0.337215
0.65446,0.551622,0.627851,0.806886
1.37833,0.05382,0.794473,0.26652
0.413601,0.907092,0.055032,0.444783
0.231385,0.660408,0.158351,0.466738
1.640828,0.4497,0.692442,0.027159
-0.700538,0.753544,0.368951,0.933062
2.170045,0.07614,0.937693,0.14973
1.869389,0.316271,0.862623,0.715323
-1.285491,0.779102,0.220139,0.856794
0.302728,0.471714,0.127107,0.937304
0.111883,0.729496,0.724832,0.65658
0.69629,0.619932,0.906043,0.094798
0.422429,0.527572,0.622625,0.918389
1.655927,0.380404,0.174385,0.512371
0.785928,0.062848,0.536006,0.21107
1.409895,0.220104,0.188683,0.164553
1.279347,0.074937,0.743823,0.762837
0.882472,0.557572,0.005032,0.917354
0.652277,0.87062,0.719888,0.147745
0.943146,0.607844,0.784957,0.18869
2.550402,0.136412,0.150066,0.378515
1.260516,0.116157,0.300631,0.237344
0.625018,0.892496,0.026663,0.561937
2.501305,0.345438,0.842247,0.605024
0.548434,0.899356,0.957083,0.642531
2.247745,0.195808,0.755727,0.717257
1.972083,0.026156,0.978594,0.08855
3.404134,0.202109,0.730592,0.154933
0.238336,0.648756,0.447998,0.905406
0.331638,0.91989,0.65913,0.733929
1.267383,0.191397,0.531331,0.053706
0.884959,0.501343,0.448884,0.593915
0.384675,0.540873,0.306822,0.821709
0.127299,0.98464,0.172649,0.664409
0.473543,0.599754,0.322465,0.262131
1.84292,0.388304,0.749809,0.829562
1.534434,0.019905,0.869138,0.569087
1.6761,0.162628,0.750765,0.965904
1.296385,0.387274,0.049955,0.881908
1.219357,0.958656,0.235705,0.267087
1.746846,0.148536,0.14763,0.797626
0.546105,0.898608,0.985216,0.995417
1.901044,0.971826,0.910461,0.456182
1.29606,0.698937,0.986853,0.256307
0.419471,0.895933,0.993765,0.829294
-0.336487,0.522146,0.171798,0.601723
-0.378148,0.925745,0.3086,0.340415
1.365227,0.061361,0.376087,0.02352
1.035089,0.153657,0.471124,0.670191
-0.935669,0.71709,0.625961,0.923071
0.451426,0.898093,0.26102,0.408956
1.897333,0.07729,0.332332,0.536586
0.371875,0.77444,0.647414,0.687123
1.076115,0.13351,0.384392,0.757938
1.570409,0.92444,0.62281,0.381004
1.93318,0.520499,0.8053,0.225001
-0.223697,0.585123,0.521872,0.824842
1.66168,0.095358,0.076829,0.282163
-0.73274,0.855361,0.17778,0.687049
0.373766,0.697664,0.409809,0.05845
1.343904,0.507112,0.781676,0.573905
-0.203768,0.927305,0.50855,0.884577
2.722795,0.121248,0.965864,0.604012
1.449179,0.625994,0.965985,0.192294
1.91512,0.494761,0.983728,0.682921
0.350697,0.353765,0.057684,0.75946
0.74003,0.050251,0.491445,0.270998
0.520171,0.813696,0.595988,0.322962
0.649203,0.751676,0.570852,0.956376
2.093917,0.281767,0.517297,0.072976
2.3378,0.382936,0.995872,0.900122
0.903667,0.616273,0.259868,0.620365
1.874684,0.502246,0.726787,0.091245
-0.167075,0.917555,0.199373,0.272275
-0.26253,0.608928,0.589353,0.040143
0.220755,0.595568,0.950264,0.8665
0.111003,0.933095,0.120977,0.730322
0.373815,0.491729,0.431846,0.593698
1.526256,0.072974,0.790657,0.406008
0.057716,0.510324,0.625688,0.787283
1.546082,0.449077,0.252702,0.484705
0.167153,0.773242,0.990271,0.963343
1.176551,0.98629,0.319194,0.177596
1.206821,0.243533,0.132067,0.677161
2.115881,0.231255,0.966581,0.081983
0.804095,0.464342,0.640642,0.890156
-0.318484,0.879762,0.755837,0.090557
-0.297411,0.4857,0.120687,0.218996
0.550609,0.952538,0.705833,0.198598
-0.342607,0.788032,0.608587,0.529141
0.184737,0.907392,0.450639,0.683443
1.374924,0.23825,0.751234,0.703829
1.677919,0.183436,0.856562,0.760016
0.733247,0.667714,0.593585,0.502212
1.150102,0.196904,0.424493,0.065103
0.00777,0.500892,0.445855,0.969292
-0.236955,0.819692,0.818728,0.641129
2.28345,0.100642,0.989032,0.762045
2.759093,0.06222,0.960757,0.466189
-0.910661,0.908765,0.206524,0.435041
0.638901,0.570161,0.423724,0.722739
-0.521389,0.719326,0.294392,0.794763
1.448315,0.500607,0.3186,0.502082
1.232809,0.153793,0.002553,0.716055
1.461749,0.084256,0.921862,0.710613
2.994848,0.211025,0.807638,0.131427
0.922167,0.827402,0.931577,0.307257
0.95533,0.357058,0.248068,0.716724
0.890307,0.948838,0.761087,0.638775
1.254999,0.486064,0.628638,0.212647
1.50865,0.549363,0.984978,0.345206
1.396846,0.072642,0.320748,0.013625
0.351342,0.544357,0.018382,0.965796
-0.473518,0.763588,0.583752,0.610727
2.23284,0.186224,0.464386,0.506537
1.434373,0.381194,0.643494,0.664279
0.75101,0.378877,0.240695,0.834957
0.794278,0.621525,0.949938,0.531173
1.680292,0.03667,0.654846,0.768377
1.581148,0.250983,0.392598,0.184751
0.419044,0.930159,0.748436,0.794248
0.464883,0.573432,0.768844,0.28754
0.838463,0.273963,0.509385,0.947685
2.777923,0.31021,0.860357,0.379364
1.464508,0.10698,0.302364,0.984368
-0.993036,0.701357,0.153993,0.27053
1.596635,0.889104,0.454235,0.416584
0.245221,0.087702,0.289925,0.182612
0.0709,0.480576,0.346453,0.832014
-0.288755,0.799146,0.529484,0.138819
1.523667,0.491728,0.81694,0.340196
-0.279093,0.807827,0.570218,0.204417
1.125217,0.036647,0.858537,0.937657
1.553885,0.338386,0.567381,0.558543
0.328101,0.586203,0.711973,0.082201
0.039208,0.632214,0.759517,0.792414
0.172567,0.605172,0.778425,0.671758
-0.166374,0.888504,0.182043,0.015663
0.951253,0.007282,0.024893,0.020921
1.879503,0.127936,0.374156,0.973167
1.034285,0.926646,0.482531,0.922678
0.741198,0.143367,0.667916,0.875181
1.011961,0.912297,0.743709,0.018215
0.257799,0.635515,0.507405,0.003752
1.159344,0.462148,0.479147,0.840776
2.527531,0.226043,0.550561,0.450589
-0.43316,0.903519,0.020147,0.190499
0.76892,0.555498,0.870492,0.062698
1.610695,0.00513,0.848454,0.369782
0.911487,0.644525,0.081375,0.417194
1.350337,0.19377,0.549747,0.854634
-0.073527,0.656652,0.003531,0.670283
1.933672,0.561501,0.013933,0.346241
0.02319,0.933448,0.075127,0.665171
1.606656,0.226909,0.508752,0.736597
1.951023,0.086704,0.799049,0.487996
1.527489,0.09684,0.564592,0.173033
0.120575,0.989977,0.901622,0.998403
1.23237,0.469649,0.934934,0.749909
0.245974,0.778202,0.558436,0.138466
0.502546,0.456552,0.246203,0.032971
0.294623,0.747165,0.248098,0.173078
2.055291,0.266367,0.372659,0.327738
1.356979,0.334276,0.122102,0.906886
2.091155,0.155565,0.910466,0.149382
1.189712,0.214514,0.122201,0.745403
1.04904,0.497366,0.715383,0.750937
1.337046,0.476998,0.61398,0.153015
2.614247,0.268231,0.796816,0.529856
0.894847,0.693185,0.327627,0.406922
-0.214138,0.483455,0.031225,0.313666
1.175275,0.729785,0.90681,0.081079
1.208776,0.135536,0.211083,0.144273
1.537268,0.277128,0.666892,0.981131
0.278489,0.775885,0.466759,0.414813
2.140088,0.33595,0.067213,0.588024
0.356165,0.668924,0.963811,0.523003
2.900517,0.351215,0.998534,0.230581
1.651458,0.353897,0.347171,0.878602
1.618518,0.599345,0.964185,0.25519
3.248119,0.164872,0.987154,0.540995
0.401452,0.749508,0.92419,0.13843
-0.085374,0.603532,0.022823,0.834549
3.193446,0.18291,0.888228,0.626218
1.788208,0.241062,0.713576,0.809787
2.114322,0.410058,0.788499,0.19884
1.067632,0.499963,0.01124,0.103527
1.712756,0.13126,0.120045,0.417136
1.201261,0.2128,0.278724,0.999601
0.944361,0.142452,0.429988,0.937032
0.03535,0.81929,0.845397,0.450548
0.957981,0.595693,0.564421,0.354136
0.348505,0.984013,0.924847,0.011481
-0.128774,0.55293,0.534567,0.847779
0.258802,0.870413,0.505647,0.729069
2.377123,0.352854,0.129076,0.208558
-0.213019,0.67183,0.327752,0.946163
0.355435,0.074809,0.449017,0.987066
0.25151,0.677163,0.911291,0.805981
2.513977,0.26026,0.405551,0.539489
0.5913,0.681591,0.950378,0.593553
0.209138,0.857254,0.675259,0.122901
1.980685,0.334416,0.925179,0.261004
0.882338,0.019155,0.316177,0.500196
1.26112,0.032269,0.88552,0.749645
0.808513,0.699936,0.91293,0.783885
3.006783,0.292974,0.00028,0.566058
2.657788,0.428577,0.769546,0.58632
0.832666,0.263965,0.352679,0.963285
2.210822,0.344224,0.792941,0.161989
0.688407,0.63187,0.717142,0.092112
-0.113629,0.842537,0.095547,0.288463
0.230235,0.565192,0.081764,0.339089
-0.462526,0.750359,0.210198,0.260727
2.836093,0.305893,0.029474,0.216249
1.895439,0.101448,0.40699,0.60942
1.115691,0.584637,0.861931,0.570526
-0.119956,0.888831,0.314944,0.734883
1.972169,0.045291,0.332351,0.408527
3.099766,0.354821,0.769249,0.242885
1.525743,0.063188,0.139889,0.814928
1.477936,0.234693,0.690256,0.609704
0.602635,0.003593,0.142201,0.091285
1.053089,0.646504,0.244815,0.446626
-0.196165,0.606915,0.957069,0.116445
0.879013,0.227634,0.383503,0.997699
-0.686148,0.629508,0.329852,0.302318
0.200868,0.495192,0.201178,0.081246
0.950507,0.562092,0.415502,0.38055
0.705336,0.068401,0.405107,0.792856
1.412304,0.10549,0.203391,0.086961
2.359138,0.189477,0.863215,0.739627
0.145986,0.453672,0.195077,0.985636
1.232648,0.73989,0.846264,0.225625
0.378269,0.072937,0.41169,0.868337
1.683595,0.316821,0.597572,0.465273
0.940181,0.751318,0.985461,0.469126
-0.133328,0.605725,0.629135,0.981303
1.90376,0.394185,0.387166,0.648436
0.601025,0.482382,0.134226,0.890259
0.322756,0.536404,0.208426,0.541589
1.271073,0.552896,0.806975,0.329912
1.782386,0.492723,0.098488,0.526947
0.782645,0.515513,0.382425,0.946059
1.749064,0.118222,0.062514,0.154267
1.001075,0.394822,0.905847,0.866459
1.528934,0.347084,0.846308,0.463449
0.923026,0.937852,0.112572,0.549682
0.631795,0.090487,0.660337,0.069039
1.884489,0.243828,0.094263,0.230729
0.769695,0.950297,0.397788,0.433314
0.692532,0.024611,0.073105,0.077182
0.381888,0.59135,0.525828,0.304036
1.828259,0.066814,0.069451,0.53048
2.151138,0.000675,0.7251,0.408613
-0.042794,0.824259,0.340023,0.2992
1.259407,0.40815,0.17098,0.418016
1.682568,0.510352,0.035562,0.38807
1.638091,0.627717,0.737586,0.53101
2.221669,0.044203,0.815179,0.503275
0.985751,0.057352,0.716718,0.072165
0.171032,0.031643,0.193441,0.88443
0.632148,0.728574,0.472608,0.295166
0.677355,0.963325,0.375613,0.203353
1.289452,0.530457,0.92703,0.839776
0.027437,0.762279,0.360805,0.509645
0.380028,0.850245,0.756036,0.2684
1.003804,0.039007,0.034427,0.090654
1.723497,0.109858,0.006794,0.745687
2.897362,0.347897,0.586728,0.267214
2.037213,0.421017,0.844576,0.652826
0.708691,0.276203,0.222498,0.008744
2.947228,0.154849,0.688407,0.010871
0.20101,0.557496,0.437923,0.082131
2.799172,0.298953,0.855557,0.053548
0.069877,0.100819,0.381029,0.199554
1.528689,0.375855,0.369186,0.091411
0.459804,0.658833,0.486393,0.080412
-0.427774,0.645318,0.462617,0.105094
-1.709548,0.666548,0.477278,0.993653
2.192111,0.117596,0.820629,0.654298
0.570063,0.283649,0.192693,0.026868
0.451746,0.327471,0.130204,0.939472
0.197036,0.673998,0.801778,0.07342
2.370408,0.262563,0.156064,0.135595
-0.563887,0.802914,0.430522,0.356433
0.434069,0.547109,0.116516,0.499398
1.684065,0.045839,0.513899,0.490534
1.783428,0.329268,0.815635,0.070462
1.848207,0.317389,0.904389,0.864166
2.761379,0.361704,0.935956,0.213835
0.652564,0.549126,0.711659,0.106212
0.434849,0.444536,0.205883,0.084983
-0.54447,0.550725,0.546764,0.739033
1.309368,0.065241,0.7596,0.90371
1.600211,0.618555,0.984598,0.748712
0.104531,0.906669,0.191677,0.21019
0.464284,0.943662,0.063853,0.050079
-0.479302,0.916749,0.574547,0.924032
1.520834,0.086191,0.959919,0.125764
0.60887,0.921812,0.583572,0.37819
0.283664,0.777207,0.850639,0.671332
0.672016,0.882952,0.754547,0.454871
1.543766,0.463323,0.014909,0.495188
0.059894,0.666236,0.888363,0.200315
0.903522,0.871542,0.946363,0.673745
1.868108,0.287706,0.067632,0.169326
-0.431287,0.790481,0.436836,0.794768
1.553488,0.212199,0.110157,0.417705
1.008997,0.128035,0.155619,0.618456
1.305573,0.093621,0.120856,0.182664
0.585599,0.782853,0.604268,0.520234
1.059264,0.380236,0.40197,0.92406
1.240786,0.481664,0.465554,0.558127
2.443886,0.320166,0.811105,0.082376
1.635289,0.990462,0.821701,0.163659
2.111525,0.26654,0.173499,0.425844
0.274677,0.236088,0.235516,0.129577
1.066648,0.307284,0.755287,0.770651
1.551168,0.520923,0.560723,0.311158
-0.141571,0.574811,0.121632,0.458184
0.354042,0.858709,0.784781,0.572534
0.761847,0.984781,0.484577,0.936887
0.039636,0.746878,0.818497,0.952314
-0.119504,0.898971,0.94786,0.758194
2.608353,0.332066,0.823836,0.517494
-1.027303,0.689282,0.256971,0.10825
2.723847,0.355015,0.209817,0.320738
-0.664884,0.587873,0.322638,0.229542
0.8548,0.185683,0.072229,0.045437
0.218519,0.778004,0.78735,0.97751
0.915819,0.962739,0.322284,0.237299
-0.755255,0.858273,0.526571,0.608794
-0.518994,0.863986,0.472256,0.113144
-0.361598,0.829091,0.267144,0.673827
0.491227,0.981806,0.870618,0.337082
0.325357,0.596523,0.654548,0.959465
1.14912,0.898349,0.983774,0.957983
0.722118,0.514881,0.523466,0.020468
2.066405,0.195674,0.420548,0.337167
1.107598,0.469179,0.678092,0.446253
0.485777,0.900466,0.904042,0.505081
2.157147,0.43484,0.082605,0.330056
0.476118,0.861949,0.12991,0.623623
-0.242804,0.008078,0.099635,0.95235
-0.634371,0.838572,0.037835,0.748748
0.315821,0.106333,0.100575,0.26844
-0.637727,0.863951,0.431862,0.900162
1.159811,0.111892,0.625201,0.776962
1.944901,0.32066,0.363169,0.919951
-0.013487,0.444686,0.286675,0.125083
0.731446,0.630984,0.247237,0.744878
2.286794,0.107338,0.252509,0.658587
1.049275,0.837719,0.797322,0.480956
2.060332,0.062198,0.743482,0.617455
1.035926,0.613342,0.830813,0.390997
-0.203655,0.925235,0.027613,0.771271
0.560735,0.754795,0.119317,0.389065
0.968234,0.796655,0.950675,0.346609
-0.426227,0.808465,0.45007,0.122474
1.698798,0.24473,0.497208,0.825194
1.94469,0.057935,0.535786,0.582997
1.256629,0.462485,0.548906,0.785842
0.663727,0.895225,0.570264,0.218212
0.344886,0.66444,0.259629,0.53614
1.777502,0.722877,0.987895,0.347294
-0.286548,0.751113,0.301057,0.510039
1.368133,0.353084,0.513915,0.009503
0.915834,0.317751,0.157517,0.838572
0.00079,0.924391,0.474117,0.917652
1.748508,0.300806,0.606123,0.06913
2.479642,0.211079,0.717507,0.723086
0.369492,0.701399,0.873527,0.233043
-0.459731,0.836326,0.208582,0.551748
-0.159711,0.831399,0.594756,0.045673
-0.024004,0.625453,0.25259,0.011932
0.675859,0.471946,0.01111,0.596187
1.174458,0.454401,0.393945,0.511881
0.644462,0.806738,0.775475,0.652901
0.35976,0.554334,0.289757,0.972943
1.837326,0.302781,0.553544,0.046458
2.113769,0.47967,0.817065,0.547436
-0.370358,0.755854,0.168709,0.270602
1.543083,0.999417,0.77345,0.177694
0.962418,0.581873,0.849993,0.565642
2.579936,0.141072,0.632591,0.535644
0.673968,0.349825,0.206338,0.057808
1.478869,0.354066,0.718949,0.11216
2.320996,0.169064,0.730223,0.572279
1.04191,0.543196,0.366183,0.359627
0.007446,0.830413,0.977948,0.700982
2.105675,0.233175,0.759363,0.516324
0.198637,0.929306,0.640913,0.76584
1.011716,0.32164,0.243238,0.659928
2.612842,0.334978,0.987464,0.164805
1.478836,0.35252,0.151625,0.757021
1.294506,0.318733,0.285736,0.334297
0.836867,0.570087,0.5553,0.69872
1.265628,0.378515,0.210222,0.381636
1.324699,0.737354,0.900026,0.373215
0.150765,0.758224,0.466718,0.05609
2.073155,0.316244,0.738264,0.995546
1.902589,0.068115,0.287676,0.168266
1.27008,0.501317,0.91603,0.670671
-0.540222,0.869176,0.261026,0.743171
2.552799,0.182809,0.718934,0.825796
0.540421,0.502475,0.021175,0.874126
2.232622,0.22528,0.756814,0.314528
0.14666,0.984084,0.173187,0.129026
0.328564,0.842821,0.611338,0.009523
1.319026,0.525855,0.894768,0.637766
1.117603,0.108349,0.483157,0.944583
0.48907,0.514015,0.825268,0.102924
1.152652,0.224205,0.465852,0.149701
2.25905,0.258031,0.757974,0.095485
2.472926,0.234833,0.460239,0.46936
0.657457,0.368862,0.21327,0.18188
1.257289,0.952536,0.370295,0.156293
0.902881,0.329534,0.023183,0.748135
1.570352,0.485018,0.645914,0.166525
-0.105797,0.828121,0.520232,0.849774
1.575917,0.584657,0.402382,0.447083
1.743946,0.899677,0.998967,0.177675
1.060029,0.602577,0.506061,0.184281
0.984876,0.412994,0.65214,0.236923
0.749309,0.979961,0.016511,0.620623
1.841947,0.351308,0.136026,0.684459
-0.478624,0.828747,0.614143,0.636044
1.623145,0.468577,0.127467,0.349936
-0.738535,0.639504,0.227411,0.132288
0.261717,0.68653,0.844763,0.83228
1.442191,0.443688,0.824089,0.283138
3.088499,0.138062,0.934778,0.632166
-0.232333,0.75495,0.489706,0.78768
1.800465,0.05189,0.935601,0.571176
-0.145701,0.882523,0.693549,0.228359
2.146168,0.305046,0.728447,0.716719
1.54131,0.273654,0.609456,0.742475
2.274567,0.427508,0.956694,0.331842
0.835453,0.505584,0.135517,0.533214
-0.086162,0.504766,0.070285,0.392966
-0.119223,0.682701,0.180467,0.780133
1.566286,0.263237,0.181587,0.848553
0.803678,0.964397,0.626765,0.500205
1.949343,0.395165,0.781339,0.258434
-0.239734,0.817818,0.176906,0.894403
1.543766,0.084294,0.871483,0.586098
0.065748,0.900167,0.221831,0.27836
-0.734046,0.588578,0.134616,0.927317
1.029819,0.523524,0.49162,0.204553
0.776618,0.017184,0.014311,0.54113
-0.326287,0.83142,0.253323,0.327415
1.170071,0.221079,0.375687,0.26957
-0.335382,0.759908,0.770458,0.898579
0.222136,0.422887,0.258949,0.959298
0.85564,0.891356,0.757724,0.240865
1.438734,0.204906,0.198439,0.193352
0.910355,0.436171,0.490001,0.805771
0.27386,0.785,0.977524,0.150704
0.352198,0.418852,0.103717,0.885309
1.369246,0.008465,0.939988,0.116579
1.570562,0.10464,0.11683,0.00611
0.005606,0.476344,0.33532,0.094513
0.295571,0.804007,0.706171,0.874044
0.372418,0.589177,0.398216,0.29028
1.12525,0.989909,0.974494,0.83398
1.301782,0.545439,0.812216,0.239643
1.139349,0.780168,0.890297,0.388434
-1.002124,0.633321,0.297948,0.856432
0.433329,0.833796,0.509905,0.719978
1.935396,0.153866,0.169118,0.344117
2.140821,0.196405,0.380737,0.561733
-0.078389,0.600749,0.236051,0.811768
0.604746,0.559102,0.778955,0.361368
2.001235,0.42923,0.845167,0.206644
-0.170575,0.762383,0.007351,0.92929
-0.524744,0.488751,0.100166,0.009744
1.472157,0.510903,0.271946,0.721768
0.31389,0.245999,0.67658,0.905098
0.819248,0.56577,0.312163,0.39524
0.26233,0.878316,0.371772,0.823105
2.051581,0.152312,0.910502,0.170662
2.284033,0.011138,0.136738,0.233848
1.465736,0.268082,0.137031,0.693618
1.397267,0.0219,0.533156,0.385387
-0.25286,0.47972,0.160493,0.807627
1.347622,0.010058,0.143113,0.20735
0.970877,0.438088,0.060314,0.191125
0.821418,0.110146,0.411867,0.838689
1.398226,0.255721,0.982048,0.984347
-0.140332,0.794807,0.71989,0.85387
2.842939,0.121251,0.914116,0.701814
1.722614,0.317494,0.528071,0.36921
1.9833,0.339403,0.758221,0.815836
0.841303,0.508487,0.803967,0.06169
0.629097,0.405677,0.009922,0.850685
-0.83371,0.710171,0.088608,0.076771
1.158878,0.537889,0.541312,0.259236
-0.604388,0.739166,0.56651,0.657679
2.176753,0.031897,0.99049,0.577006
-1.164769,0.806429,0.658253,0.711618
-0.155747,0.884836,0.30888,0.608934
0.900924,0.824713,0.671736,0.433074
2.144763,0.220303,0.736688,0.388262
-0.310349,0.653023,0.237927,0.273471
-0.343339,0.707791,0.293169,0.769176
0.185422,0.517345,0.727389,0.907022
2.056327,0.190429,0.746427,0.747427
1.804436,0.440372,0.523844,0.352623
0.920196,0.893611,0.815272,0.726497
2.131232,0.06145,0.114867,0.491353
1.114319,0.489499,0.847906,0.941865
0.942843,0.032713,0.478943,0.644923
1.549791,0.422777,0.540504,0.267128
1.720581,0.022355,0.661044,0.549653
2.230174,0.244904,0.95896,0.539713
-0.051089,0.702527,0.170184,0.174166
2.124652,0.151454,0.756182,0.559018
0.534742,0.013709,0.125605,0.75898
-0.572262,0.755446,0.804986,0.197876
1.490716,0.49447,0.924016,0.817487
1.103981,0.149771,0.218655,0.449876
1.041356,0.497615,0.207623,0.174939
-0.8091,0.594225,0.074713,0.8981
2.467692,0.254243,0.42148,0.592805
2.191636,0.150255,0.531844,0.179032
1.949735,0.269407,0.78847,0.665003
0.948121,0.579,0.463078,0.189276
1.712825,0.351253,0.217465,0.747078
2.298084,0.120889,0.949358,0.228512
0.860764,0.814448,0.989655,0.426015
1.6331,0.193121,0.325911,0.916705
-0.037373,0.618586,0.564327,0.618458
0.276876,0.721266,0.957062,0.473304
-0.533543,0.603259,0.78771,0.913727
0.885462,0.995263,0.183013,0.754763
0.729968,0.500235,0.060936,0.16795
-1.427956,0.702072,0.048796,0.784347
0.590059,0.513323,0.697052,0.670968
1.615758,0.017793,0.66516,0.343689
0.822239,0.074083,0.145738,0.902205
1.930911,0.259628,0.994969,0.815808
1.421935,0.110071,0.289836,0.669355
0.593086,0.633265,0.613499,0.301833
1.212308,0.578183,0.598852,0.531132
2.847972,0.349579,0.715505,0.419203
-0.636572,0.730594,0.651838,0.076728
0.193009,0.181649,0.28353,0.95637
1.812982,0.367987,0.405343,0.136989
0.89556,0.600622,0.691897,0.586669
-0.001093,0.81242,0.260017,0.703034
2.554665,0.240512,0.836261,0.096934
-0.713146,0.901439,0.167941,0.121473
-0.047411,0.960528,0.319468,0.663146
0.03094,0.855405,0.447401,0.495592
-1.561046,0.712491,0.277574,0.817844
1.514525,0.346511,0.481728,0.687902
1.692879,0.214196,0.201348,0.07398
1.663646,0.348703,0.185778,0.547819
-0.594473,0.694492,0.279328,0.645697
-0.808045,0.82464,0.670688,0.584773
1.057135,0.859788,0.91825,0.742351
1.992305,0.27509,0.693436,0.046864
1.399979,0.305141,0.487654,0.739903
0.060203,0.81031,0.261485,0.632012
1.111936,0.654552,0.991879,0.603746
-0.237849,0.840602,0.273434,0.471046
0.812169,0.01843,0.324886,0.239194
0.580925,0.595465,0.580045,0.452746
0.612016,0.588942,0.713398,0.789197
1.569946,0.110465,0.463008,0.07419
0.051509,0.739197,0.536732,0.227925
1.738043,0.262304,0.382238,0.262985
0.327232,0.002474,0.280073,0.013868
-0.049716,0.069701,0.54456,0.459963
1.326107,0.599724,0.811196,0.359073
-0.251331,0.578591,0.329222,0.422817
1.60292,0.03108,0.752678,0.168306
1.738234,0.169303,0.682127,0.610514
-0.342437,0.722434,0.166418,0.218987
0.519992,0.070318,0.505776,0.912312
0.667842,0.722759,0.892738,0.688262
1.333873,0.29474,0.823443,0.945662
1.242186,0.972122,0.502046,0.780427
2.679276,0.158875,0.23901,0.4382
1.440783,0.106909,0.15007,0.192471
1.077603,0.404666,0.552953,0.259322
0.318082,0.891152,0.499952,0.935077
0.360363,0.990192,0.654587,0.004374
3.030512,0.221017,0.541962,0.33289
1.032031,0.934641,0.005959,0.524449
1.889883,0.432787,0.883671,0.307918
2.368504,0.490182,0.594582,0.749948
1.290574,0.983789,0.819269,0.478439
0.381528,0.950676,0.473216,0.064634
1.831969,0.478983,0.629388,0.218004
2.562167,0.403851,0.993554,0.341241
0.657248,0.612659,0.850752,0.708291
-0.932671,0.735314,0.044964,0.051558
1.537257,0.413637,0.940125,0.846468
-0.900767,0.687932,0.163569,0.026014
-0.39976,0.687287,0.392599,0.591602
1.734734,0.511012,0.878885,0.646625
1.037317,0.254837,0.200671,0.188998
1.841398,0.271497,0.106388,0.970555
1.803886,0.938033,0.994408,0.263919
0.845886,0.99657,0.424881,0.105512
0.279003,0.927354,0.35594,0.297043
1.078651,0.380727,0.028154,0.814511
-0.559975,0.634561,0.44571,0.079112
0.010812,0.763313,0.314569,0.283727
2.400599,0.531909,0.874011,0.534428
0.511606,0.812397,0.898274,0.386413
2.356474,0.177473,0.257551,0.343941
0.317941,0.788655,0.976052,0.081041
1.282441,0.51805,0.725284,0.19644
2.614028,0.173652,0.886281,0.407861
0.906,0.7908,0.063367,0.266982
0.020018,0.580246,0.571666,0.987738
1.838418,0.052783,0.617642,0.821144
1.891786,0.289394,0.154296,0.577188
-0.528187,0.662673,0.294923,0.890152
1.389402,0.090812,0.591337,0.133877
1.029183,0.863749,0.673802,0.447891
0.380344,0.047556,0.783356,0.009876
0.803081,0.955594,0.172108,0.633832
0.470648,0.048207,0.633509,0.945257
2.045188,0.34286,0.232335,0.217191
0.391967,0.801618,0.154255,0.266965
-0.027373,0.866651,0.346853,0.304037
1.707713,0.567843,0.282909,0.368271
1.716793,0.372597,0.973802,0.787098
1.431932,0.320592,0.412821,0.890597
0.948644,0.503543,0.677471,0.131808
-0.378284,0.739945,0.553945,0.12502
1.265394,0.447681,0.706963,0.164519
-0.268501,0.751002,0.997224,0.800531
1.666381,0.086615,0.996791,0.857911
1.277231,0.052553,0.57141,0.54902
2.530249,0.436172,0.778268,0.505516
0.635742,0.538852,0.022414,0.054137
0.780225,0.952419,0.534594,0.347939
2.70494,0.18399,0.121411,0.286091
0.021529,0.580314,0.156144,0.151197
0.676648,0.511305,0.095443,0.522518
1.959198,0.154629,0.446585,0.182901
0.290517,0.841011,0.747063,0.819399
2.011666,0.125035,0.868157,0.857374
1.183587,0.233875,0.311239,0.385412
1.996942,0.241221,0.185235,0.300847
-0.142719,0.875605,0.276995,0.553071
0.823398,0.534915,0.194881,0.739144
1.034646,0.644677,0.600514,0.62971
0.220133,0.552737,0.998766,0.919752
2.159192,0.299752,0.357879,0.679187
3.270184,0.188626,0.945833,0.324575
2.571779,0.308838,0.508326,0.15285
2.196948,0.165756,0.257461,0.504176
1.638196,0.770654,0.952884,0.380929
1.415992,0.407825,0.132957,0.665153
-0.5142,0.757398,0.101131,0.423446
-0.187696,0.99288,0.043898,0.105747
1.1258,0.459526,0.393215,0.172508
2.366954,0.205974,0.089209,0.421999
-1.060528,0.6848,0.007253,0.728114
1.491222,0.382008,0.743162,0.037558
0.355182,0.617835,0.447921,0.210855
1.65624,0.42052,0.669927,0.131021
0.510512,0.053282,0.45133,0.030026
3.332424,0.332348,0.792383,0.404238
2.005001,0.289837,0.713148,0.241692
0.886008,0.514699,0.645267,0.682724
0.022631,0.540483,0.369481,0.903317
0.726053,0.064697,0.831439,0.958799
1.24018,0.124485,0.596546,0.678946
2.251815,0.12389,0.580947,0.15581
0.419332,0.962615,0.546774,0.904861
1.518194,0.249936,0.172771,0.173403
-1.293733,0.74862,0.181283,0.785876
0.979706,0.969467,0.366393,0.198552
1.34787,0.259604,0.487925,0.050995
-0.23874,0.70531,0.541031,0.176737
1.342951,0.487693,0.215957,0.482584
1.918267,0.083675,0.990367,0.235127
1.384681,0.474719,0.299287,0.235747
1.21265,0.004654,0.536517,0.933271
0.843501,0.063149,0.200294,0.713784
0.284018,0.973969,0.33108,0.418579
2.024925,0.286862,0.627034,0.42672
-0.243523,0.580722,0.959942,0.73954
1.398701,0.425403,0.566339,0.87596
1.430216,0.09675,0.840002,0.913117
1.888305,0.33507,0.518918,0.884394
0.914398,0.050796,0.54728,0.820292
3.152638,0.155733,0.906832,0.366487
1.401734,0.025495,0.418278,0.281935
0.705864,0.972627,0.072151,0.603949
1.90261,0.345259,0.304654,0.336159
0.602291,0.006156,0.2539,0.240916
-0.527712,0.74595,0.45083,0.98203
1.223385,0.741942,0.851151,0.760095
0.711238,0.395173,0.330193,0.05443
-0.280924,0.636013,0.389906,0.124699
2.258048,0.114027,0.927402,0.321822
1.654599,0.181603,0.335558,0.178226
0.953915,0.642898,0.731805,0.673358
-0.657263,0.906862,0.610452,0.979938
2.281147,0.213004,0.057708,0.263216
0.328709,0.553933,0.43322,0.883023
1.179291,0.505582,0.987973,0.333899
0.260243,0.854619,0.418501,0.718617
0.633334,0.135878,0.04914,0.284084
-0.180589,0.80568,0.575981,0.234589
1.381951,0.079053,0.402097,0.616209
-0.922634,0.876578,0.383461,0.078558
-0.142481,0.9725,0.835967,0.836169
-0.703666,0.708749,0.277531,0.745957
-0.112442,0.764779,0.90219,0.157871
1.166227,0.614127,0.959382,0.631706
0.442153,0.99276,0.632913,0.711935
-0.53764,0.627103,0.452142,0.934456
-0.803226,0.906925,0.552533,0.964549
1.859731,0.167391,0.444382,0.248184
1.074358,0.419583,0.761292,0.566203
0.487782,0.756087,0.118826,0.499442
1.4462,0.933949,0.629196,0.304408
-0.776338,0.672683,0.230939,0.104083
1.766498,0.034425,0.760697,0.645364
1.148588,0.526144,0.669088,0.611683
0.615055,0.576886,0.83429,0.110643
2.05236,0.384997,0.826026,0.102915
3.0773,0.328625,0.546795,0.445454
2.375814,0.311333,0.92357,0.601448
2.663511,0.11999,0.580503,0.292078
1.521273,0.083235,0.334485,0.024429
-0.01835,0.048532,0.051993,0.819062
0.065689,0.471383,0.023467,0.863858
0.523529,0.55831,0.060127,0.471933
1.37831,0.19541,0.80977,0.846152
1.66063,0.528691,0.284124,0.420276
2.047503,0.435593,0.562084,0.402397
0.247722,0.788214,0.571745,0.489862
0.008435,0.992697,0.058139,0.72742
0.495591,0.679766,0.984082,0.8587
-0.972933,0.711124,0.277845,0.949666
2.07115,0.316999,0.064639,0.519759
1.865789,0.377396,0.650352,0.534577
2.131082,0.242063,0.627085,0.628833
1.524734,0.47686,0.045688,0.290625
0.527171,0.989667,0.798183,0.766285
0.244738,0.791988,0.447703,0.063754
0.296065,0.93877,0.29147,0.413429
1.135141,0.754671,0.981286,0.367333
1.138665,0.363611,0.647821,0.01915
-0.086769,0.918599,0.242438,0.798107
0.435539,0.656253,0.760304,0.414708
0.278627,0.447138,0.358374,0.935463
1.327008,0.04675,0.932273,0.788297
-0.42674,0.809098,0.865781,0.092038
1.496094,0.307712,0.302371,0.65307
1.599273,0.612452,0.686044,0.310764
-0.741986,0.665393,0.317362,0.156207
0.440392,0.81179,0.925199,0.14687
-0.076648,0.784424,0.199145,0.297201
1.04421,0.966563,0.978164,0.016386
2.39906,0.417543,0.661341,0.460389
0.935079,0.057258,0.523433,0.877298
-0.73727,0.784238,0.151442,0.504309
1.341063,0.461951,0.82198,0.021806
1.236077,0.192293,0.624587,0.04204
-0.355722,0.653511,0.839922,0.937192
1.430047,0.316662,0.038454,0.113109
2.153794,0.094073,0.324137,0.474513
1.408481,0.187551,0.073279,0.559821
1.658529,0.233466,0.453315,0.015697
-0.519589,0.689727,0.698062,0.865552
2.255359,0.240927,0.339019,0.19458
3.014143,0.450157,0.676696,0.471555
0.533257,0.896281,0.932229,0.567224
0.807242,0.366954,0.115893,0.482826
2.540745,0.279375,0.5421,0.563415
0.884559,0.619351,0.110836,0.335303
3.172703,0.289998,0.894486,0.599243
2.086902,0.156793,0.409326,0.286022
0.367287,0.903683,0.377491,0.231703
0.445035,0.788843,0.348579,0.315726
1.687003,0.21821,0.659243,0.265415
1.360853,0.362593,0.789088,0.848291
0.855661,0.306914,0.520168,0.905449
1.727253,0.344499,0.317863,0.658782
0.306771,0.512602,0.150276,0.828321
0.22804,0.737394,0.893503,0.862037
1.114069,0.906149,0.408201,0.549652
-0.110387,0.539203,0.067938,0.552948
0.311902,0.890453,0.071013,0.803462
-0.331983,0.745622,0.501365,0.314052
1.119033,0.408551,0.291405,0.472807
1.442746,0.40429,0.742061,0.677808
1.042338,0.426853,0.455865,0.01062
0.670137,0.049716,0.685736,0.858083
2.161198,0.309443,0.139434,0.633383
0.7334,0.659288,0.914381,0.471117
2.466946,0.147504,0.617776,0.414698
1.696639,0.51367,0.278775,0.304302
0.063482,0.858684,0.702962,0.605547
1.241152,0.180019,0.444196,0.768571
-0.344872,0.680934,0.320348,0.490409
2.455767,0.38159,0.378068,0.472283
0.291038,0.400141,0.400035,0.741555
0.694871,0.040829,0.736345,0.998346
2.233301,0.115406,0.105428,0.305351
-0.260855,0.861413,0.192105,0.927612
1.308416,0.089219,0.327035,0.597743
-0.523845,0.509859,0.244683,0.793853
0.960373,0.474616,0.242147,0.894175
0.075649,0.715308,0.454782,0.597644
0.792044,0.792891,0.91629,0.222714
0.448594,0.451887,0.2189,0.897203
1.03842,0.222048,0.253491,0.648608
2.620955,0.317554,0.784768,0.394943
1.91143,0.16585,0.527854,0.988507
1.149889,0.484938,0.341678,0.522167
1.263767,0.445864,0.430798,0.799108
0.820654,0.332303,0.15736,0.573402
0.102032,0.756582,0.523157,0.141869
-0.393048,0.779917,0.385819,0.061105
0.873954,0.632715,0.580234,0.045405
-0.363027,0.703854,0.714574,0.909128
1.890169,0.222416,0.013938,0.478599
0.028862,0.638885,0.500208,0.337104
1.794925,0.150629,0.766279,0.498521
2.474992,0.396831,0.916619,0.187781
0.01745,0.912876,0.581187,0.413197
2.582322,0.255776,0.907792,0.251772
0.745524,0.481749,0.523517,0.118965
2.2827,0.233943,0.94177,0.823908
0.618458,0.394718,0.129454,0.781096
0.244934,0.435629,0.726423,0.970226
1.282547,0.43211,0.428575,0.385943
1.795252,0.092648,0.76181,0.705259
1.430631,0.595238,0.985645,0.486655
0.48386,0.477139,0.320195,0.974985
2.662043,0.166241,0.991441,0.557439
0.273822,0.84349,0.421579,0.85876
-0.019257,0.816746,0.267513,0.230594
1.655489,0.007374,0.731417,0.191453
1.227981,0.490138,0.453175,0.451798
1.000189,0.960435,0.09641,0.373959
1.175825,0.464807,0.02778,0.083039
0.102836,0.597475,0.357443,0.130755
0.368519,0.979663,0.257625,0.813681
2.34144,0.265575,0.946901,0.732901
1.290101,0.369453,0.0166,0.49476
1.59738,0.195696,0.916108,0.379131
0.021158,0.641777,0.42296,0.692974
1.788652,0.099298,0.386126,0.135518
0.079264,0.492498,0.358843,0.105912
1.696146,0.995803,0.498858,0.620061
0.453258,0.618657,0.675323,0.806142
1.892817,0.110617,0.802602,0.611502
2.395369,0.266454,0.674284,0.856222
0.701918,0.534905,0.326131,0.649894
-0.162329,0.794175,0.412077,0.823039
-0.600515,0.671871,0.188767,0.169721
-0.731587,0.685685,0.142904,0.540292
0.085357,0.513601,0.387445,0.842642
0.36276,0.497135,0.005973,0.174333
0.880877,0.050936,0.101803,0.265509
1.612304,0.106915,0.608445,0.806683
1.769404,0.21322,0.598369,0.51923
3.075255,0.122565,0.769688,0.551101
1.434014,0.272129,0.517537,0.076563
2.037906,0.148634,0.44954,0.419584
0.976962,0.012921,0.300318,0.300932
-0.055646,0.837988,0.102996,0.533136
0.657812,0.749757,0.591626,0.581595
1.265999,0.736192,0.681422,0.425205
1.937963,0.145454,0.667338,0.255846
2.143783,0.993753,0.875169,0.447112
1.075553,0.424679,0.073113,0.956841
2.126489,0.385981,0.26011,0.55166
2.706741,0.066391,0.653884,0.511382
-0.278128,0.96115,0.385824,0.818088
1.865974,0.2537,0.577314,0.82533
0.87788,0.071609,0.225808,0.253641
-0.012795,0.462393,0.030016,0.131408
2.264537,0.203674,0.844042,0.952475
0.262166,0.702939,0.09032,0.63322
1.142663,0.418249,0.595843,0.910641
-0.139972,0.765044,0.147852,0.109235
0.331937,0.741172,0.232869,0.32046
2.230789,0.046137,0.783959,0.055184
0.69825,0.958677,0.085074,0.140863
1.889083,0.415417,0.87249,0.620278
1.266057,0.541163,0.358765,0.292205
1.363479,0.07608,0.481671,0.349543
2.171715,0.107368,0.635562,0.712737
2.47306,0.398914,0.353943,0.46023
0.737044,0.436865,0.078962,0.272066
-0.39339,0.816427,0.497044,0.168053
0.423108,0.881658,0.726382,0.973356
1.774915,0.321498,0.325128,0.78221
1.913268,0.226912,0.614031,0.09191
1.778266,0.540999,0.335395,0.26028
0.812282,0.978627,0.337885,0.066675
2.02756,0.337334,0.074625,0.4378
1.048007,0.65282,0.723433,0.282921
-0.068664,0.617701,0.617457,0.755812
0.414749,0.500526,0.78272,0.941795
1.657358,0.316276,0.84881,0.868971
-1.621021,0.801504,0.157157,0.920417
1.101712,0.259286,0.015896,0.834991
1.318644,0.429912,0.731057,0.752411
0.907387,0.47963,0.510511,0.45273
2.852193,0.167911,0.544408,0.382705
1.010093,0.047813,0.327525,0.296046
0.434709,0.915102,0.208185,0.55366
1.505287,0.46374,0.703194,0.262776
2.25582,0.044584,0.885682,0.340354
-0.07714,0.709951,0.119855,0.168203
0.823549,0.450734,0.819239,0.632709
2.746791,0.272447,0.7982,0.249162
-0.628771,0.749534,0.030281,0.087358
2.027622,0.101986,0.647085,0.094372
0.860054,0.921664,0.249175,0.598621
0.906569,0.882966,0.779186,0.635323
1.57273,0.975685,0.398986,0.438682
0.865083,0.274027,0.437352,0.170756
1.186866,0.539165,0.637917,0.607935
1.816948,0.248774,0.485705,0.836159
0.846818,0.998809,0.905778,0.919014
1.04959,0.18484,0.523645,0.982841
0.350825,0.683136,0.037041,0.381078
2.312999,0.205808,0.971655,0.222693
-0.39276,0.883586,0.497861,0.959746
0.160962,0.706982,0.328778,0.545107
1.131612,0.421178,0.464666,0.027988
0.643699,0.934507,0.212081,0.816249
1.417848,0.328944,0.073696,0.213771
2.432324,0.230854,0.924121,0.097846
1.383526,0.393312,0.527685,0.158706
-0.731411,0.746277,0.016522,0.526465
1.708662,0.338689,0.270499,0.977465
1.421977,0.409045,0.171828,0.634909
1.49511,0.342788,0.06918,0.061879
2.544686,0.414385,0.851746,0.378086
1.8718,0.867949,0.860452,0.575449
2.523061,0.316278,0.264458,0.387958
1.157739,0.519798,0.586319,0.528936
0.994604,0.063225,0.106149,0.294591
0.15449,0.62762,0.101566,0.559627
0.975825,0.992852,0.306591,0.42356
1.223131,0.099387,0.405815,0.05692
1.548388,0.273221,0.876835,0.839288
1.383348,0.416705,0.227296,0.405816
-0.454168,0.564349,0.344019,0.658099
1.020037,0.493962,0.949198,0.070615
0.70894,0.087817,0.359667,0.989217
1.872337,0.146921,0.836546,0.064385
0.861821,0.239162,0.12904,0.515243
0.54979,0.030132,0.072238,0.880419
-0.849311,0.668183,0.606762,0.873462
0.14488,0.599576,0.70944,0.463975
-0.071119,0.862591,0.188648,0.697284
1.397952,0.029653,0.670467,0.29595
1.292146,0.169429,0.81105,0.447507
1.538004,0.27613,0.48151,0.034735
-0.189048,0.829608,0.313236,0.311961
1.92917,0.974751,0.669376,0.465555
0.046607,0.736536,0.8831,0.009342
-0.558441,0.717743,0.251107,0.051564
1.327361,0.145551,0.048472,0.859256
0.241796,0.82536,0.307696,0.72996
2.069824,0.507944,0.770023,0.370689
0.449465,0.549366,0.017781,0.287681
0.058382,0.482624,0.54408,0.837312
1.452991,0.130417,0.085748,0.831518
-0.640221,0.647446,0.862436,0.501984
-0.170103,0.959776,0.006277,0.176934
2.571992,0.195292,0.544374,0.227555
1.665664,0.005181,0.874492,0.093269
2.073802,0.075553,0.446146,0.451933
0.659661,0.64457,0.930885,0.357571
0.412503,0.553532,0.294132,0.551555
0.32473,0.54054,0.475921,0.155898
0.65124,0.731103,0.479302,0.260499
-1.247612,0.817757,0.187624,0.752143
1.379948,0.169095,0.541852,0.896306
1.955817,0.198643,0.937377,0.798616
-0.055845,0.790064,0.067008,0.173195
0.616191,0.683416,0.858695,0.153199
1.326057,0.973971,0.679209,0.204754
0.654929,0.967239,0.709973,0.142224
-0.030933,0.558022,0.038775,0.073191
1.056682,0.411361,0.957941,0.092592
1.762576,0.363409,0.225937,0.814921
0.151882,0.636852,0.957424,0.813485
1.831696,0.196396,0.529264,0.854322
1.120012,0.157866,0.311707,0.8324
-0.671098,0.563201,0.031225,0.179218
1.509973,0.073746,0.793189,0.560177
0.213262,0.785971,0.185297,0.273193
1.746963,0.365882,0.689591,0.725076
2.364615,0.285639,0.651633,0.939073
1.199221,0.088912,0.980659,0.145961
-1.388623,0.882941,0.15774,0.927081
1.719022,0.329741,0.317601,0.204036
0.654281,0.880602,0.842502,0.1759
1.763252,0.39785,0.982622,0.97939
1.207721,0.107482,0.750406,0.814998
-0.51135,0.752902,0.360648,0.895118
1.681569,0.235737,0.303932,0.797856
1.72008,0.050014,0.912672,0.993333
2.310127,0.028328,0.837392,0.552281
3.129005,0.326082,0.863278,0.119984
2.247138,0.202096,0.037974,0.571053
-0.123808,0.868701,0.37254,0.694132
0.56932,0.572139,0.544679,0.170104
0.999046,0.589774,0.149261,0.429277
2.735262,0.159172,0.713942,0.420457
0.311233,0.018631,0.127282,0.2131
2.191512,0.062918,0.844267,0.244486
2.089792,0.228935,0.075055,0.532769
-0.031277,0.540033,0.071318,0.79838
0.360573,0.511553,0.536212,0.668954
0.373713,0.581063,0.243266,0.315694
-0.080902,0.756567,0.647987,0.052059
0.650463,0.00398,0.425134,0.423489
0.287308,0.636177,0.749759,0.316524
0.44741,0.706848,0.636375,0.550621
1.529263,0.983451,0.09751,0.816943
0.308234,0.924321,0.495155,0.761951
0.077503,0.978359,0.790088,0.791101
2.447672,0.125847,0.442361,0.398125
0.802968,0.255909,0.51365,0.839642
0.766826,0.391283,0.471456,0.119782
-0.220437,0.039096,0.078319,0.251741
1.623183,0.963545,0.684357,0.263262
0.306653,0.760438,0.548964,0.696491
-0.650072,0.65755,0.303924,0.031298
2.795833,0.490576,0.928509,0.414475
1.136793,0.389134,0.402675,0.96525
1.57514,0.322097,0.479477,0.133611
2.356826,0.241865,0.327887,0.765492
3.340907,0.078515,0.980464,0.364207
2.590339,0.258282,0.970877,0.484155
0.533016,0.611809,0.386763,0.157408
1.132126,0.381572,0.40712,0.634087
1.352399,0.816402,0.931979,0.331917
-0.212963,0.718817,0.923819,0.127753
0.640032,0.97666,0.148049,0.97733
0.761083,0.280166,0.49502,0.911446
3.358906,0.122997,0.998188,0.077839
-0.089711,0.716279,0.153639,0.801641
1.475791,0.43463,0.225903,0.573403
1.764353,0.297018,0.752078,0.376254
-0.469075,0.899391,0.46421,0.172585
0.458688,0.774084,0.654872,0.29595
1.871819,0.044069,0.965654,0.935315
1.671598,0.470189,0.95517,0.006268
0.790296,0.953023,0.172735,0.543651
0.687694,0.970291,0.297468,0.491602
0.223966,0.502848,0.158987,0.779179
-0.324491,0.864864,0.415004,0.256525
2.974124,0.272218,0.811991,0.42668
0.318493,0.539956,0.876926,0.0369
-0.231642,0.694249,0.522002,0.25716
1.049392,0.180305,0.46014,0.071411
-0.860979,0.53018,0.177854,0.710326
2.873261,0.20533,0.737236,0.326075
0.772229,0.175508,0.12435,0.830287
-0.86085,0.795989,0.126715,0.05036
-0.292418,0.683246,0.094985,0.184273
0.345111,0.209689,0.513525,0.941259
0.424154,0.594164,0.671677,0.300719
1.138336,0.110568,0.327772,0.700237
1.436691,0.491541,0.449286,0.05502
1.045926,0.38162,0.197783,0.913236
0.523825,0.831155,0.852638,0.021866
1.502658,0.892863,0.971712,0.350102
0.500607,0.52272,0.330476,0.650405
2.000815,0.291191,0.900896,0.767331
-0.09053,0.694055,0.708344,0.15372
2.33922,0.269873,0.62597,0.833371
-0.107403,0.88492,0.233341,0.967618
0.620465,0.831094,0.075236,0.326386
0.290156,0.856279,0.376482,0.726857
-0.068116,0.710038,0.277807,0.224556
0.55297,0.431092,0.030242,0.064936
0.504788,0.936678,0.707679,0.45165
-0.147907,0.809909,0.209293,0.483108
-0.249302,0.6686,0.08549,0.582195
1.801405,0.470408,0.239913,0.436253
0.951323,0.511152,0.885971,0.127416
-1.254094,0.707413,0.138129,0.562061
1.932842,0.130923,0.15289,0.443841
1.543007,0.11448,0.433428,0.649422
-0.337726,0.627292,0.39761,0.539704
1.870803,0.361744,0.902923,0.037694
-0.177557,0.758754,0.626582,0.059989
-0.262887,0.759688,0.545617,0.793733
1.729973,0.904277,0.906494,0.510901
0.097967,0.061324,0.214994,0.116341
2.936486,0.31554,0.975915,0.857991
2.140357,0.240942,0.255758,0.145073
0.228456,0.881567,0.522902,0.300472
-0.439098,0.734674,0.287468,0.651236
-0.329646,0.834273,0.377799,0.499229
2.574866,0.348124,0.303066,0.534678
2.51389,0.163134,0.622866,0.574087
-0.304078,0.854153,0.484402,0.023179
2.276904,0.262544,0.665559,0.148914
1.396511,0.379878,0.006476,0.547575
0.749412,0.307479,0.522899,0.772493
1.559391,0.470568,0.888983,0.372425
0.398346,0.297537,0.20929,0.967196
0.559396,0.948248,0.946862,0.776192
0.238688,0.949317,0.436266,0.646148
0.335876,0.079807,0.257352,0.004201
0.389672,0.93679,0.269894,0.350701
-0.68044,0.726867,0.405891,0.83494
0.509166,0.279287,0.185457,0.930764
0.521251,0.465078,0.856007,0.823105
-0.761526,0.890343,0.462185,0.884057
-0.062346,0.769149,0.878175,0.10351
2.407561,0.276563,0.624687,0.410736
2.170289,0.258113,0.959788,0.599814
0.138128,0.511126,0.197439,0.287826
0.313766,0.474809,0.639732,0.940235
1.390564,0.350254,0.11235,0.828879
0.01349,0.457591,0.387933,0.782539
0.238064,0.605613,0.642523,0.668551
0.159616,0.784227,0.386006,0.70658
0.903627,0.972024,0.880146,0.67162
0.746762,0.337258,0.054038,0.19759
-0.433012,0.630704,0.229166,0.053919
1.034777,0.047697,0.873902,0.588967
1.405314,0.519338,0.547662,0.469852
1.926579,0.540672,0.765913,0.378622
2.440115,0.332093,0.34407,0.178024
2.024268,0.35994,0.306122,0.640388
2.761162,0.261673,0.816942,0.354968
0.622443,0.335475,0.196705,0.071641
1.892468,0.3754,0.509829,0.679227
2.894033,0.134149,0.863405,0.356924
-1.106064,0.781812,0.671781,0.00725
0.851706,0.635368,0.70363,0.160371
1.229449,0.099377,0.080397,0.944652
0.536734,0.417292,0.008121,0.023685
2.720042,0.236993,0.533637,0.614259
1.061844,0.463755,0.105329,0.756046
0.806681,0.914137,0.631804,0.256475
0.547292,0.553695,0.675727,0.483525
1.176057,0.08372,0.301823,0.758452
2.701021,0.206919,0.705162,0.994412
0.134202,0.511057,0.369727,0.084593
-0.808901,0.716624,0.316435,0.945434
1.764661,0.534104,0.704468,0.226967
0.235982,0.026834,0.547421,0.973632
-0.144712,0.75376,0.251043,0.553083
2.176798,0.253579,0.873548,0.783823
0.848396,0.516706,0.840708,0.713164
2.153555,0.174419,0.591426,0.125012
1.346783,0.004525,0.246,0.412448
0.568714,0.054731,0.444579,0.842629
1.9515,0.951667,0.610152,0.521886
0.411309,0.136959,0.171387,0.645624
0.070926,0.672505,0.786169,0.139391
0.919509,0.784159,0.552661,0.418227
1.053313,0.109898,0.57567,0.660544
0.698061,0.20109,0.475902,0.16106
0.450915,0.025167,0.669447,0.933373
0.374471,0.875349,0.75061,0.042708
-0.094733,0.658248,0.674072,0.94421
3.279416,0.237395,0.96056,0.124483
0.401298,0.872216,0.714111,0.485163
-1.731421,0.791158,0.30172,0.84108
0.796186,0.919803,0.015506,0.340079
1.988777,0.296897,0.270278,0.39648
1.823584,0.131241,0.127784,0.44162
1.913228,0.065641,0.991468,0.08719
-0.237761,0.874473,0.284279,0.144709
0.465171,0.901308,0.086907,0.383272
0.708813,0.498655,0.917319,0.932994
1.370232,0.415274,0.835385,0.009053
0.23534,0.69225,0.41022,0.385435
2.717526,0.251447,0.663665,0.538349
1.320187,0.090962,0.87164,0.980893
-0.252216,0.723075,0.096817,0.2023
-0.106604,0.581236,0.127149,0.85733
0.077073,0.668404,0.857792,0.571242
-0.874325,0.730325,0.935953,0.845307
2.569958,0.37037,0.93312,0.212029
-0.210999,0.813792,0.268908,0.157464
0.115336,0.848688,0.059029,0.606198
-0.933065,0.808099,0.37961,0.413076
1.502396,0.496769,0.483162,0.242465
-0.231162,0.6936,0.747145,0.647408
0.118253,0.994019,0.196354,0.09069
1.042347,0.923727,0.793161,0.606354
1.13439,0.505625,0.098457,0.220863
0.330869,0.862729,0.799718,0.476258
2.036413,0.377221,0.897857,0.05562
1.321447,0.321321,0.625934,0.166137
1.812766,0.09813,0.554089,0.602678
1.288516,0.783317,0.993514,0.61586
1.13364,0.542197,0.582101,0.594575
0.807476,0.954986,0.605537,0.110226
2.181733,0.166535,0.903606,0.116356
0.177517,0.855281,0.422671,0.60743
2.916818,0.397066,0.902512,0.80953
-0.281673,0.613301,0.038237,0.108646
0.254222,0.857663,0.523106,0.615304
0.960389,0.036907,0.505594,0.973719
1.396334,0.208531,0.077105,0.873983
2.121118,0.358803,0.704035,0.57196
1.653531,0.195202,0.224592,0.699609
1.962633,0.996191,0.642319,0.384196
0.51796,0.785637,0.965578,0.102657
0.770586,0.270632,0.058555,0.966293
-0.144115,0.876303,0.715242,0.617969
1.999184,0.257789,0.78294,0.430022
1.546107,0.057863,0.949947,0.990679
0.981172,0.682315,0.761655,0.079507
1.180579,0.99331,0.705914,0.647891
-0.957811,0.799005,0.634176,0.933876
0.745488,0.93259,0.767147,0.189225
0.084671,0.667717,0.662058,0.376861
2.114648,0.276385,0.027623,0.678445
-0.360111,0.651695,0.363245,0.048494
0.37034,0.898685,0.700602,0.039393
1.940943,0.407994,0.944484,0.07
2.18641,0.042139,0.854644,0.168716
-0.618498,0.814729,0.244188,0.796031
-0.113973,0.685583,0.767504,0.031887
2.06191,0.100815,0.297752,0.279539
2.034534,0.116433,0.103705,0.516509
-0.274612,0.596559,0.516393,0.489949
1.370058,0.493014,0.05983,0.379711
1.277273,0.808131,0.987845,0.24474
1.745621,0.352373,0.029219,0.165431
0.992549,0.547742,0.413988,0.181273
1.751859,0.330572,0.747521,0.626717
-0.371552,0.885435,0.172518,0.05312
-1.256274,0.681626,0.430235,0.964177
1.048687,0.140273,0.731356,0.983742
1.389386,0.263976,0.039358,0.067527
1.663019,0.372305,0.461318,0.727181
0.30374,0.914559,0.442446,0.206011
-0.751958,0.813317,0.545867,0.895415
1.589311,0.76698,0.776844,0.396993
1.879005,0.301232,0.484091,0.202657
0.800972,0.068207,0.60252,0.706302
-0.161906,0.618136,0.525357,0.619016
2.968609,0.370461,0.578271,0.116879
0.127352,0.518714,0.261948,0.607731
-0.151974,0.424324,0.597484,0.947185
1.587641,0.179011,0.393157,0.948316
0.956631,0.334059,0.229168,0.125384
0.773085,0.62135,0.595892,0.706204
1.317587,0.571609,0.748116,0.508192
0.653522,0.453555,0.770554,0.466889
0.17904,0.930375,0.246206,0.219021
-0.087844,0.727748,0.064292,0.445989
0.385085,0.531056,0.618529,0.364478
0.615782,0.84873,0.497135,0.278527
-1.11627,0.820905,0.415099,0.763969
2.145039,0.417864,0.691205,0.695873
-0.115975,0.851166,0.171329,0.816594
0.016446,0.616722,0.624695,0.414035
0.990458,0.594697,0.704769,0.640685
0.630679,0.797251,0.327688,0.225915
1.788544,0.390156,0.633789,0.496305
0.272906,0.43881,0.500658,0.983963
0.211356,0.498036,0.546234,0.898808
0.861487,0.907555,0.763377,0.809552
1.223711,0.11927,0.507977,0.647088
0.328076,0.995087,0.23586,0.430588
1.232186,0.43534,0.478872,0.755832
1.186832,0.025917,0.614495,0.664469
-0.283934,0.823342,0.087773,0.359741
2.125619,0.393445,0.816263,0.237572
-0.082465,0.659865,0.967914,0.673269
1.670495,0.375039,0.35842,0.276285
-0.013374,0.900497,0.596789,0.842363
1.148765,0.361206,0.821134,0.28661
-0.123284,0.604759,0.788309,0.891322
-0.611224,0.728743,0.235684,0.113426
0.590866,0.54957,0.586648,0.376872
1.532137,0.257778,0.634819,0.239446
0.343314,0.42707,0.503594,0.292547
0.821936,0.185582,0.161183,0.785433
3.506178,0.124624,0.962322,0.401016
-0.45731,0.708914,0.452568,0.065252
-0.215783,0.702904,0.141619,0.824226
-0.11432,0.619665,0.348072,0.027297
1.568499,0.142687,0.154982,0.397291
1.354983,0.121272,0.563726,0.413847
-0.128703,0.577388,0.501014,0.850963
1.292621,0.969259,0.599616,0.353982
-0.792293,0.766181,0.269854,0.887392
2.081754,0.228681,0.12737,0.469365
0.725869,0.872511,0.842256,0.153068
1.403066,0.482999,0.587768,0.610881
0.576686,0.002453,0.21968,0.157462
2.176496,0.48592,0.589418,0.615595
0.543625,0.023258,0.761239,0.814899
1.706502,0.23213,0.8779,0.020837
0.188434,0.378845,0.171912,0.067118
0.717789,0.883864,0.29941,0.478319
2.21822,0.022491,0.68593,0.968043
1.280316,0.174939,0.329237,0.004709
0.213745,0.81452,0.596746,0.038915
1.058406,0.040417,0.770825,0.668914
-0.397437,0.907766,0.01943,0.958427
1.661201,0.10309,0.021078,0.242355
0.06138,0.661205,0.764095,0.876777
0.522294,0.570777,0.53701,0.599123
1.699846,0.623512,0.744711,0.406253
1.058965,0.134022,0.403277,0.712499
0.61971,0.617619,0.89226,0.647196
0.425822,0.605447,0.120696,0.762935
1.433553,0.033951,0.268073,0.611951
-0.015211,0.740488,0.902,0.661086
-0.487859,0.747776,0.255665,0.781372
1.090905,0.085809,0.992761,0.049232
1.433661,0.04507,0.948817,0.846154
-0.000369,0.911242,0.375654,0.960555
0.021936,0.77895,0.497837,0.336727
0.527866,0.722212,0.965301,0.603525
2.095909,0.264544,0.741247,0.80572
0.823789,0.073884,0.163239,0.784192
-1.092117,0.76947,0.181745,0.827686
0.220783,0.723718,0.55966,0.795827
1.054699,0.450104,0.093765,0.379059
-0.826295,0.797708,0.265814,0.820376
1.897263,0.331223,0.611835,0.216199
2.203152,0.179608,0.797002,0.532289
-0.240671,0.674659,0.141851,0.101907
1.761605,0.478899,0.809641,0.460784
1.466939,0.985702,0.902878,0.832984
1.053965,0.679452,0.489336,0.206707
2.022473,0.222114,0.705253,0.654727
1.310487,0.977776,0.86531,0.298002
-0.200812,0.751091,0.520279,0.304522
2.111709,0.198488,0.068423,0.762886
2.582939,0.197405,0.964024,0.536751
1.696949,0.151319,0.07796,0.637688
1.626223,0.331163,0.606708,0.495773
1.127126,0.945607,0.487287,0.288663
0.401764,0.858776,0.968099,0.063118
0.059474,0.986409,0.354673,0.758035
-0.928969,0.538028,0.248742,0.788655
1.192231,0.098859,0.642894,0.949904
2.442146,0.077739,0.673345,0.302854
-1.134008,0.723533,0.372476,0.79335
1.83479,0.272038,0.483679,0.284355
2.684463,0.248528,0.353247,0.936894
0.302051,0.060445,0.45872,0.184142
0.359597,0.65075,0.223609,0.311222
1.626207,0.064112,0.260218,0.440651
1.357935,0.152182,0.646818,0.34586
-0.114402,0.715917,0.463201,0.896301
0.338153,0.618016,0.731566,0.962535
-0.025256,0.108404,0.286424,0.973859
1.195201,0.44098,0.84753,0.338399
1.182538,0.946406,0.080947,0.607632
1.296481,0.860388,0.89886,0.534634
0.562312,0.556404,0.613236,0.560941
-0.25178,0.849099,0.584269,0.300322
1.970765,0.349312,0.534175,0.388727
1.628406,0.486654,0.059135,0.382268
-0.233225,0.602242,0.414194,0.028098
0.822141,0.535967,0.602673,0.544938
1.517447,0.540769,0.905119,0.403337
0.333167,0.536712,0.608343,0.763841
0.397821,0.45754,0.792311,0.959767
0.250444,0.910494,0.114274,0.37149
2.078948,0.34536,0.60185,0.801252
1.552676,0.226692,0.315059,0.981157
-0.86271,0.679371,0.354211,0.166111
0.278039,0.773966,0.566082,0.188286
0.99902,0.964979,0.282742,0.54875
0.148806,0.969998,0.429715,0.87654
0.098095,0.576197,0.511709,0.441328
0.978831,0.475952,0.522915,0.424369
2.266367,0.32848,0.381337,0.223303
1.829485,0.215845,0.023883,0.710409
0.619313,0.570156,0.863581,0.833059
2.773441,0.31004,0.815032,0.547646
1.181163,0.576447,0.090774,0.449698
1.438759,0.126983,0.517031,0.169668
2.136068,0.057963,0.939228,0.249866
-0.165488,0.793476,0.711628,0.769488
1.140649,0.380896,0.118675,0.769604
-0.027829,0.906215,0.82117,0.951365
2.671872,0.386383,0.907059,0.422682
1.101978,0.445534,0.890633,0.247148
1.499203,0.961852,0.554616,0.491475
0.97773,0.322843,0.522485,0.78813
-0.241322,0.983972,0.525225,0.242991
2.337848,0.132395,0.777594,0.442329
2.123084,0.11578,0.72517,0.16613
0.461595,0.993841,0.552629,0.79081
1.310323,0.427408,0.454451,0.19879
0.48975,0.546197,0.529895,0.466787
0.27656,0.999675,0.162424,0.677271
1.697129,0.115246,0.410616,0.075888
1.308666,0.557645,0.35296,0.487353
-0.986422,0.682874,0.48135,0.989139
1.3021,0.392463,0.718482,0.780494
2.07736,0.290254,0.515474,0.405274
-0.500268,0.700603,0.209558,0.809676
0.600457,0.568897,0.434659,0.682141
0.960005,0.695632,0.839138,0.685642
1.98255,0.373995,0.531444,0.697001
0.041215,0.72615,0.178129,0.095424
-0.754865,0.805649,0.234054,0.708353
-0.875386,0.876563,0.300012,0.095626
0.400701,0.565864,0.128805,0.357833
1.961335,0.079512,0.811624,0.044913
1.102869,0.074727,0.612414,0.741068
0.918083,0.324291,0.3274,0.605474
1.750812,0.093162,0.198709,0.516135
-0.419804,0.600923,0.109517,0.830694
-1.274618,0.617522,0.025538,0.069664
1.38165,0.46893,0.046506,0.619161
-0.350054,0.65168,0.661886,0.828303
1.053809,0.585491,0.052501,0.472066
1.149154,0.086168,0.36569,0.126108
-0.145398,0.94619,0.643026,0.676312
1.427261,0.216443,0.645695,0.862782
1.814238,0.980636,0.40589,0.329306
2.031977,0.311686,0.35466,0.080329
0.834481,0.811418,0.688407,0.424418
0.923972,0.321497,0.222586,0.838163
0.99085,0.848997,0.795114,0.748246
0.686184,0.471681,0.127985,0.636952
0.393211,0.416353,0.163872,0.012319
0.598623,0.461508,0.452119,0.076181
1.871858,0.134708,0.86848,0.349786
0.216162,0.731321,0.942649,0.081301
0.950089,0.27058,0.00174,0.735559
1.716992,0.100823,0.923672,0.148321
-0.224917,0.730582,0.169008,0.331622
2.476497,0.507152,0.897507,0.181351
1.848317,0.945456,0.857628,0.840547
1.107668,0.580795,0.430852,0.377782
1.001954,0.578292,0.336303,0.890924
0.365495,0.907586,0.959798,0.834998
-0.184242,0.704419,0.243358,0.221075
-0.002479,0.948819,0.442085,0.068479
2.392807,0.194424,0.144419,0.303162
-1.079892,0.585024,0.267922,0.923232
2.034012,0.323389,0.85133,0.075685
1.686003,0.079999,0.092044,0.422588
1.482885,0.300017,0.139346,0.147139
1.947409,0.25841,0.50765,0.496181
1.129732,0.987149,0.841368,0.561779
-0.406557,0.904951,0.240113,0.862505
0.584403,0.550144,0.378736,0.220794
0.906149,0.051781,0.322224,0.126605
-0.090094,0.60179,0.027946,0.659099
1.517634,0.315744,0.660904,0.715656
0.680363,0.581199,0.275571,0.616027
1.277549,0.55623,0.640988,0.550046
-0.819958,0.773675,0.465337,0.940985
0.375923,0.528096,0.28953,0.055723
3.304217,0.165014,0.992142,0.405982
1.36313,0.452572,0.074556,0.909899
-0.040909,0.865458,0.404582,0.986366
0.626668,0.995274,0.001755,0.58866
0.165548,0.933026,0.043045,0.476505
-0.265281,0.822296,0.139806,0.253621
1.414702,0.306423,0.009063,0.359833
-0.356076,0.872761,0.282125,0.231197
-0.387511,0.510836,0.224802,0.748096
1.155567,0.03806,0.934719,0.766264
1.047267,0.829538,0.991602,0.493486
0.907945,0.140632,0.001304,0.442085
0.550111,0.600945,0.076899,0.325496
1.218873,0.061744,0.735,0.817941
2.751217,0.198457,0.83665,0.796586
1.600606,0.972093,0.869052,0.887163
2.073717,0.331024,0.959394,0.964735
1.683068,0.414698,0.894799,0.770001
1.870545,0.192894,0.054171,0.919557
0.168013,0.517239,0.717345,0.719304
0.533576,0.719146,0.119619,0.608124
-0.816608,0.80259,0.138327,0.255716
0.810176,0.60969,0.959615,0.51522
2.469122,0.343721,0.214166,0.341537
2.380657,0.164581,0.807555,0.310158
-0.273833,0.541354,0.353179,0.821598
1.177707,0.947666,0.293116,0.139929
1.963987,0.393825,0.545787,0.485804
0.524675,0.636158,0.861226,0.214277
3.3258,0.264665,0.15272,0.277568
1.243111,0.371053,0.305468,0.821376
1.319163,0.115672,0.812506,0.367384
1.105967,0.079852,0.055725,0.047491
2.093507,0.206832,0.072686,0.059424
0.899033,0.251825,0.285673,0.007175
0.103022,0.900005,0.499678,0.366957
1.531655,0.434534,0.5382,0.419879
-0.678811,0.716161,0.46498,0.364602
0.885875,0.992751,0.582349,0.414762
2.48782,0.248117,0.733908,0.840979
0.771967,0.524777,0.601338,0.126429
-0.285307,0.752612,0.880773,0.965202
1.977675,0.105797,0.279311,0.375697
0.445855,0.545105,0.27073,0.631331
1.602138,0.133983,0.604581,0.667769
2.505859,0.370616,0.7645,0.089915
2.341931,0.5499,0.90458,0.454102
0.792243,0.768093,0.705997,0.334206
-0.01972,0.876819,0.169973,0.385243
-1.090261,0.733499,0.315539,0.815959
1.810856,0.093803,0.514018,0.393373
1.427496,0.278621,0.731041,0.337387
0.822326,0.647454,0.971065,0.902094
1.800431,0.312456,0.867348,0.701491
-0.234109,0.565623,0.046433,0.908815
0.898414,0.565173,0.607807,0.651555
0.99436,0.250852,0.542726,0.605155
1.697004,0.510039,0.24258,0.339099
1.875476,0.287293,0.715117,0.065524
-1.307367,0.753548,0.208353,0.100999
1.446002,0.390861,0.254155,0.678242
0.90879,0.037599,0.202471,0.433721
0.164249,0.638801,0.638241,0.082783
0.487212,0.604868,0.318968,0.658412
0.244595,0.671829,0.350976,0.552894
0.058741,0.828412,0.254109,0.469757
0.175183,0.727575,0.69019,0.690226
0.302142,0.912497,0.283112,0.752361
1.243298,0.791162,0.103191,0.428132
0.585247,0.629635,0.703677,0.577112
0.498753,0.122888,0.491024,0.522476
1.975315,0.306902,0.736905,0.356621
2.199356,0.191005,0.777548,0.645319
2.867361,0.235686,0.690108,0.716798
0.009522,0.590583,0.38848,0.418128
1.818616,0.218261,0.412872,0.538079
1.205642,0.348299,0.620125,0.872063
1.431411,0.495293,0.939026,0.934784
0.687106,0.509762,0.931498,0.043858
2.039682,0.408718,0.158316,0.410647
0.780901,0.368013,0.060517,0.440204
0.855008,0.485563,0.841488,0.7942
1.372133,0.275587,0.399061,0.488111
1.627978,0.025871,0.823534,0.414518
1.392232,0.625061,0.987075,0.380268
0.936905,0.420484,0.599977,0.772457
0.394137,0.956393,0.506228,0.631659
1.267178,0.841167,0.80417,0.248207
1.114784,0.546978,0.704258,0.378366
1.720694,0.163985,0.552079,0.966951
3.258485,0.177034,0.972681,0.213336
0.746528,0.658122,0.215145,0.623604
0.924197,0.955137,0.704002,0.346693
1.345664,0.652581,0.855246,0.359638
1.057461,0.30913,0.078537,0.993014
1.133498,0.995314,0.205927,0.588765
1.701269,0.279903,0.288838,0.58819
2.771532,0.183532,0.953526,0.914792
2.689093,0.29461,0.8488,0.416036
1.663974,0.193522,0.584295,0.999817
1.084915,0.439342,0.857677,0.892184
0.112599,0.869076,0.525362,0.300056
0.878329,0.474379,0.994185,0.692703
0.807641,0.569839,0.083367,0.641628
0.282852,0.875767,0.468147,0.74067
1.408029,0.093685,0.476834,0.374499
-0.088399,0.941347,0.027174,0.984178
0.992522,0.544694,0.723156,0.15107
-0.369852,0.595746,0.640832,0.143441
1.864849,0.10113,0.693823,0.260593
2.081544,0.188043,0.725271,0.708163
2.43596,0.141003,0.889435,0.64693
1.336752,0.906568,0.642676,0.300845
-0.49529,0.774825,0.523827,0.302901
-0.003986,0.085382,0.22847,0.04319
2.733739,0.372782,0.888654,0.102787
2.654048,0.075458,0.882097,0.215803
1.764821,0.364486,0.187937,0.629407
0.955595,0.046033,0.634906,0.254568
2.730816,0.020859,0.766402,0.365531
-0.348296,0.600799,0.441428,0.355277
2.272183,0.134231,0.600154,0.325032
-0.001428,0.529026,0.259236,0.511351
1.690808,0.069305,0.920874,0.512181
1.82858,0.018026,0.890441,0.294139
0.557174,0.617579,0.830757,0.120904
0.438176,0.591502,0.716182,0.343146
-0.481015,0.631282,0.221469,0.972806
-0.180599,0.765698,0.360522,0.536167
1.692639,0.159264,0.259529,0.953137
2.155488,0.253584,0.54362,0.567571
0.746478,0.500363,0.717651,0.560801
-0.071576,0.828084,0.808818,0.998574
0.682413,0.047721,0.541689,0.79269
1.419563,0.979296,0.496839,0.326027
0.476791,0.528274,0.550669,0.669811
0.802253,0.032125,0.429472,0.382099
0.877105,0.899011,0.965858,0.567875
-0.254206,0.601042,0.242467,0.208572
0.81156,0.557755,0.33827,0.32781
0.938181,0.958602,0.047052,0.40579
1.569387,0.149625,0.755991,0.96231
1.04245,0.609645,0.863526,0.778112
0.767442,0.444617,0.378583,0.926727
0.270925,0.786433,0.135649,0.433725
0.792421,0.911793,0.095481,0.422837
1.516447,0.271948,0.066355,0.180207
1.605518,0.139934,0.079817,0.693556
0.86058,0.384059,0.73602,0.880388
0.993916,0.099252,0.246913,0.935983
2.257731,0.160077,0.363568,0.269168
-1.014392,0.789783,0.026907,0.747032
0.545165,0.52929,0.428292,0.438892
1.561312,0.369085,0.589338,0.654235
0.207115,0.46662,0.050271,0.18359
0.106025,0.713824,0.587555,0.724169
2.363724,0.28635,0.741199,0.53814
-0.957969,0.75407,0.058235,0.035191
2.617495,0.335594,0.844574,0.686982
-0.535539,0.63375,0.209894,0.697697
-0.01498,0.772576,0.502138,0.581321
0.596531,0.721779,0.982328,0.669695
1.7143,0.054011,0.479562,0.257991
1.744525,0.210342,0.760281,0.09312
0.946008,0.047178,0.084745,0.743572
1.364144,0.836344,0.390332,0.451085
-0.47128,0.640194,0.500754,0.696524
0.623852,0.771481,0.727114,0.27177
1.582515,0.458159,0.278312,0.019018
-0.040153,0.87305,0.17262,0.558442
1.833416,0.37632,0.314087,0.10588
2.721542,0.273438,0.734506,0.469142
0.919844,0.975724,0.813917,0.796127
0.54564,0.562069,0.45072,0.09841
0.972103,0.947207,0.066528,0.320725
0.977301,0.027153,0.018435,0.256737
1.838245,0.417656,0.437006,0.848126
2.149719,0.321328,0.71276,0.63497
-0.502377,0.922474,0.080664,0.041587
1.423719,0.88343,0.990929,0.249027
1.231574,0.284107,0.461832,0.816822
1.637088,0.331499,0.999144,0.901747
0.778836,0.025115,0.829333,0.435414
1.152467,0.540958,0.846947,0.103812
0.8618,0.943388,0.707819,0.154574
0.759295,0.159261,0.786467,0.811063
0.079082,0.700653,0.698498,0.070121
0.812034,0.427729,0.14051,0.314152
0.127979,0.028602,0.188092,0.006504
1.374268,0.987885,0.929035,0.148911
2.316901,0.139042,0.679974,0.449849
0.220991,0.989229,0.112765,0.074759
0.26492,0.813826,0.554144,0.388198
1.555789,0.356787,0.428532,0.697161
0.955935,0.119683,0.392353,0.890661
1.436664,0.564894,0.256606,0.371557
1.143254,0.089286,0.145234,0.999296
0.860693,0.417216,0.255345,0.104917
1.303779,0.444812,0.629336,0.253257
1.50227,0.313835,0.567248,0.415927
0.479963,0.559964,0.901019,0.997173
0.990599,0.60796,0.423385,0.308971
1.421495,0.143994,0.460623,0.426144
1.711289,0.070731,0.879871,0.398678
0.529257,0.704795,0.445168,0.210534
0.192022,0.758844,0.738903,0.276441
1.11529,0.960994,0.936767,0.584864
2.472639,0.170216,0.82527,0.243839
2.102791,0.17067,0.275541,0.338588
1.382869,0.881101,0.960854,0.657734
1.338951,0.186069,0.625351,0.945993
1.378556,0.291253,0.304637,0.312046
-0.608034,0.847634,0.417418,0.903919
1.280995,0.394265,0.345383,0.809214
-0.115508,0.865867,0.297703,0.115324
0.813785,0.376951,0.458965,0.826061
1.968106,0.405273,0.915563,0.224574
1.043914,0.34088,0.248202,0.090361
0.143466,0.95697,0.308212,0.956058
0.480142,0.746584,0.840684,0.738643
2.253232,0.315803,0.51591,0.214397
1.975547,0.276156,0.127195,0.57161
2.589061,0.261951,0.349513,0.48753
0.140317,0.703538,0.539911,0.247437
1.814134,0.045972,0.000727,0.30842
2.235756,0.474554,0.77376,0.545729
1.749666,0.045735,0.460445,0.492309
-0.347039,0.589202,0.266396,0.7776
0.795925,0.96206,0.573416,0.583839
1.110454,0.480219,0.248978,0.670308
1.724722,0.914798,0.535463,0.713531
-0.272425,0.816707,0.508804,0.149904
-0.695863,0.784031,0.428879,0.716825
1.634847,0.283545,0.272354,0.027906
0.634595,0.927988,0.756655,0.198732
0.22532,0.790375,0.554047,0.377895
3.073752,0.373205,0.870376,0.394572
2.429484,0.010801,0.674258,0.431413
0.115722,0.773912,0.774083,0.0889
1.646393,0.238129,0.312585,0.812039
0.145086,0.838702,0.31259,0.389085
0.951811,0.589705,0.615462,0.497382
0.523748,0.0973,0.354437,0.050156
1.978353,0.452979,0.014954,0.836831
1.955256,0.43969,0.615264,0.85743
2.580326,0.24103,0.893698,0.708411
0.80614,0.651266,0.991196,0.331743
1.267551,0.980481,0.035998,0.323811
2.324433,0.342539,0.78728,0.18459
2.444476,0.32549,0.67718,0.415573
0.220379,0.56051,0.618248,0.991493
1.621485,0.965086,0.938566,0.497607
0.957022,0.269841,0.650084,0.247294
1.387422,0.36584,0.008826,0.55294
1.551741,0.388355,0.744365,0.376932
1.705536,0.159145,0.762112,0.080036
-0.020946,0.902863,0.026298,0.859798
2.087693,0.104436,0.714356,0.457719
0.242054,0.631992,0.360894,0.847815
1.11158,0.235763,0.921981,0.830984
1.340536,0.043172,0.187857,0.548252
1.424074,0.5114,0.514473,0.521823
2.113004,0.167847,0.623659,0.446808
1.237153,0.979371,0.363034,0.247734
0.968606,0.504817,0.612975,0.996048
1.233874,0.946559,0.380461,0.371425
-0.201889,0.870869,0.537853,0.257881
0.315492,0.666246,0.968545,0.274049
0.627628,0.836798,0.391767,0.446224
-0.194661,0.668253,0.272011,0.819228
3.084223,0.295176,0.775026,0.093653
1.325573,0.983881,0.345175,0.420786
2.646522,0.186281,0.121499,0.388403
0.663716,0.996134,0.240004,0.571037
0.259241,0.518734,0.25448,0.088883
-0.52959,0.85023,0.404324,0.702865
1.907057,0.000143,0.907614,0.284468
2.362585,0.244786,0.21737,0.51928
0.056654,0.848177,0.368261,0.355683
1.456061,0.238639,0.332786,0.158299
0.009771,0.769225,0.356358,0.862611
1.632611,0.964112,0.842781,0.220204
0.238563,0.887199,0.654972,0.490224
-0.034431,0.664302,0.593626,0.384978
-0.551686,0.71219,0.349099,0.030519
-0.440741,0.78471,0.704064,0.039463
1.407311,0.446243,0.288513,0.078216
0.41685,0.564326,0.566487,0.776928
1.646812,0.16769,0.031009,0.968136
2.098152,0.170799,0.372141,0.079033
2.52623,0.244546,0.734764,0.251966
1.549885,0.188398,0.582995,0.978518
1.235493,0.594554,0.914392,0.110955
1.400826,0.689878,0.913361,0.522158
2.387659,0.162908,0.521019,0.446316
0.004065,0.897455,0.741766,0.074258
-0.044777,0.471824,0.193464,0.946893
0.959066,0.34848,0.257069,0.931607
0.741431,0.424716,0.618826,0.932484
0.39797,0.002656,0.469382,0.193919
-0.578946,0.924556,0.3699,0.976873
-0.244708,0.508078,0.222985,0.638433
1.150273,0.060921,0.146513,0.777136
1.93689,0.281881,0.043845,0.568947
1.235122,0.40635,0.1301,0.669628
0.644288,0.773127,0.048922,0.355448
1.840426,0.306059,0.204198,0.233249
1.730562,0.247185,0.576491,0.694663
0.971725,0.096094,0.462184,0.486648
1.93492,0.213094,0.395343,0.349527
1.478333,0.075582,0.148807,0.252344
-0.337353,0.727668,0.098567,0.392715
1.892232,0.21574,0.253316,0.80473
-0.206601,0.684347,0.143667,0.014783
2.321277,0.386094,0.465455,0.591819
1.925014,0.307711,0.232083,0.187378
-0.201487,0.654316,0.150532,0.911495
0.95794,0.734512,0.988363,0.492102
0.420917,0.922751,0.145306,0.657505
-0.215622,0.887083,0.157797,0.146895
1.018554,0.489681,0.131084,0.730097
1.066626,0.337971,0.223159,0.218032
2.237906,0.282566,0.962367,0.730253
1.800028,0.925726,0.472176,0.492009
1.405924,0.295945,0.934562,0.231593
-0.1287,0.761174,0.878666,0.983567
-1.13342,0.751152,0.200889,0.0556
-0.454641,0.920898,0.397984,0.837038
0.594,0.789185,0.803774,0.761272
0.767882,0.521613,0.86205,0.55179
1.197239,0.400748,0.425731,0.145285
-0.113913,0.73917,0.333492,0.212111
1.680831,0.12403,0.530863,0.639235
1.018624,0.124997,0.503052,0.090284
1.420248,0.169842,0.898754,0.994852
3.097883,0.268123,0.934929,0.313419
0.532482,0.64847,0.680262,0.574513
1.163813,0.594883,0.461396,0.27332
-0.167029,0.936915,0.80273,0.162596
1.984276,0.998207,0.829505,0.58448
0.482159,0.999716,0.445926,0.082321
1.588715,0.101354,0.335103,0.540009
-0.638197,0.582053,0.478461,0.949182
0.793524,0.073076,0.401611,0.035033
-0.255217,0.64342,0.434144,0.200342
1.602212,0.150107,0.609686,0.96047
2.717609,0.222898,0.741994,0.057588
2.175765,0.185602,0.357956,0.636496
2.35923,0.18729,0.855622,0.486402
1.030995,0.146026,0.183883,0.181618
1.003445,0.504086,0.592756,0.546338
0.63422,0.548155,0.613577,0.643776
-1.140508,0.740982,0.470179,0.999124
-0.395869,0.707363,0.622133,0.709143
-0.369827,0.034072,0.757434,0.849221
-0.332,0.781381,0.415137,0.662088
0.050488,0.633194,0.8344,0.98516
-0.566711,0.811697,0.461639,0.961719
1.962249,0.058077,0.858991,0.558138
1.061323,0.938671,0.93337,0.476109
-0.014357,0.842731,0.480005,0.133546
2.492255,0.295802,0.691043,0.226383
1.753909,0.41645,0.469963,0.747641
0.771139,0.461735,0.504378,0.815101
1.26249,0.398871,0.037765,0.050018
2.551862,0.20828,0.576828,0.214678
1.899172,0.142065,0.21834,0.326878
1.557084,0.056621,0.874591,0.660044
1.505022,0.538257,0.987421,0.740542
-0.071701,0.560185,0.672447,0.93283
2.686037,0.226145,0.042743,0.507611
0.339119,0.718369,0.76587,0.094806
1.300984,0.178596,0.537347,0.912635
-0.55715,0.967419,0.417876,0.901712
0.404348,0.610788,0.761651,0.993252
1.36075,0.085893,0.989049,0.494766
0.514673,0.706634,0.52879,0.428239
2.259465,0.274299,0.824949,0.229133
1.382567,0.121763,0.43879,0.469424
0.973885,0.867055,0.335623,0.445222
1.341786,0.42058,0.871584,0.10807
1.878625,0.123068,0.291566,0.679224
1.320715,0.037729,0.490375,0.798123
1.729287,0.192249,0.200942,0.663818
0.944819,0.45959,0.005321,0.282006
0.668731,0.70001,0.893645,0.285334
1.423193,0.908475,0.920096,0.773501
1.184988,0.669774,0.968155,0.463398
0.227751,0.567299,0.388293,0.56818
0.991392,0.301866,0.060577,0.640535
1.559583,0.490464,0.499068,0.47784
0.212607,0.895222,0.090051,0.622644
0.317358,0.553753,0.331255,0.228281
0.742416,0.898911,0.930242,0.308897
1.391655,0.431201,0.013106,0.15509
-1.051977,0.913954,0.106461,0.738779
0.725006,0.871561,0.793705,0.855205
0.438547,0.816681,0.454051,0.635152
-0.204087,0.697756,0.757812,0.999664
1.804969,0.011295,0.851785,0.352661
-0.348888,0.696413,0.484285,0.695353
0.87164,0.969913,0.212232,0.272519
1.142578,0.87485,0.940856,0.483168
-0.879513,0.643244,0.547404,0.119776
1.835609,0.125052,0.140099,0.036582
0.183553,0.774431,0.83917,0.518251
3.019725,0.360411,0.892833,0.193923
0.808956,0.841009,0.628517,0.163837
1.509881,0.53863,0.718987,0.141181
3.448731,0.270746,0.937157,0.219997
-0.767724,0.793559,0.088262,0.956114
0.568246,0.547491,0.839683,0.893033
1.988735,0.316872,0.466119,0.690861
2.343651,0.130531,0.203022,0.467652
1.368836,0.357057,0.761772,0.85197
0.961168,0.043947,0.18272,0.203983
0.153157,0.814037,0.7077,0.622708
1.906031,0.14087,0.232807,0.212467
0.74126,0.494761,0.04328,0.099662
-0.564315,0.659595,0.382009,0.691845
0.891539,0.960911,0.601866,0.181721
0.645231,0.884378,0.957667,0.08293
0.84973,0.758755,0.844323,0.218071
2.699399,0.366423,0.187329,0.2212
-0.545116,0.733162,0.341494,0.091667
0.457684,0.491718,0.181899,0.531504
1.070288,0.944882,0.620062,0.340223
1.539484,0.437509,0.51307,0.799546
1.766601,0.306874,0.690848,0.838959
2.607278,0.181087,0.79291,0.391421
1.890335,0.302696,0.26529,0.994527
1.882696,0.311854,0.521575,0.648869
-1.237894,0.795693,0.375392,0.099087
0.710211,0.535489,0.652584,0.47003
1.019561,0.512154,0.32701,0.248263
0.43184,0.7388,0.697935,0.197557
0.049058,0.65252,0.21647,0.767437
1.237035,0.456324,0.143658,0.648847
2.079419,0.213117,0.816935,0.780269
1.672452,0.374353,0.49551,0.126122
0.067387,0.038724,0.049962,0.223004
-0.394061,0.946456,0.304593,0.730182
0.963375,0.992908,0.624575,0.229785
-0.460111,0.647084,0.95744,0.82661
1.423062,0.440719,0.995643,0.743582
-0.081732,0.979809,0.026065,0.911853
1.606356,0.402132,0.918132,0.594851
0.279687,0.645594,0.116488,0.216785
2.378659,0.260244,0.890735,0.159399
0.716827,0.595739,0.242984,0.543815
0.482108,0.969269,0.026464,0.739004
0.718671,0.478721,0.609346,0.852139
2.358323,0.361125,0.044457,0.257766
1.172844,0.865692,0.493196,0.524313
0.826646,0.410481,0.164804,0.260452
-0.62707,0.755769,0.307774,0.331715
2.195221,0.210084,0.763246,0.678716
0.629025,0.56933,0.647384,0.462752
0.214131,0.859065,0.737283,0.302622
1.290644,0.085014,0.123246,0.396784
0.177149,0.901427,0.584737,0.197069
1.703463,0.364717,0.306587,0.772445
0.178386,0.685661,0.161139,0.677344
2.012447,0.106875,0.711009,0.38315
0.13172,0.104919,0.775115,0.852617
1.160219,0.366712,0.531222,0.976043
-0.111366,0.069913,0.055101,0.987536
1.945473,0.038245,0.50995,0.143986
1.369849,0.216858,0.394621,0.867874
0.861906,0.070147,0.43751,0.871208
2.136462,0.171341,0.047864,0.422652
1.83994,0.030765,0.892552,0.646735
0.014431,0.804925,0.034501,0.414179
0.80509,0.413095,0.486865,0.584467
-0.814399,0.803494,0.275595,0.427192
0.90491,0.122569,0.327791,0.159785
1.095801,0.549772,0.997701,0.622606
0.30392,0.868752,0.942994,0.737278
-0.165763,0.624789,0.502912,0.975797
0.30927,0.539494,0.73802,0.047757
0.959246,0.393247,0.10465,0.678635
0.90376,0.118036,0.136529,0.98482
0.227519,0.752902,0.195568,0.52788
1.16477,0.253127,0.465608,0.852819
-0.314431,0.79761,0.730492,0.880189
1.141462,0.005854,0.823187,0.506243
0.590032,0.268796,0.091256,0.75403
0.569833,0.887268,0.953521,0.519512
1.196921,0.351581,0.733498,0.955652
2.846715,0.346804,0.604447,0.156042
1.300068,0.037864,0.455696,0.517278
0.24123,0.974796,0.84845,0.96995
1.569414,0.4133,0.546657,0.540552
0.934723,0.851113,0.170035,0.674574
1.593661,0.983211,0.776571,0.188569
0.788018,0.515053,0.543788,0.239938
0.224934,0.429298,0.304691,0.810428
1.365529,0.925107,0.986326,0.192781
1.09741,0.920966,0.894156,0.025445
1.778901,0.471219,0.250002,0.456675
0.832804,0.923893,0.711592,0.010275
0.513927,0.086971,0.008555,0.872358
-0.548959,0.863017,0.514028,0.520612
2.289233,0.266535,0.801302,0.422925
1.169695,0.517507,0.282302,0.241886
-0.63287,0.79737,0.642115,0.258561
1.047525,0.961945,0.76443,0.512767
-0.77677,0.579067,0.298524,0.682959
-0.613937,0.709161,0.903651,0.648676
-0.640936,0.915885,0.131882,0.907374
0.62284,0.675645,0.589624,0.629484
1.741928,0.204521,0.132461,0.795399
-0.13458,0.687833,0.75369,0.603122
-0.509692,0.773701,0.31292,0.921532
1.178887,0.535927,0.230318,0.554618
1.836204,0.247449,0.514956,0.87567
0.475059,0.468061,0.443482,0.746433
0.063548,0.888252,0.194003,0.60304
1.226017,0.467472,0.613957,0.114827
3.041495,0.224753,0.795349,0.134707
0.271656,0.680727,0.066381,0.465123
1.524437,0.1274,0.399504,0.058545
0.27585,0.864538,0.52436,0.385595
1.248593,0.96569,0.460155,0.494615
1.594788,0.590179,0.831481,0.301366
0.89493,0.781931,0.174413,0.564472
0.479418,0.567975,0.904274,0.107997
1.730046,0.187903,0.150026,0.727417
0.270551,0.985329,0.185476,0.007293
0.607,0.755766,0.84796,0.521152
-0.498212,0.80082,0.175957,0.383898
0.585147,0.791996,0.257178,0.508728
-0.47983,0.757638,0.468483,0.790711
0.070673,0.856746,0.061912,0.730979
-0.65129,0.795117,0.622939,0.142465
0.302869,0.451514,0.388011,0.753738
-0.057565,0.985546,0.104025,0.899583
0.24477,0.947262,0.842227,0.917195
0.545424,0.569977,0.365913,0.263605
-0.613243,0.733606,0.090707,0.998355
-0.039566,0.719287,0.596256,0.1306
1.087924,0.378461,0.858759,0.068902
1.697074,0.212424,0.921555,0.874132
1.306032,0.050594,0.480773,0.819304
1.759514,0.264459,0.615612,0.215367
2.593151,0.297699,0.824035,0.436476
0.107574,0.628471,0.392855,0.733609
-1.195199,0.727331,0.292714,0.709
2.465849,0.356908,0.181517,0.447788
-0.798927,0.654762,0.082102,0.747907
1.735882,0.149332,0.906297,0.927613
-0.225095,0.891233,0.277079,0.201838
1.733326,0.400106,0.079571,0.402516
2.102485,0.331906,0.495235,0.236034
0.834368,0.001158,0.840938,0.987905
-0.075211,0.576297,0.69904,0.942914
1.413325,0.741613,0.846963,0.362343
0.29191,0.638287,0.602873,0.460142
1.592017,0.494983,0.452295,0.401882
2.077936,0.212429,0.567553,0.476875
-0.006772,0.781423,0.678683,0.447234
3.390461,0.327824,0.926767,0.224832
1.341047,0.372468,0.336105,0.128468
0.363013,0.89394,0.216847,0.266428
1.756741,0.325531,0.730401,0.2791
0.632487,0.760296,0.531412,0.56336
0.787917,0.583818,0.40221,0.566357
0.23086,0.909752,0.883429,0.949846
0.839959,0.08966,0.508354,0.999306
0.13504,0.777114,0.843265,0.333642
1.525146,0.467837,0.529593,0.556846
1.284996,0.342526,0.715964,0.571552
0.9932,0.402672,0.200194,0.259879
1.672983,0.448018,0.681079,0.695141
3.074807,0.224571,0.791179,0.478855
2.068603,0.107009,0.923119,0.536346
0.148284,0.914636,0.336044,0.406999
0.826299,0.442646,0.393683,0.416507
0.719888,0.03124,0.087745,0.629082
1.479166,0.3902,0.716311,0.840257
1.296426,0.944964,0.401808,0.358311
1.210458,0.345606,0.068268,0.742664
0.779428,0.946546,0.470958,0.564222
1.320698,0.969151,0.588522,0.258122
0.065461,0.466024,0.47114,0.94106
1.423773,0.135501,0.192515,0.00109
1.523307,0.48742,0.864363,0.741652
1.445034,0.982337,0.889904,0.166188
1.144649,0.591732,0.793735,0.29831
-0.197045,0.726509,0.830636,0.094827
2.244147,0.483273,0.945268,0.924469
1.30043,0.42581,0.176961,0.183872
1.102226,0.434849,0.627933,0.709691
0.1935,0.920904,0.414684,0.999311
-0.162696,0.677648,0.047821,0.724079
0.609724,0.237729,0.185932,0.701251
2.041221,0.315796,0.77438,0.80882
0.858994,0.988342,0.486054,0.124699
2.149401,0.241562,0.443055,0.660885
2.227124,0.397856,0.835222,0.58668
0.303398,0.971384,0.564256,0.915536
-0.055682,0.682143,0.074502,0.56637
2.030854,0.16559,0.210886,0.039294
-0.674798,0.911399,0.13446,0.946167
-0.485107,0.601633,0.5437,0.780141
1.41455,0.354218,0.232872,0.780678
1.125276,0.488291,0.38648,0.521841
1.841706,0.393422,0.15033,0.267709
0.886919,0.183663,0.382988,0.798818
1.334125,0.952069,0.900544,0.502102
0.159118,0.051782,0.436018,0.979942
2.075846,0.346638,0.356987,0.140045
1.324291,0.138798,0.304834,0.448689
0.601644,0.047216,0.696283,0.939099
0.688704,0.023345,0.816946,0.220982
0.395568,0.555434,0.652962,0.101262
0.333225,0.563458,0.844597,0.567912
-0.065553,0.592206,0.988785,0.544224
1.680497,0.359921,0.951376,0.782485
0.477401,0.834019,0.74751,0.131045
1.645219,0.519392,0.406254,0.27469
-0.620373,0.796019,0.474918,0.862774
1.217319,0.326958,0.400246,0.059902
-0.78555,0.677044,0.087293,0.194252
-0.430236,0.787667,0.040735,0.150151
-0.197269,0.648773,0.268088,0.701556
2.283787,0.349881,0.52727,0.377952
1.418483,0.048318,0.675921,0.192205
2.797655,0.161146,0.514021,0.610174
-1.197566,0.801479,0.007693,0.769288
-0.429997,0.730689,0.642691,0.07543
1.884068,0.212277,0.195539,0.508777
1.686124,0.24095,0.919885,0.737992
0.712819,0.106506,0.332898,0.650324
-0.575104,0.759324,0.431609,0.257764
-0.497883,0.890989,0.485399,0.447046
0.116565,0.833176,0.39328,0.587036
-0.038857,0.876415,0.188347,0.953582
0.108659,0.922661,0.565873,0.728087
-0.727915,0.638768,0.24405,0.709294
2.193297,0.095717,0.561755,0.365077
2.523511,0.367743,0.52309,0.520628
2.852431,0.253475,0.482494,0.556908
1.05608,0.316813,0.306764,0.756619
0.213141,0.554143,0.24088,0.496245
-1.228277,0.820453,0.378378,0.783583
0.608386,0.43639,0.336549,0.212038
0.40635,0.667304,0.934787,0.725515
2.687014,0.406556,0.703942,0.508627
2.302693,0.353442,0.760727,0.607829
2.324841,0.12613,0.030822,0.320972
0.092084,0.672545,0.181177,0.573045
2.941468,0.017045,0.835081,0.425923
1.674544,0.256301,0.457736,0.624335
1.996342,0.357896,0.154151,0.357765
0.433998,0.11197,0.642454,0.927735
1.65903,0.231916,0.335124,0.860532
-0.175113,0.76314,0.380566,0.857853
0.286002,0.693999,0.474105,0.243996
0.131554,0.683492,0.814441,0.804052
2.232878,0.074088,0.666943,0.481829
2.113188,0.035495,0.83281,0.27909
0.078266,0.90399,0.282149,0.081645
0.189748,0.921253,0.200931,0.681187
2.653725,0.325323,0.323262,0.571135
0.349767,0.1282,0.102534,0.790104
1.159033,0.263494,0.014036,0.466279
0.540868,0.013362,0.318162,0.758274
1.361976,0.335056,0.59082,0.335771
-0.366477,0.645223,0.595423,0.00403
1.37019,0.178413,0.607311,0.663116
-0.430414,0.85379,0.115167,0.775279
1.118009,0.378435,0.957574,0.829249
-0.076921,0.576101,0.658836,0.682302
-0.491063,0.830825,0.047756,0.527631
-0.408561,0.668054,0.137144,0.14285
0.507543,0.912447,0.529936,0.270094
2.025262,0.413574,0.823939,0.84975
1.044993,0.475103,0.882295,0.670787
-0.899377,0.716481,0.101663,0.101327
-0.258493,0.759145,0.45997,0.643147
1.84566,0.371784,0.912568,0.919847
2.080493,0.362143,0.392756,0.796329
2.960672,0.25239,0.848862,0.20615
0.188844,0.61668,0.096444,0.716953
-0.112026,0.867166,0.507206,0.929099
0.378756,0.62719,0.815447,0.880685
1.72437,0.050497,0.880308,0.047126
1.05979,0.055429,0.184499,0.257629
1.25836,0.558545,0.363415,0.587506
0.646064,0.60963,0.732311,0.319958
1.490301,0.301156,0.934494,0.897695
-0.227328,0.809202,0.068899,0.724381
-0.368562,0.739303,0.344758,0.453526
2.919182,0.076232,0.974113,0.337935
0.963403,0.983308,0.090803,0.201188
2.723883,0.181392,0.49006,0.549247
0.020729,0.114352,0.380581,0.907467
1.846229,0.288812,0.612153,0.736938
2.324725,0.039844,0.941809,0.118121
-0.397238,0.730748,0.344553,0.889891
1.344682,0.51088,0.845811,0.08311
2.166415,0.173262,0.711237,0.159145
0.460213,0.004548,0.363678,0.879322
0.66544,0.642166,0.337539,0.414794
0.989009,0.612111,0.922438,0.694602
2.056999,0.139004,0.797496,0.572852
0.177697,0.764978,0.870393,0.384448
0.541201,0.764659,0.69613,0.255207
2.19148,0.126287,0.405625,0.18723
0.357508,0.423841,0.667752,0.035293
1.036355,0.038755,0.356774,0.856369
1.67178,0.974038,0.867761,0.37094
-0.943241,0.772646,0.342687,0.714242
1.84571,0.517315,0.949465,0.48682
1.847069,0.547295,0.71287,0.580209
-0.461856,0.848824,0.562814,0.180895
2.02409,0.069857,0.663004,0.230955
2.100916,0.262191,0.577856,0.763099
1.086967,0.653055,0.651926,0.434726
1.098552,0.293032,0.199925,0.079247
-0.371126,0.757894,0.115545,0.308369
0.389572,0.635522,0.893351,0.75223
-0.246416,0.048731,0.522032,0.84249
1.124228,0.020021,0.708519,0.287609
0.180973,0.420761,0.573504,0.985479
0.732326,0.25339,0.457754,0.963756
1.209055,0.369359,0.514369,0.063427
2.226091,0.166096,0.177112,0.313732
1.816505,0.216003,0.158653,0.293256
0.280714,0.895909,0.631683,0.506532
0.488285,0.545798,0.4386,0.0745
2.799881,0.344595,0.734982,0.599458
1.281936,0.488446,0.219448,0.601141
0.356636,0.597771,0.84077,0.493468
-0.656617,0.868195,0.208336,0.781576
0.020036,0.491331,0.174525,0.88454
0.404679,0.95154,0.412415,0.756568
0.681727,0.934743,0.538742,0.634681
1.103944,0.45941,0.860549,0.097392
1.481019,0.412475,0.176084,0.249601
0.288233,0.685513,0.826243,0.638537
1.894725,0.073762,0.64742,0.285727
1.163638,0.327482,0.315753,0.821607
0.944743,0.058598,0.326689,0.084307
-0.594145,0.833665,0.298073,0.483657
0.348404,0.503582,0.237119,0.178194
0.845918,0.119056,0.924132,0.137041
-0.769681,0.755308,0.754781,0.852012
2.519061,0.227644,0.629132,0.371397
1.341716,0.198549,0.215526,0.112226
2.427006,0.167778,0.987853,0.792858
1.500892,0.236662,0.42565,0.393079
0.882827,0.061824,0.059259,0.769378
0.000837,0.586314,0.340755,0.708714
1.070701,0.179796,0.327739,0.14913
1.594872,0.125767,0.845729,0.023498
0.985156,0.616898,0.985589,0.263434
-0.554218,0.701763,0.769145,0.900603
2.296856,0.159467,0.897396,0.14703
0.966882,0.545775,0.527088,0.142177
1.578871,0.985064,0.607872,0.440768
0.37707,0.492029,0.025502,0.238867
1.264877,0.35931,0.085542,0.553748
0.516756,0.067485,0.238872,0.999671
1.532768,0.291533,0.686701,0.86399
0.768858,0.01537,0.397736,0.418481
1.083433,0.315265,0.60331,0.771534
1.716161,0.283254,0.840522,0.856588
1.345275,0.918442,0.198986,0.420874
-0.214006,0.917342,0.541782,0.86597
1.018416,0.922254,0.834256,0.126697
-0.011514,0.526149,0.534675,0.956138
0.881734,0.610545,0.379751,0.12785
1.356507,0.019312,0.838778,0.054227
0.551274,0.585136,0.169811,0.240673
-0.162967,0.594958,0.201717,0.893812
0.710611,0.840038,0.53566,0.289465
1.134712,0.481218,0.00956,0.11736
2.023659,0.286825,0.846101,0.437241
1.640289,0.292752,0.158627,0.383831
0.44197,0.481747,0.300633,0.068789
0.579881,0.592581,0.592526,0.831286
1.382459,0.387066,0.494153,0.876341
1.145791,0.938554,0.905593,0.274394
0.759956,0.776414,0.911332,0.90947
1.398914,0.036574,0.732571,0.764578
2.651624,0.277288,0.076655,0.583455
-1.563084,0.643195,0.206548,0.975223
1.249308,0.315561,0.287414,0.698273
1.693462,0.102252,0.77261,0.240303
1.08399,0.575861,0.801166,0.482218
0.446125,0.114078,0.157616,0.888421
1.893728,0.940591,0.934262,0.165161
1.19333,0.904702,0.650256,0.6366
1.701456,0.517752,0.815845,0.183
1.756774,0.187885,0.849835,0.598798
0.560916,0.519386,0.489586,0.443462
-0.249578,0.587955,0.159822,0.918426
-0.041561,0.50596,0.262362,0.47043
-0.299406,0.576794,0.094275,0.724958
1.719741,0.192121,0.570186,0.154227
2.138213,0.343956,0.856787,0.876217
0.976095,0.684658,0.605565,0.422964
2.649349,0.272307,0.708227,0.273932
-0.067526,0.786537,0.185884,0.878106
1.253177,0.24645,0.226147,0.752847
1.023028,0.526236,0.809927,0.769242
0.203196,0.740166,0.863634,0.307024
2.069073,0.343863,0.489675,0.120795
1.47129,0.123009,0.805941,0.11972
2.304604,0.230033,0.581921,0.80392
1.528115,0.302525,0.045957,0.370127
0.573182,0.581939,0.611037,0.824285
0.075742,0.770221,0.136491,0.028796
1.128871,0.093683,0.300549,0.00496
1.515569,0.966687,0.457902,0.305987
1.6807,0.294175,0.47947,0.866457
-1.235431,0.780945,0.031896,0.05203
1.596595,0.341382,0.885828,0.873137
0.603313,0.86252,0.10986,0.344877
1.476269,0.396168,0.196518,0.232263
-0.342604,0.754236,0.715354,0.744666
1.509185,0.93816,0.986083,0.381435
1.15512,3.5e-5,0.196948,0.01295
-0.114409,0.58803,0.236048,0.65842
1.50546,0.093553,0.109245,0.322199
2.095763,0.283084,0.653122,0.593595
0.508215,0.01829,0.071741,0.267853
0.44573,0.774683,0.897993,0.647211
0.176856,0.888473,0.310579,0.463563
-0.444529,0.583276,0.082535,0.018424
1.846601,0.035915,0.106451,0.280098
-0.58478,0.630749,0.03137,0.052997
1.039484,0.589339,0.637515,0.445654
1.532323,0.009142,0.477757,0.421792
0.526787,0.641966,0.474329,0.83129
1.262955,0.354732,0.439913,0.927326
0.132167,0.865921,0.740105,0.081602
1.121999,0.440956,0.607305,0.814294
-0.349316,0.593698,0.892647,0.984485
1.352247,0.349603,0.416053,0.500379
1.242619,0.436142,0.315792,0.342381
0.468068,0.835736,0.333135,0.762686
-0.755714,0.604073,0.007116,0.825576
1.623572,0.952694,0.13247,0.402381
0.842158,0.484547,0.671841,0.093827
0.341197,0.920977,0.003759,0.580216
0.269127,0.061856,0.235898,0.69478
1.361244,0.475983,0.89014,0.796292
-0.145494,0.943711,0.047973,0.950165
-0.50805,0.845665,0.028244,0.268155
1.279278,0.355455,0.337425,0.017981
0.676238,0.780933,0.997896,0.326412
2.736176,0.367913,0.198878,0.310919
2.443017,0.18191,0.539213,0.385986
-0.572637,0.816031,0.364635,0.956213
0.666757,0.296398,0.41575,0.811736
1.05997,0.328267,0.42559,0.714704
1.186732,0.300718,0.339109,0.968856
2.633081,0.613406,0.994276,0.296643
-0.501785,0.014945,0.270963,0.977028
0.81099,0.842652,0.425981,0.310944
-0.002803,0.80929,0.420444,0.573005
1.392051,0.40077,0.173798,0.285758
2.627977,0.17939,0.723708,0.430113
0.354157,0.914646,0.439251,0.100061
2.197695,0.034308,0.689511,0.313685
0.800286,0.454048,0.557225,0.080331
-0.166714,0.799974,0.046604,0.171482
0.278124,0.387222,0.684899,0.959508
1.638153,0.496396,0.05323,0.194577
0.881926,0.047798,0.829926,0.871313
2.323028,0.048459,0.812245,0.481034
0.586236,0.642172,0.873456,0.049215
0.973612,0.585526,0.708997,0.222857
0.656244,0.333144,0.405172,0.886229
1.757533,0.27034,0.766112,0.917437
1.751907,0.070102,0.725878,0.151944
1.720857,0.131671,0.851351,0.5369
-0.259427,0.653204,0.344011,0.561114
0.321224,0.880221,0.313585,0.650775
0.873117,0.457506,0.82746,0.817657
2.441981,0.42063,0.88982,0.166388
1.842938,0.085155,0.797691,0.393124
1.942571,0.368546,0.788656,0.767172
2.724953,0.348488,0.85503,0.525191
0.92227,0.023239,0.542257,0.91796
-0.779475,0.876641,0.459797,0.833475
0.078302,0.027604,0.678772,0.993508
3.235158,0.346001,0.95743,0.87659
-0.018942,0.060595,0.601818,0.824631
0.719738,0.129439,0.44089,0.854617
3.205303,0.286285,0.777097,0.285668
1.715813,0.369938,0.640678,0.184961
0.149235,0.589891,0.580312,0.723215
0.696435,0.604469,0.010962,0.40482
3.060332,0.151549,0.981865,0.64751
0.863404,0.439056,0.060891,0.431863
1.10437,0.601369,0.520233,0.572659
0.906335,0.999408,0.92244,0.997416
0.923262,0.673662,0.972891,0.238149
1.914386,0.483835,0.182388,0.557246
1.878185,0.112214,0.534968,0.561019
1.026437,0.982573,0.617508,0.252218
0.212739,0.924027,0.569049,0.014613
0.611574,0.545346,0.788167,0.85528
0.898108,0.491043,0.40584,0.953005
0.707098,0.472653,0.575727,0.790631
1.84443,0.239468,0.05097,0.27777
0.383234,0.989315,0.198731,0.453069
0.601112,0.178967,0.322462,0.111222
0.320331,0.791281,0.788676,0.811183
1.79278,0.100991,0.946984,0.70426
1.14149,0.867059,0.810258,0.143885
1.784257,0.565516,0.850428,0.408871
0.09486,0.950423,0.442908,0.826215
0.695281,0.83197,0.769974,0.338197
-0.178062,0.615911,0.030278,0.099945
1.893655,0.148704,0.06585,0.030338
2.133024,0.48319,0.935829,0.279152
1.490124,0.170277,0.287759,0.797142
1.852531,0.252897,0.769615,0.737428
1.648465,0.332532,0.186355,0.033204
0.898797,0.01578,0.454175,0.243341
0.686805,0.982101,0.339863,0.411174
1.288106,0.287152,0.639808,0.880267
3.193993,0.242479,0.758667,0.381041
1.141914,0.397632,0.166606,0.538859
-0.825606,0.845041,0.707156,0.97096
0.796526,0.912778,0.903688,0.352388
1.956607,0.04313,0.369899,0.502043
-0.602741,0.748756,0.294463,0.08692
0.293161,0.569665,0.364859,0.229117
1.776192,0.143783,0.830392,0.672913
-0.191175,0.521192,0.248791,0.535157
1.001997,0.46919,0.674465,0.176331
-0.617889,0.907081,0.957431,0.947044
0.385663,0.641181,0.402846,0.270917
0.209061,0.888249,0.551216,0.291539
1.222002,0.164145,0.106952,0.994544
0.291318,0.624612,0.45163,0.029185
2.616123,0.29531,0.980258,0.971859
0.760124,0.813433,0.976477,0.801947
0.155789,0.698279,0.680899,0.420183
2.057154,0.399681,0.927314,0.784955
0.604025,0.122425,0.636644,0.260926
1.568796,0.290917,0.602372,0.459499
1.432553,0.012361,0.623809,0.517588
1.123436,0.382132,0.843309,0.83966
2.402253,0.192407,0.62431,0.251407
0.484196,0.927138,0.003241,0.742207
0.640806,0.075612,0.304526,0.003557
0.813233,0.36298,0.281753,0.589057
0.93284,0.837948,0.529717,0.305223
1.69689,0.229605,0.589647,0.76554
1.396249,0.423758,0.568962,0.281083
-0.417157,0.726303,0.573664,0.036948
3.49544,0.219224,0.922318,0.539902
-0.735474,0.645059,0.364226,0.823438
2.354071,0.348184,0.084566,0.372927
1.808068,0.380303,0.624676,0.357238
0.593103,0.657812,0.932572,0.037824
0.872331,0.106186,0.509898,0.676616
1.239453,0.472964,0.254286,0.444599
1.015668,0.912616,0.965224,0.283853
0.48369,0.105688,0.268733,0.897973
2.008776,0.349804,0.039928,0.695782
2.102659,0.18064,0.303258,0.489177
2.936492,0.266889,0.873227,0.535648
0.907465,0.586216,0.796099,0.431222
1.335787,0.261192,0.143537,0.866246
0.446226,0.79056,0.890986,0.852031
1.462237,0.897357,0.640659,0.530314
0.695026,0.217569,0.181569,0.269179
0.720212,0.897972,0.899046,0.271217
-0.534857,0.686162,0.193521,0.297562
0.386209,0.947254,0.567961,0.712956
2.360624,0.247973,0.049842,0.384031
1.917442,0.251669,0.760795,0.088692
1.010555,0.216344,0.689281,0.045283
0.340454,0.660372,0.45229,0.563842
3.362763,0.44482,0.991467,0.46546
0.841169,0.424743,0.095537,0.175224
0.126213,0.508548,0.289367,0.112646
1.465407,0.977524,0.930995,0.367662
0.355515,0.300025,0.092181,0.927865
-0.11809,0.521903,0.420941,0.912632
0.710648,0.000412,0.244117,0.779944
1.782378,0.533154,0.950743,0.89348
1.527239,0.0522,0.251993,0.331591
0.931537,0.075864,0.667877,0.779659
-0.04522,0.857218,0.191912,0.658204
2.489036,0.246762,0.250625,0.405977
-0.176143,0.716231,0.918142,0.876606
0.488403,0.789597,0.70853,0.443378
0.919156,0.983401,0.206224,0.670062
2.280081,0.361627,0.787491,0.612484
0.201811,0.60875,0.382679,0.435284
1.392697,0.470132,0.440434,0.015815
1.767695,0.171652,0.126396,0.012179
0.41716,0.847416,0.794127,0.783322
1.076139,0.480269,0.672518,0.179183
2.397312,0.368128,0.158495,0.356485
0.747594,0.382047,0.595768,0.435386
1.788549,0.104619,0.472281,0.548821
-0.254387,0.862813,0.377382,0.980711
-0.61082,0.925561,0.148214,0.747439
0.482272,0.45622,0.66212,0.219581
1.984048,0.142159,0.349892,0.124033
0.544765,0.034594,0.334126,0.140831
-0.141599,0.847433,0.575038,0.83317
1.431636,0.432173,0.767141,0.897225
2.25455,0.383352,0.455769,0.468394
0.060756,0.571549,0.040983,0.912308
1.270385,0.978639,0.921909,0.187315
1.907114,0.5341,0.947529,0.412095
1.903482,0.388557,0.449075,0.339354
-0.165285,0.676675,0.249159,0.721431
2.878841,0.230067,0.67836,0.428007
1.58047,0.362967,0.447937,0.567122
1.555987,0.218182,0.832192,0.837408
-0.023422,0.582933,0.593548,0.825779
1.62367,0.156585,0.058962,0.272605
-0.176192,0.711064,0.528501,0.773654
1.951053,0.026793,0.810634,0.582347
0.553787,0.879544,0.588095,0.164933
-0.033345,0.875005,0.789109,0.74735
-0.05212,0.912982,0.209066,0.142262
-0.644347,0.790858,0.893634,0.842562
0.808277,0.699202,0.955148,0.292981
2.577891,0.37292,0.688306,0.203851
0.962973,0.259963,0.404716,0.891869
-1.606436,0.753874,0.003061,0.93336
0.016193,0.818254,0.783888,0.908372
3.265902,0.451416,0.964299,0.370445
1.49888,0.064744,0.952743,0.740065
1.295995,0.954812,0.648664,0.745805
1.0195,0.557193,0.280006,0.249699
0.544741,0.458868,0.660553,0.964096
1.65618,0.183915,0.200656,0.357892
1.288116,0.07042,0.13355,0.296295
0.987997,0.451866,0.017164,0.319958
0.881298,0.325624,0.527544,0.197001
1.679763,0.489733,0.873296,0.660374
0.112511,0.512941,0.305932,0.679567
1.383261,0.262254,0.412735,0.719316
0.929301,0.516603,0.164288,0.473355
0.60007,0.535904,0.286627,0.550451
2.199817,0.21638,0.497603,0.129824
0.937277,0.99484,0.7396,0.146723
1.859722,0.187127,0.3594,0.221439
-0.157663,0.753383,0.640847,0.166865
0.286053,0.942178,0.399708,0.523158
-0.417421,0.64096,0.303993,0.304696
1.965051,0.127215,0.576458,0.102282
1.653447,0.25585,0.342127,0.680438
1.084252,0.150861,0.792538,0.060612
1.000199,0.538348,0.499726,0.427572
-0.074812,0.677084,0.265924,0.632744
2.07806,0.17913,0.391507,0.014578
0.966365,0.530155,0.931308,0.283637
0.578098,0.439862,0.810962,0.892999
2.635316,0.219422,0.712786,0.377348
0.424998,0.769255,0.910354,0.176523
1.158416,0.095662,0.524758,0.849923
1.321466,0.093128,0.397264,0.402508
-1.013819,0.744269,0.248856,0.853496
1.302015,0.912483,0.987506,0.302453
0.336212,0.582221,0.075626,0.600333
0.997106,0.983013,0.816384,0.547966
1.415685,0.382472,0.492292,0.40225
0.588717,0.781042,0.88351,0.630867
2.185133,0.427767,0.129222,0.257228
2.114362,0.106255,0.272515,0.223572
1.265811,0.068739,0.148432,0.688905
-0.238571,0.584229,0.017562,0.718859
0.411043,0.761633,0.470332,0.128499
0.680784,0.966653,0.85982,0.76146
-0.419439,0.620912,0.087037,0.837882
1.627829,0.238858,0.009164,0.588489
1.428246,0.353627,0.276721,0.976521
1.80958,0.501743,0.520653,0.356631
-1.52224,0.686908,0.219309,0.060132
0.489513,0.962419,0.859929,0.59637
2.150142,0.109506,0.131878,0.517332
-0.02838,0.518702,0.480833,0.854804
1.930225,0.039667,0.857567,0.070672
1.518861,0.201265,0.430621,0.341004
0.43339,0.642953,0.620985,0.454281
1.018558,0.721927,0.93724,0.371324
0.450644,0.529831,0.878436,0.008346
1.347228,0.177037,0.089781,0.570945
1.087431,0.485317,0.759863,0.268796
2.108661,0.652628,0.920598,0.440153
0.161235,0.540767,0.634367,0.105694
1.29571,0.227982,0.962948,0.860103
1.594252,0.354014,0.081136,0.480765
1.137439,0.300499,0.404161,0.004318
1.790984,0.138478,0.428583,0.777761
0.229003,0.865201,0.307542,0.71171
1.422546,0.109917,0.167657,0.740599
0.415179,0.662576,0.373,0.317209
2.182539,0.307415,0.706533,0.288862
-0.222301,0.830816,0.489036,0.402719
0.308214,0.943664,0.503119,0.065941
-0.255323,0.790147,0.477081,0.246396
-0.263259,0.699624,0.190763,0.054029
2.124943,0.186556,0.85748,0.717405
2.472982,0.314148,0.481512,0.236921
-0.097587,0.816608,0.412708,0.0177
0.199474,0.641892,0.831513,0.670468
2.400357,0.149477,0.867077,0.113002
-0.552736,0.747107,0.317552,0.251161
2.945687,0.285026,0.967015,0.040681
1.18115,0.488075,0.234428,0.681066
0.169956,0.536405,0.518327,0.493913
2.335113,0.067064,0.734733,0.326321
0.595836,0.087523,0.011375,0.993189
-0.711238,0.82119,0.42991,0.285367
1.349011,0.458848,0.375537,0.187437
-1.171853,0.81266,0.078791,0.065435
1.791995,0.985535,0.676506,0.261748
-0.986972,0.808618,0.029233,0.991301
-0.188228,0.786218,0.537165,0.715905
-0.077293,0.55552,0.450568,0.107363
0.920135,0.385445,0.694101,0.937897
1.131203,0.644445,0.901529,0.328306
0.373215,0.954547,0.162073,0.704369
-0.441647,0.953345,0.524172,0.907147
3.065808,0.268007,0.771261,0.44338
0.639679,0.175768,0.014412,0.967795
2.161688,0.362622,0.848839,0.432831
1.300991,0.186526,0.409689,0.773009
-0.15768,0.897024,0.470702,0.967202
-0.476593,0.831966,0.237589,0.710324
1.44561,0.396833,0.324942,0.718242
-0.618947,0.747004,0.407884,0.662682
1.217995,0.26856,0.818102,0.651589
1.144873,0.451105,0.728402,0.326451
3.185595,0.100937,0.955299,0.243857
2.012732,0.33077,0.704033,0.494637
1.630699,0.043701,0.619677,0.499944
0.078217,0.843106,0.324139,0.598202
-0.336138,0.846726,0.386779,0.997221
1.377518,0.499877,0.454682,0.767472
-0.047874,0.56379,0.634106,0.917025
1.20417,0.311578,0.175383,0.837712
1.029584,0.433412,0.287752,0.889651
1.553418,0.505131,0.430288,0.363811
0.647673,0.390985,0.072888,0.825227
0.373276,0.70415,0.975842,0.442386
0.138577,0.118341,0.388132,0.979506
2.124881,0.157785,0.999064,0.512317
1.320106,0.027628,0.688817,0.524759
1.551608,0.521434,0.821267,0.247978
0.870914,0.726101,0.82867,0.566468
-0.196558,0.729354,0.549627,0.154849
1.350354,0.343176,0.42355,0.53238
0.935921,0.996486,0.390295,0.38731
0.224702,0.404617,0.121207,0.940519
0.697246,0.182067,0.338894,0.764
0.623276,0.004064,0.139498,0.961637
0.802848,0.455945,0.739249,0.467635
-0.154392,0.881031,0.168126,0.622062
-0.848954,0.65579,0.237288,0.466813
0.161318,0.996144,0.247711,0.975629
-0.258451,0.609262,0.128625,0.257111
0.971979,0.092747,0.357776,0.252197
0.050243,0.456638,0.401977,0.961844
0.77864,0.789413,0.208175,0.546013
1.197633,0.004387,0.132617,0.365526
1.09964,0.257459,0.081542,0.819676
-0.195222,0.606207,0.568881,0.002805
-0.865065,0.806911,0.685311,0.77629
1.841234,0.54115,0.865685,0.667923
2.282428,0.303457,0.781329,0.56929
0.783194,0.519938,0.735495,0.150725
1.347311,0.992788,0.944494,0.071173
1.126103,0.282298,0.018188,0.415075
1.515043,0.407081,0.735624,0.772048
0.893342,0.133916,0.668824,0.969913
1.856507,0.313617,0.929047,0.92294
2.565326,0.364304,0.766353,0.034812
1.614345,0.073143,0.438499,0.317387
-0.381572,0.659727,0.209907,0.759472
1.037485,0.483001,0.103799,0.776134
0.358085,0.833009,0.580505,0.700959
-0.948538,0.768082,0.56154,0.619903
0.574013,0.942397,0.428187,0.608933
0.919503,0.492841,0.615192,0.712498
0.240664,0.591876,0.19217,0.334892
-1.297057,0.725815,0.202091,0.990319
-0.924243,0.691079,0.29904,0.138869
0.807365,0.600772,0.674937,0.960948
-0.412286,0.958935,0.256899,0.737295
0.967805,0.912404,0.388957,0.470802
2.773081,0.456106,0.577781,0.445637
2.36023,0.208887,0.776108,0.317221
1.770695,0.489203,0.306563,0.403996
1.027606,0.069774,0.419849,0.276344
-0.852088,0.863838,0.294837,0.898899
2.064261,0.113059,0.335965,0.293618
0.473685,0.878675,0.474986,0.744974
2.403475,0.040768,0.038262,0.484758
0.87272,0.574687,0.127873,0.226445
0.619963,0.190545,0.28994,0.120805
1.628156,0.104386,0.714866,0.713136
2.082105,0.086172,0.970011,0.097629
1.412853,0.135734,0.132633,0.130147
1.437538,0.310803,0.876051,0.735366
1.046976,0.8441,0.555512,0.553257
0.99959,0.624563,0.871792,0.36152
0.621081,0.736253,0.975833,0.661824
-0.47305,0.681842,0.382516,0.012333
0.598102,0.436214,0.250628,0.722373
0.609256,0.919625,0.579051,0.183606
-0.640489,0.866074,0.21061,0.893566
-0.907941,0.740765,0.287654,0.962394
1.758945,0.470956,0.794838,0.4636
1.468569,0.181822,0.925414,0.009381
1.838568,0.134876,0.547923,0.724877
0.772876,0.502269,0.965273,0.878985
0.82312,0.988857,0.615252,0.999845
0.862687,0.953665,0.933752,0.040346
0.656372,0.529752,0.532624,0.649522
1.471067,0.99258,0.450831,0.62643
-0.689056,0.620186,0.733376,0.035859
-0.719251,0.837996,0.308465,0.992921
1.931831,0.09102,0.415366,0.309646
1.383498,0.491993,0.924842,0.015509
0.924001,0.952063,0.716576,0.34221
-0.286363,0.765808,0.623135,0.300731
1.848253,0.40418,0.325218,0.287984
-1.565465,0.741382,0.083242,0.856151
0.350341,0.022118,0.347013,0.615317
1.43339,0.469943,0.899327,0.497413
0.970949,0.782665,0.956495,0.192208
2.995984,0.208992,0.726074,0.152214
0.478411,0.740177,0.342572,0.042719
0.592125,0.570131,0.075836,0.481718
0.791791,0.932566,0.628221,0.449263
0.258327,0.974688,0.806753,0.06638
1.860509,0.350832,0.801806,0.637708
0.654846,0.572052,0.537493,0.218425
1.340098,0.316361,0.282155,0.449398
0.082931,0.547164,0.174238,0.158726
-0.144419,0.430308,0.662352,0.032635
1.834691,0.411936,0.343084,0.706212
0.907244,0.058313,0.405342,0.715996
1.14022,0.593542,0.941239,0.548323
1.586954,0.352808,0.76353,0.986442
0.080073,0.915404,0.081615,0.184835
1.752668,0.339466,0.763859,0.251218
1.53277,0.500494,0.497734,0.264801
0.458971,0.865671,0.382559,0.154959
0.882181,0.468614,0.427998,0.873493
0.487229,0.601085,0.70458,0.771103
2.586999,0.244904,0.989801,0.908525
0.526664,0.832577,0.371269,0.525554
0.395014,0.600859,0.994393,0.090764
0.103202,0.952089,0.617488,0.477379
0.271028,0.144956,0.142965,0.808471
-0.421626,0.602613,0.318291,0.965067
-0.226803,0.753869,0.907734,0.675003
-0.157227,0.762957,0.603742,0.900129
2.036152,0.087399,0.853216,0.435605
2.037948,0.277508,0.065539,0.637207
0.244539,0.009541,0.43526,0.967402
0.830973,0.986221,0.982934,0.987765
-0.203347,0.005107,0.212808,0.660301
-0.124421,0.610036,0.007792,0.036429
1.282913,0.968065,0.910954,0.493596
0.72283,0.464524,0.508219,0.19243
0.896143,0.470321,0.020005,0.104934
1.671417,0.360982,0.131877,0.097572
0.632278,0.583224,0.308328,0.285744
-0.259356,0.696614,0.762817,0.842021
1.976959,0.165222,0.093155,0.41105
-0.652719,0.003608,0.541726,0.253131
2.913356,0.319823,0.988971,0.371591
2.371197,0.052474,0.938105,0.356889
0.082419,0.907025,0.142374,0.033721
0.091795,0.853311,0.902193,0.812642
0.464308,0.751616,0.983745,0.03519
1.564698,0.263526,0.823139,0.027482
0.173395,0.84976,0.669468,0.518557
2.206104,0.185209,0.119945,0.215411
-0.121083,0.556563,0.338174,0.056633
1.785084,0.475329,0.370566,0.607174
1.038181,0.511007,0.955942,0.206856
-0.2525,0.92954,0.487109,0.567153
1.49021,0.9566,0.760874,0.278732
2.55184,0.130521,0.411374,0.278107
1.182809,0.353374,0.267309,0.479851
0.781003,0.400263,0.196297,0.371583
1.06772,0.386299,0.283023,0.168947
-1.179348,0.67635,0.259529,0.929203
-0.280474,0.864237,0.173755,0.483457
1.185037,0.772306,0.086362,0.491058
0.701907,0.637118,0.033131,0.47382
0.304792,0.053763,0.021874,0.83381
2.860014,0.263263,0.901817,0.737422
1.449365,0.351473,0.17428,0.862385
2.606237,0.22033,0.551605,0.406182
0.927282,0.097604,0.041109,0.918361
-1.445371,0.770255,0.16538,0.913718
1.905492,0.986888,0.414479,0.468679
0.301133,0.647632,0.430073,0.606598
1.967937,0.536833,0.507047,0.380777
0.145136,0.698303,0.850573,0.065331
-0.101245,0.542735,0.257794,0.118142
0.100833,0.335616,0.451345,0.879981
-0.280832,0.861543,0.41076,0.669992
-1.429615,0.788471,0.434175,0.929971
1.643465,0.181503,0.596116,0.107507
0.768698,0.759153,0.693925,0.671861
-0.352705,0.45311,0.662436,0.926956
-1.200807,0.631115,0.330108,0.085261
0.194089,0.943321,0.930951,0.074327
2.163887,0.354235,0.799247,0.576549
0.47019,0.672046,0.781494,0.323838
0.658205,0.874463,0.565913,0.604601
0.603438,0.843655,0.370188,0.279552
1.11794,0.077637,0.318348,0.002522
-0.452512,0.581435,0.422339,0.862592
0.978331,0.416566,0.416827,0.974334
1.194725,0.292109,0.468987,0.908741
0.256438,0.722892,0.661393,0.248447
-0.266819,0.772504,0.139246,0.68566
1.602959,0.287381,0.078903,0.487517
0.376629,0.514367,0.433357,0.62431
1.487926,0.172465,0.553007,0.01222
0.964365,0.980528,0.850164,0.769293
-0.88431,0.665008,0.04348,0.988482
-0.481381,0.593225,0.176183,0.688493
0.458346,0.844458,0.644358,0.524403
-0.13142,0.919755,0.478342,0.751186
0.738589,0.135152,0.063765,0.822108
0.607909,0.053322,0.035502,0.681834
-0.097939,0.724304,0.44494,0.699535
2.29166,0.308919,0.303008,0.271468
-0.753282,0.572011,0.168109,0.915645
2.249462,0.156902,0.734405,0.235602
1.659217,0.299642,0.079598,0.395912
0.973635,0.457569,0.346583,0.866258
1.841303,0.499476,0.824422,0.450706
1.81394,0.139863,0.816442,0.367808
1.286895,0.481345,0.383327,0.686256
0.20013,0.840324,0.325485,0.402109
2.197936,0.134654,0.916928,0.729109
0.268779,0.837064,0.312092,0.875157
0.852325,0.799117,0.577794,0.365917
-0.883719,0.779364,0.253249,0.188818
-0.277503,0.652238,0.526079,0.664194
-0.199514,0.516727,0.145198,0.11444
0.337234,0.566689,0.34289,0.539406
0.704672,0.878785,0.89447,0.40449
1.168891,0.459573,0.512599,0.264389
1.699986,0.173691,0.457984,0.675195
1.539281,0.426877,0.681503,0.373426
2.757453,0.1948,0.66749,0.54079
-0.781161,0.794519,0.554153,0.106506
0.124896,0.794538,0.677207,0.549028
1.634978,0.176216,0.504605,0.88607
0.253816,0.577127,0.879096,0.841161
1.79583,0.083047,0.851745,0.901781
0.255651,0.91291,0.004545,0.716788
1.384241,0.406622,0.109036,0.548884
1.107445,0.99022,0.368414,0.205837
-1.110458,0.553968,0.048813,0.741675
0.587726,0.98532,0.064246,0.998839
-0.074357,0.655712,0.477165,0.515984
0.484013,0.502054,0.424101,0.36361
0.518902,0.883281,0.401629,0.223874
0.098027,0.782317,0.704482,0.39167
1.986012,0.273412,0.879778,0.752591
2.098167,0.017814,0.540385,0.67939
0.02669,0.727692,0.034681,0.463497
2.199854,0.309943,0.947728,0.335883
1.576876,0.182363,0.161464,0.027695
1.607194,0.247365,0.070765,0.752062
2.413552,0.103874,0.762041,0.381375
0.829578,0.565786,0.866815,0.884967
0.221714,0.634288,0.848172,0.616961
-0.738319,0.673572,0.316719,0.34034
-1.360604,0.654449,0.09847,0.947452
2.318132,0.607844,0.96087,0.551055
-0.321081,0.939463,0.100102,0.079847
1.054226,0.475675,0.101292,0.958867
1.068473,0.647562,0.878939,0.429498
1.147493,0.989149,0.933491,0.834286
1.172756,0.588541,0.681799,0.29295
1.925034,0.418019,0.344678,0.949078
1.110353,0.458707,0.678447,0.694215
0.714434,0.521359,0.299408,0.074633
0.898982,0.606266,0.488937,0.491756
2.058073,0.290703,0.482014,0.347865
1.418613,0.954241,0.118225,0.072513
1.780859,0.262141,0.959532,0.779156
0.81168,0.800615,0.990662,0.207151
2.54697,0.438944,0.719301,0.27796
2.413656,0.243428,0.716072,0.687295
0.75747,0.403903,0.772118,0.719859
0.54382,0.800804,0.92008,0.966224
2.077301,0.346966,0.150285,0.434252
-0.484487,0.716095,0.943031,0.038033
-0.171313,0.751115,0.69662,0.080612
0.433935,0.903344,0.267279,0.77946
-0.338671,0.744579,0.383515,0.265486
1.657082,0.449758,0.521936,0.688549
1.907896,0.285011,0.072891,0.852005
1.382149,0.627834,0.392765,0.319301
2.180329,0.154416,0.792694,0.74318
-0.23384,0.946364,0.380666,0.013795
0.308608,0.927518,0.179596,0.327504
0.375956,0.620525,0.972692,0.137351
1.55246,0.289811,0.374397,0.238885
1.212861,0.11588,0.053265,0.981329
2.014876,0.272228,0.800961,0.26185
1.795024,0.346463,0.456099,0.279803
1.090462,0.93944,0.475769,0.284313
0.532541,0.61454,0.02567,0.520317
1.850164,0.753072,0.93051,0.437636
-0.072256,0.861822,0.304879,0.725121
2.264959,0.107554,0.398585,0.410135
-0.938473,0.578863,0.187167,0.9013
1.793057,0.409822,0.808408,0.153091
-0.669241,0.740822,0.712739,0.958358
-0.706758,0.944578,0.449261,0.854415
-0.246593,0.833602,0.258786,0.776394
1.140335,0.717016,0.595092,0.438305
1.303917,0.439864,0.585273,0.778009
0.527311,0.768414,0.707553,0.719181
0.512467,0.959377,0.686059,0.488544
1.656387,0.202357,0.752785,0.869295
-0.712197,0.68649,0.903098,0.208464
1.07933,0.476895,0.76982,0.818507
-0.523384,0.740344,0.314046,0.719249
3.025582,0.356527,0.981154,0.544699
1.285115,0.353967,0.395765,0.994901
1.186523,0.448784,0.584411,0.852574
0.278965,0.448658,0.09104,0.073413
1.3235,0.9803,0.924167,0.516459
2.162966,0.365101,0.676724,0.263199
1.044021,0.375703,0.490721,0.047383
2.407761,0.164102,0.751587,0.383321
1.654108,0.428479,0.72141,0.263829
0.969967,0.896719,0.701822,0.305175
-0.154038,0.921357,0.12283,0.090546
-0.929344,0.807176,0.09854,0.615495
3.052423,0.36091,0.601348,0.372686
1.618858,0.129701,0.866549,0.004832
-0.090451,0.795193,0.36933,0.616524
2.853751,0.39464,0.777687,0.205299
0.256023,0.647382,0.298978,0.324331
1.496128,0.4308,0.094729,0.37931
0.821251,0.456518,0.449612,0.833856
1.53701,0.062158,0.574995,0.144162
0.163572,0.850094,0.92874,0.66676
2.023651,0.382489,0.875291,0.849859
1.317234,0.316267,0.520054,0.146304
1.891393,0.166037,0.346465,0.144534
1.616638,0.210661,0.111439,0.716926
-1.49933,0.624806,0.19477,0.983987
1.499777,0.625044,0.972273,0.464955
1.289595,0.837252,0.99426,0.399478
0.850041,0.017455,0.349255,0.12021
1.290001,0.574503,0.889107,0.206478
2.021465,0.267113,0.278373,0.081798
1.793029,0.335835,0.264658,0.497679
1.017622,0.573841,0.831661,0.270548
1.708353,0.371215,0.638,0.563913
0.203983,0.775332,0.137675,0.090551
0.099379,0.553974,0.1605,0.63544
1.659129,0.150064,0.448879,0.299612
1.155525,0.950863,0.49324,0.627218
2.534326,0.396205,0.547783,0.268593
0.879996,0.356045,0.215725,0.86063
1.441115,0.955039,0.99385,0.972308
1.660161,0.983182,0.974557,0.85073
2.417502,0.213735,0.994981,0.818866
0.889284,0.939441,0.881219,0.199512
2.817371,0.437147,0.861552,0.316205
1.182582,0.031762,0.866098,0.215108
0.889213,0.338752,0.67561,0.977809
-0.045991,0.614681,0.92868,0.939913
0.228409,0.489096,0.093748,0.923185
-0.005733,0.950203,0.540531,0.996587
2.063573,0.116272,0.428332,0.457292
1.844434,0.232331,0.86675,0.946865
1.172445,0.623993,0.779416,0.04037
1.137948,0.178104,0.949583,0.024616
-0.089258,0.544584,0.101343,0.751521
1.135475,0.442294,0.096711,0.210921
2.952209,0.228103,0.278084,0.299731
1.107223,0.062502,0.80663,0.103609
-0.113378,0.899997,0.083241,0.531782
0.870554,0.452064,0.38556,0.766764
0.628935,0.453028,0.799733,0.949857
0.85249,0.911275,0.90756,0.799674
1.863829,0.219264,0.501354,0.151529
-0.920547,0.818986,0.232407,0.112813
0.833866,0.530624,0.290962,0.588761
-0.381439,0.728368,0.741671,0.131318
2.146947,0.146175,0.827678,0.124332
2.324631,0.124743,0.779165,0.575956
0.961682,0.042612,0.707317,0.653873
1.443066,0.092822,0.455153,0.760688
-0.639884,0.851743,0.239361,0.778062
2.67629,0.15996,0.884241,0.298493
1.43526,0.278881,0.202076,0.35954
1.498179,0.187206,0.240088,0.893723
1.391463,0.036309,0.315025,0.25758
-1.152179,0.726993,0.450361,0.895441
-0.308374,0.845521,0.254083,0.033136
0.694187,0.876832,0.792604,0.845409
-0.250328,0.935736,0.53072,0.976701
1.803755,0.487521,0.551962,0.314635
0.080658,0.762277,0.76257,0.612001
1.167385,0.014649,0.51633,0.032302
0.894491,0.939319,0.497073,0.631934
0.167554,0.738832,0.914009,0.261173
0.985965,0.542962,0.443827,0.567204
1.635991,0.031958,0.940019,0.503139
2.105622,0.33562,0.79476,0.560075
0.563079,0.96074,0.27689,0.298887
1.574441,0.335127,0.756518,0.484656
1.290548,0.449864,0.244135,0.509129
0.894044,0.835727,0.983078,0.330752
0.512603,0.504483,0.13434,0.651286
1.895635,0.201156,0.371032,0.583683
-0.983133,0.854421,0.250556,0.905224
0.905152,0.859498,0.460851,0.540013
1.749119,0.369588,0.758823,0.366465
3.167178,0.299232,0.950346,0.374831
2.839677,0.182002,0.962507,0.83526
0.971309,0.221189,0.081297,0.855364
0.388803,0.539367,0.512079,0.914874
2.400559,0.21316,0.540376,0.32759
-0.084185,0.631041,0.343964,0.549857
0.788223,0.042781,0.228434,0.513247
1.890675,0.292733,0.024564,0.535216
1.042154,0.835647,0.996236,0.146984
1.716073,0.088545,0.175593,0.240857
-0.30939,0.659948,0.626253,0.711267
2.318586,0.356556,0.376408,0.319152
1.031894,0.330443,0.692522,0.086328
2.658142,0.236193,0.935531,0.125597
-0.244439,0.601659,0.15787,0.880945
0.543158,0.110582,0.123744,0.934307
-0.11195,0.62223,0.868547,0.823078
1.028387,0.965591,0.60103,0.398711
3.916659,0.250011,0.968268,0.328742
1.515959,0.25927,0.702421,0.822499
1.902275,0.172004,0.781934,0.313967
0.08933,0.803346,0.180788,0.096845
1.057833,0.074912,0.0539,0.714142
-0.483838,0.934408,0.51258,0.789324
0.872665,0.519367,0.552263,0.740867
0.810799,0.987474,0.530244,0.829038
1.003097,0.040127,0.775741,0.856236
0.208241,0.467186,0.944263,0.980056
-0.257735,0.628063,0.427713,0.724899
-0.781567,0.748067,0.561529,0.208591
1.089204,0.244363,0.107006,0.018839
-0.995278,0.77598,0.028573,0.939455
0.619323,0.903036,0.452699,0.269674
1.211599,0.291066,0.087925,0.452862
0.88169,0.759871,0.528456,0.581655
0.705498,0.597585,0.508561,0.44724
0.369046,0.99016,0.206583,0.897863
2.566055,0.189692,0.218445,0.384764
1.696309,0.461218,0.50154,0.03721
1.63758,0.109772,0.735002,0.178432
2.418513,0.132122,0.673917,0.16722
1.250374,0.973313,0.866943,0.648036
1.150878,0.196205,0.055725,0.503809
1.400173,0.1412,0.711355,0.134477
0.420925,0.48451,0.566496,0.15903
-0.257959,0.042623,0.184351,0.054799
0.74132,0.779219,0.916419,0.276469
1.113721,0.621327,0.107272,0.360726
-0.552412,0.74737,0.215542,0.606781
0.171731,0.948953,0.700285,0.691028
0.61062,0.703139,0.94832,0.06425
0.435207,0.565025,0.416322,0.796404
0.568242,0.878221,9.3e-5,0.112008
2.30265,0.936985,0.739599,0.535566
0.272265,0.909418,0.888995,0.978927
0.04071,0.024578,0.184095,0.114853
0.29807,0.61485,0.127902,0.92673
1.913613,0.049741,0.99316,0.410194
2.026055,0.442068,0.76489,0.788994
-0.035598,0.051621,0.037812,0.228696
-0.279005,0.882511,0.778292,0.041208
2.739577,0.182796,0.759192,0.596879
0.869971,0.002374,0.566729,0.091728
0.460615,0.97351,0.775311,0.943764
2.176733,0.596705,0.868899,0.382317
1.998317,0.38109,0.223592,0.541186
0.733614,0.919883,0.833712,0.660027
2.151134,0.163986,0.805518,0.555264
-0.498895,0.560681,0.093028,0.629621
-0.148582,0.574746,0.322313,0.805503
0.927175,0.483881,0.40743,0.034457
0.499147,0.56223,0.822709,0.756416
0.802915,0.041713,0.715207,0.825096
1.216879,0.979493,0.47191,0.444558
-0.501132,0.626741,0.537896,0.945902
1.906787,0.01023,0.844644,0.204566
0.601715,0.006229,0.422612,0.459641
2.181031,0.394077,0.747349,0.086201
-0.33946,0.854125,0.217268,0.256449
0.09913,0.748921,0.026601,0.58787
1.496468,0.749509,0.891647,0.482547
-0.299177,0.99898,0.380416,0.791935
1.181504,0.120658,0.034678,0.737274
1.307883,0.888966,0.644288,0.386296
-0.193139,0.035256,0.113981,0.726891
1.83386,0.322344,0.281994,0.101286
0.859668,0.962579,0.210172,0.332253
-0.496585,0.918753,0.034867,0.709617
2.611742,0.285312,0.967638,0.211629
-0.992902,0.844027,0.517465,0.655687
-0.117245,0.48418,0.127729,0.128795
1.719054,0.350666,0.479486,0.41943
1.649488,0.224013,0.394324,0.132825
2.377461,0.154277,0.908797,0.76788
1.408944,0.65426,0.908041,0.26121
0.611026,0.841499,0.56045,0.023211
1.420083,0.253542,0.051779,0.693734
2.829133,0.257281,0.950676,0.602625
-0.287704,0.941952,0.484577,0.44938
0.141785,0.718055,0.527115,0.677808
1.378823,0.095366,0.382816,0.846795
1.142994,0.108442,0.130567,0.413483
-0.057036,0.22464,0.200901,0.689836
1.184372,0.408146,0.128348,0.52829
0.758022,0.990153,0.412071,0.726599
1.108523,0.020515,0.705629,0.113023
0.984296,0.478615,0.483507,0.617255
-0.007429,0.761697,0.665233,0.121247
1.321566,0.51328,0.840163,0.96456
1.71334,0.058682,0.286608,0.404361
-0.483291,0.650215,0.056774,0.69066
-0.058183,0.641305,0.832238,0.867909
1.056743,0.972285,0.556004,0.278796
0.130281,0.426071,0.214265,0.113563
-0.010078,0.881484,0.06757,0.413851
0.910301,0.108689,0.336111,0.82678
0.340156,0.304417,0.409631,0.61317
0.527773,0.074099,0.113955,0.833284
2.980135,0.41127,0.841562,0.472611
0.422515,0.99233,0.580479,0.293878
-0.15966,0.674668,0.717167,0.490029
1.372092,0.31642,0.26608,0.633828
1.928102,0.998381,0.936855,0.147435
1.07941,0.096631,0.625793,0.197589
1.31581,0.158943,0.204658,0.319093
-0.297774,0.494805,0.400942,0.127499
-0.355905,0.897745,0.08055,0.282239
0.728824,0.868587,0.706801,0.226546
1.636053,0.21959,0.656926,0.177621
-0.650692,0.763524,0.374178,0.815808
0.157084,0.901884,0.346597,0.950086
1.369627,0.052857,0.62969,0.543177
-0.626395,0.771401,0.16093,0.466116
1.816876,0.251575,0.876473,0.495636
1.165557,0.975597,0.629214,0.177209
0.365451,0.951887,0.252534,0.120432
0.622714,0.613678,0.454972,0.469224
1.746746,0.473996,0.068288,0.422219
2.039881,0.270401,0.229961,0.255476
2.091942,0.276858,0.104168,0.283584
0.003466,0.56293,0.041374,0.735404
0.435496,0.844636,0.949378,0.116489
-0.27359,0.674852,0.027282,0.890654
3.225023,0.339683,0.967995,0.633482
-0.175362,0.56308,0.275692,0.201647
0.754908,0.721131,0.628589,0.730596
2.020843,0.142594,0.966164,0.949593
0.680911,0.048246,0.739004,0.822034
0.873241,0.554524,0.286201,0.646712
1.165929,0.111614,0.309484,0.725559
-0.27027,0.888051,0.666881,0.904629
-0.062895,0.762589,0.167798,0.482594
3.642148,0.239891,0.254639,0.657335
1.193571,0.034412,0.852534,0.962028
2.243681,0.108401,0.821578,0.307397
1.185009,0.331939,0.104539,0.124926
0.367283,0.543188,0.318884,0.43137
-0.839783,0.678739,0.317028,0.04001
1.183355,0.279122,0.334957,0.418535
0.767695,0.560331,0.232948,0.439897
0.362533,0.00088,0.106085,0.973677
-0.269295,0.928032,0.201634,0.954362
0.77619,0.595206,0.263124,0.79179
-0.698615,0.575557,0.409335,0.90325
2.1352,0.225288,0.383161,0.819194
0.320656,0.864937,0.005919,0.422818
-1.090803,0.532377,0.039015,0.898425
1.645397,0.465315,0.518516,0.518102
1.479196,0.307347,0.016157,0.185157
1.393984,0.160989,0.197671,0.517527
2.088102,0.352009,0.360223,0.221137
-0.520274,0.502529,0.414848,0.825211
1.678857,0.344878,0.19543,0.614128
-0.104904,0.582378,0.643763,0.247215
0.730873,0.799314,0.630641,0.434871
2.027852,0.27771,0.424228,0.137291
2.912287,0.371337,0.396966,0.603372
0.881759,0.844452,0.895156,0.162726
-0.734672,0.717512,0.590492,0.557763
3.00239,0.40732,0.8228,0.444831
2.16428,0.337568,0.683186,0.441533
0.104248,0.728195,0.440513,0.297038
2.117857,0.225266,0.209932,0.510376
-0.271681,0.838326,0.335273,0.691572
0.8994,0.163896,0.023451,0.519254
0.32144,0.790379,0.86797,0.393978
0.312351,0.010616,0.08,0.794449
-0.214197,0.779649,0.592169,0.730416
0.926749,0.034077,0.230704,0.79448
0.577387,0.378253,0.367808,0.757986
2.715505,0.237133,0.568359,0.495678
-1.173673,0.681036,0.159169,0.926306
0.278433,0.614534,0.413244,0.857707
0.286603,0.890845,0.822003,0.383658
1.424897,0.04939,0.25516,0.417357
1.685142,0.958675,0.928235,0.720062
1.852075,0.179108,0.502844,0.382555
1.305733,0.269042,0.42487,0.198021
1.391943,0.367135,0.08523,0.962747
1.731303,0.081423,0.847101,0.74259
0.057594,0.431787,0.147931,0.967121
1.67975,0.439258,0.911216,0.208191
0.702872,0.077938,0.443475,0.985931
1.220863,0.006275,0.996357,0.026092
0.15588,0.627818,0.79037,0.756502
-0.678714,0.508219,0.039813,0.786395
1.359947,0.04647,0.405761,0.789824
1.223425,0.347637,0.404119,0.559241
0.871667,0.515043,0.977081,0.353112
1.860582,0.514517,0.973244,0.763575
-0.359397,0.797197,0.463518,0.734668
1.624705,0.062337,0.717729,0.36668
1.582207,0.354815,0.854549,0.06851
2.938991,0.165156,0.241436,0.561585
0.856434,0.480215,0.290389,0.420593
1.046858,0.803078,0.838417,0.403864
2.433152,0.178813,0.432772,0.441529
1.355012,0.117334,0.493972,0.96082
0.612107,0.677355,0.933329,0.399567
1.935936,0.027798,0.982482,0.268408
0.052244,0.696676,0.365462,0.521832
1.340771,0.380277,0.666314,0.344922
1.519293,0.340345,0.161593,0.7974
1.362756,0.9111,0.840209,0.489291
-0.924833,0.856269,0.177063,0.865356
1.2709,0.151152,0.908977,0.944515
0.857334,0.345855,0.6655,0.64137
1.96539,0.264,0.390701,0.020643
0.59331,0.560127,0.665962,0.277206
-0.76739,0.863222,0.238878,0.805125
1.393539,0.275834,0.052842,0.86956
0.190065,0.606281,0.554907,0.989839
-0.42325,0.893557,0.622131,0.35689
1.23409,0.03677,0.466451,0.149923
2.637989,0.30911,0.969109,0.766436
-0.520667,0.940071,0.241873,0.747248
0.583354,0.385378,0.37648,0.478953
0.920859,0.674332,0.852405,0.736296
1.258297,0.570835,0.719014,0.200168
1.72478,0.108003,0.208753,0.25213
1.480418,0.334601,0.392446,0.100301
-0.133817,0.883504,0.428892,0.614229
1.968993,0.362319,0.646713,0.74408
1.613973,0.20266,0.309214,0.281152
2.072175,0.065528,0.013892,0.551283
1.548249,0.12642,0.680105,0.224655
0.555862,0.057404,0.397041,0.607367
0.254641,0.805505,0.987837,0.783327
0.731936,0.067886,0.587368,0.777135
1.291987,0.999199,0.576159,0.222703
0.058753,0.89807,0.801509,0.131904
2.843465,0.225454,0.520286,0.358746
2.471406,0.315758,0.686551,0.284853
1.883861,0.434234,0.242983,0.527615
-0.033618,0.8911,0.479657,0.034103
0.899482,0.590094,0.639826,0.079117
-0.68324,0.637245,0.2804,0.91735
-0.095139,0.948176,0.173702,0.020905
2.920878,0.207172,0.607824,0.187322
2.458117,0.235014,0.840755,0.476331
3.47791,0.434185,0.689796,0.486608
1.29454,0.142956,0.750821,0.733025
0.509591,0.454726,0.583175,0.947414
-0.677982,0.660116,0.494964,0.892401
0.932751,0.526486,0.784414,0.73385
2.715307,0.247327,0.755153,0.180964
2.010353,0.126361,0.54529,0.259472
1.120822,0.2412,0.729025,0.813661
1.677353,0.373505,0.14114,0.47357
1.469102,0.585464,0.804769,0.515744
0.938599,0.926093,0.422114,0.197767
0.91145,0.488142,0.738984,0.232912
-0.576861,0.746255,0.627253,0.217573
-0.183237,0.655504,0.807321,0.43572
3.196687,0.336419,0.522188,0.314863
1.753742,0.40845,0.975058,0.999646
1.40678,0.131509,0.126182,0.583948
1.413497,0.487923,0.59417,0.172599
2.514195,0.118381,0.749895,0.027494
1.241817,0.413594,0.248881,0.562062
2.410517,0.156503,0.75099,0.521497
0.493771,0.794767,0.112387,0.343218
1.153482,0.13342,0.345597,0.004828
0.911816,0.401223,0.136258,0.671504
-0.863983,0.753323,0.346201,0.143953
-0.679804,0.882933,0.910137,0.878057
2.416557,0.329646,0.125265,0.375271
2.231456,0.996964,0.878049,0.600115
1.396681,0.17509,0.724409,0.980927
2.209506,0.063092,0.733668,0.654629
1.045227,0.516986,0.454058,0.107538
0.207492,0.882012,0.960257,0.769434
0.252934,0.719507,0.769982,0.117539
-0.049645,0.579652,0.094032,0.8944
2.142242,0.290026,0.775053,0.231683
-0.258735,0.706393,0.383724,0.164955
0.04671,0.830923,0.790841,0.000318
1.460728,0.248241,0.509616,0.027222
1.731729,0.076575,0.626246,0.158269
3.004032,0.374848,0.9773,0.87289
-0.000299,0.018008,0.422317,0.996003
1.603379,0.234025,0.779522,0.428958
0.337502,0.894778,0.468648,0.62298
0.340532,0.664725,0.24944,0.435022
1.233817,0.866065,0.592095,0.084763
1.17188,0.442129,0.161099,0.717931
0.364601,0.462721,0.105188,0.664115
1.218045,0.125237,0.465929,0.281286
0.445534,0.878216,0.687822,0.388549
2.241656,0.198616,0.86448,0.682429
1.90507,0.351346,0.766527,0.833325
0.776378,0.069981,0.569802,0.702137
-0.239017,0.935581,0.319541,0.720378
0.478133,0.784416,0.397992,0.603085
-0.468603,0.488854,0.066585,0.997886
-0.307219,0.630084,0.406317,0.762239
1.64275,0.307431,0.351523,0.136916
1.804581,0.280547,0.509427,0.559287
1.478787,0.135789,0.752471,0.802324
0.1576,0.403716,0.332996,0.886866
3.039795,0.161165,0.800722,0.491541
0.781743,0.946882,0.757625,0.208124
0.781947,0.602209,0.512538,0.278064
1.687727,0.211864,0.868016,0.06433
-0.633547,0.671418,0.875337,0.805543
1.544609,0.129561,0.742998,0.74281
2.066373,0.438506,0.91207,0.415611
0.822271,0.022307,0.10146,0.879013
0.800389,0.435208,0.04156,0.794793
0.646909,0.453239,0.596274,0.132922
-0.293295,0.884559,0.768914,0.973002
-0.625307,0.631818,0.236394,0.658365
1.595604,0.439521,0.577691,0.689772
2.367791,0.134322,0.563426,0.13145
1.206306,0.408274,0.921192,0.070502
1.262198,0.196262,0.370126,0.431373
1.371903,0.356223,0.676988,0.879437
0.188939,0.702284,0.054096,0.438862
-0.182409,0.887366,0.302005,0.819232
1.699466,0.303648,0.538456,0.621623
-0.792021,0.812284,0.295866,0.604211
0.711823,0.871817,0.002733,0.305915
-0.053613,0.623691,0.250591,0.553034
1.239816,0.532478,0.682733,0.952034
1.073772,0.092278,0.422326,0.609706
-0.511289,0.775703,0.812316,0.845869
1.570911,0.528744,0.863623,0.592953
1.390669,0.597663,0.872075,0.917471
1.815813,0.401319,0.911663,0.477984
-0.532351,0.814329,0.083993,0.062865
1.062346,0.053998,0.098075,0.218074
0.862977,0.687062,0.045495,0.409557
-0.069825,0.816857,0.486679,0.149362
-0.403596,0.739287,0.400096,0.670333
1.941563,0.04034,0.785231,0.374109
-0.061647,0.726076,0.431823,0.556587
0.455452,0.759703,0.79454,0.622682
2.241394,0.069438,0.857542,0.263733
1.295981,0.780017,0.805202,0.333428
-0.387071,0.823403,0.519635,0.017387
2.244888,0.283167,0.260577,0.9287
1.888236,0.087374,0.898996,0.365656
0.792337,0.579919,0.77412,0.24423
1.347609,0.978175,0.95358,0.171545
1.46045,0.056043,0.872239,0.215255
1.767924,0.553294,0.446431,0.325832
0.448495,0.706892,0.705943,0.813452
0.886012,0.122404,0.298442,0.113725
0.462504,0.158875,0.018693,0.858953
0.839872,0.073569,0.090391,0.076011
0.287785,0.82292,0.842196,0.773539
2.240794,0.197556,0.645473,0.718406
1.194715,0.21412,0.513217,0.814482
0.465907,0.929797,0.096016,0.347107
1.676448,0.38388,0.598904,0.539636
2.167406,0.131413,0.885007,0.225253
1.103416,0.102249,0.604822,0.472202
1.316067,0.188929,0.567155,0.153242
1.041877,0.524057,0.564839,0.410106
0.223307,0.701236,0.301688,0.251501
0.956324,0.480767,0.971758,0.704158
-0.305203,0.714507,0.258758,0.659198
0.730565,0.664612,0.992385,0.846339
1.629942,0.470695,0.904506,0.511161
1.162019,0.899989,0.95579,0.361082
0.003101,0.846116,0.360566,0.03007
-0.366776,0.701304,0.734866,0.21761
1.895353,0.329818,0.427447,0.451418
0.773242,0.310154,0.757334,0.89905
0.13091,0.929738,0.244769,0.755306
0.669876,0.538734,0.284472,0.274824
1.405197,0.144583,0.621815,0.328321
0.539167,0.497795,0.589538,0.910977
1.277924,0.048232,0.997163,0.732868
-0.737923,0.632714,0.372823,0.763877
1.126445,0.920643,0.213667,0.353177
0.400216,0.918357,0.533697,0.609022
1.885058,0.12693,0.855383,0.339042
1.061443,0.073576,0.61928,0.989146
0.807461,0.924723,0.253793,0.661566
1.052565,0.98992,0.814761,0.570576
0.400269,0.639041,0.719064,0.121374
2.561774,0.256505,0.292397,0.558073
-0.27861,0.964163,0.348859,0.922587
0.072513,0.936545,0.138865,0.022773
1.636583,0.483272,0.108679,0.020065
1.896014,0.165096,0.14649,0.602763
2.711991,0.299241,0.417211,0.429703
2.428979,0.300861,0.530073,0.365415
1.965395,0.350051,0.192226,0.268282
1.052182,0.373798,0.828065,0.758474
0.130225,0.495218,0.503035,0.805146
-0.038331,0.991579,0.301711,0.077013
-0.886944,0.623518,0.103707,0.782647
-0.150606,0.622774,0.475728,0.145712
0.354563,0.530595,0.155808,0.280083
1.49603,0.903786,0.569274,0.335237
0.228047,0.731175,0.984588,0.207943
-0.407595,0.75884,0.745634,0.026432
1.043636,0.493643,0.641476,0.059259
2.750828,0.193402,0.727434,0.292957
-0.693578,0.874098,0.361057,0.77637
0.427536,0.467218,0.992065,0.964105
0.254071,0.666074,0.9146,0.044771
1.087058,0.565217,0.898773,0.384266
2.386407,0.161745,0.753535,0.517194
1.550488,0.4357,0.563116,0.297377
0.726654,0.066273,0.697671,0.976201
1.039222,0.526533,0.04716,0.378982
0.413344,0.118705,0.100302,0.726131
1.781222,0.400794,0.853605,0.306616
0.381466,0.777792,0.961641,0.079125
0.186696,0.905906,0.970699,0.735115
1.638893,0.168477,0.325924,0.613738
0.094726,0.916604,0.462474,0.990076
0.448202,0.659463,0.135642,0.449333
0.755776,0.557345,0.156931,0.233051
1.754164,0.802984,0.880254,0.459621
1.777582,0.229919,0.295199,0.877403
2.243876,0.208835,0.811905,0.481233
2.778374,0.439951,0.105663,0.53332
1.641332,0.180239,0.674738,0.209416
1.99664,0.478387,0.692898,0.45961
0.266313,0.853097,0.748663,0.925614
-0.220139,0.688692,0.017006,0.187905
0.580588,0.035131,0.1129,0.14993
2.258374,0.193348,0.765354,0.321543
1.250338,0.452735,0.8651,0.720123
2.540955,0.385241,0.925776,0.376804
2.910037,0.359506,0.962902,0.263038
3.328255,0.287694,0.786115,0.582456
0.75055,0.509512,0.977707,0.07751
0.798618,0.432,0.200303,0.135331
1.841418,0.099682,0.375752,0.123965
0.493961,0.530745,0.305103,0.390687
2.014164,0.189973,0.795318,0.55914
0.102383,0.722821,0.706899,0.734841
1.564741,0.475076,0.466377,0.615246
-0.611584,0.690331,0.414698,0.104615
1.455629,0.008724,0.314524,0.295059
1.210399,0.232588,0.149094,0.600169
2.204423,0.310643,0.642042,0.616533
2.585471,0.189744,0.638202,0.484576
0.216043,0.013468,0.302077,0.660986
1.86313,0.345774,0.080782,0.56787
0.912492,0.819262,0.945165,0.453746
-0.165031,0.831414,0.456956,0.050097
1.187599,0.457854,0.655699,0.538193
0.787159,0.83899,0.091497,0.434066
0.771149,0.676444,0.953332,0.603377
1.449074,0.058272,0.067824,0.519333
-0.41521,0.713607,0.404677,0.657315
0.226838,0.867567,0.313348,0.06182
2.107298,0.28486,0.012978,0.647101
1.294095,0.954075,0.663919,0.209466
2.658371,0.102678,0.901491,0.958308
0.389372,0.017868,0.484368,0.77412
1.916973,0.286981,0.109268,0.34938
2.00141,0.988925,0.475691,0.371749
1.518678,0.055049,0.050682,0.499774
1.015747,0.21915,0.451191,0.984756
2.41774,0.51621,0.893594,0.191276
0.462737,0.89054,0.319522,0.472432
1.396463,0.423791,0.679598,0.367252
1.826989,0.219547,0.185418,0.441609
2.574237,0.165372,0.826751,0.506336
-0.826018,0.024852,0.262946,0.741024
1.838215,0.408006,0.786716,0.894593
0.430415,0.857641,0.134759,0.423251
0.71726,0.641803,0.083139,0.545185
0.893579,0.544805,0.934639,0.712994
1.463643,0.194135,0.220141,0.678902
0.031828,0.783251,0.890251,0.696461
-0.140854,0.71117,0.428209,0.866654
0.697461,0.002537,0.295086,0.507908
0.639297,0.070433,0.228903,0.032987
3.341896,0.257556,0.956308,0.277661
1.451152,0.205084,0.231706,0.003598
0.768445,0.889799,0.527662,0.66474
0.399521,0.902188,0.16709,0.003863
1.990868,0.514487,0.844142,0.369936
0.12209,0.714611,0.178171,0.097645
0.563726,0.822356,0.520518,0.116581
0.0834,0.806042,0.406426,0.6796
1.175059,0.082644,0.177521,0.698393
1.058539,0.30178,0.365692,0.869207
0.357093,0.76673,0.809964,0.553242
1.01224,0.199726,0.293454,0.772334
2.414419,0.237306,0.486235,0.430056
-0.021129,0.640048,0.038601,0.045924
0.651555,0.900363,0.593387,0.041538
1.155299,0.06389,0.723606,0.072599
0.421022,0.723998,0.079876,0.334852
1.735402,0.133751,0.414363,0.651318
-0.085264,0.439745,0.297983,0.833094
-0.610485,0.824392,0.228616,0.861547
-1.149884,0.712895,0.439997,0.769053
2.487766,0.354707,0.94978,0.26885
0.218194,0.762991,0.654676,0.87551
2.007721,0.207576,0.833731,0.887726
0.994102,0.453577,0.092702,0.089224
1.812196,0.374538,0.520914,0.522536
-0.724648,0.835782,0.58041,0.158514
1.639915,0.025284,0.603343,0.119397
1.373642,0.179633,0.798083,0.780566
0.527048,0.960733,0.554927,0.759613
3.015871,0.368569,0.974355,0.389523
1.169628,0.304881,0.397639,0.153594
1.638477,0.010549,0.473299,0.126988
2.375671,0.987355,0.792112,0.644311
1.379039,0.083291,0.19127,0.909517
0.352979,0.596191,0.139908,0.905732
2.168603,0.091126,0.094531,0.573687
1.184501,0.978812,0.687917,0.478394
0.520111,0.888575,0.450224,0.389748
1.554814,0.028935,0.647149,0.407578
1.283599,0.003686,0.861015,0.344692
0.531154,0.017426,0.346326,0.601936
2.270314,0.239674,0.45622,0.499494
-0.308312,0.721357,0.429501,0.678219
2.223566,0.274448,0.426928,0.506868
1.602118,0.451233,0.827767,0.757766
0.939737,0.614997,0.586412,0.357687
0.112618,0.7915,0.536636,0.144266
-1.179557,0.688085,0.070552,0.935383
1.166227,0.515182,0.893807,0.434301
0.555853,0.072306,0.621347,0.851926
1.289372,0.039018,0.709023,0.3108
0.490758,0.423391,0.09415,0.815342
-0.256771,0.984101,0.190806,0.669129
0.326991,0.434989,0.413449,0.52947
2.389113,0.193456,0.595716,0.059855
1.231003,0.376177,0.912555,0.966286
-0.047963,0.793175,0.792529,0.963567
0.936086,0.436681,0.88255,0.173404
1.532571,0.424661,0.037141,0.4879
1.991949,0.353571,0.644472,0.156339
-0.342626,0.680954,0.107999,0.809956
0.728077,0.831917,0.907571,0.990885
2.993585,0.290298,0.73438,0.340588
0.76869,0.995344,0.297338,0.054858
2.277934,0.274201,0.477117,0.745976
0.26034,0.880191,0.748416,0.175014
-0.340286,0.828927,0.133699,0.907247
0.818043,0.977719,0.554183,0.48332
0.993739,0.136893,0.329716,0.765284
0.345949,0.770137,0.4168,0.20801
1.357515,0.030426,0.355568,0.217589
1.06642,0.135915,0.127613,0.663204
-0.685148,0.883377,0.104437,0.76011
2.695388,0.114389,0.74597,0.650159
-0.783735,0.766118,0.052009,0.981916
-0.223953,0.702729,0.085457,0.15315
1.714313,0.440655,0.871632,0.02838
1.886031,0.241434,0.538393,0.635114
-0.519464,0.92381,0.165709,0.310168
0.613447,0.632203,0.928578,0.141305
0.601452,0.58025,0.333445,0.506026
0.280095,0.957024,0.668804,0.940517
-0.333727,0.799139,0.583287,0.000377
0.092218,0.579583,0.108823,0.655204
1.637894,0.41606,0.54922,0.329679
0.416573,0.926373,0.036648,0.641325
1.151427,0.4983,0.486209,0.573189
0.871417,0.005862,0.482055,0.018589
0.893337,0.522044,0.876319,0.579278
0.558236,0.253409,0.338198,0.847412
-0.196744,0.653704,0.55717,0.139547
1.851073,0.261717,0.009702,0.394608
2.369687,0.307906,0.363961,0.222773
1.230872,0.798055,0.923816,0.66047
1.270974,0.484386,0.369188,0.846159
-0.175085,0.729763,0.012507,0.141477
0.66935,0.964904,0.554884,0.705702
2.013013,0.108802,0.846641,0.583719
2.422734,0.099251,0.914902,0.212022
2.463938,0.193402,0.171127,0.262326
1.438937,0.278507,0.038887,0.834814
1.545481,0.161608,0.451076,0.145347
-0.458604,0.893318,0.413377,0.795865
2.679794,0.240187,0.735725,0.46486
4.235129,0.212517,0.777348,0.499643
-0.467069,0.69791,0.970544,0.815634
0.295194,0.865961,0.224852,0.279895
2.449387,0.146139,0.894447,0.101267
0.170774,0.876022,0.343383,0.96135
0.229942,0.528898,0.779021,0.014831
1.814543,0.400115,0.139285,0.241989
2.022792,0.171269,0.624596,0.259083
-0.258637,0.763008,0.839927,0.540633
1.912793,0.421567,0.146863,0.388816
2.634456,0.438827,0.649744,0.390172
-0.510039,0.786064,0.137593,0.618522
1.788506,0.450097,0.971033,0.866222
1.276796,0.420366,0.985881,0.965721
1.673108,0.428051,0.876362,0.244234
1.540443,0.611004,0.968907,0.634588
1.592526,0.606829,0.850356,0.281655
2.757143,0.332868,0.83291,0.108907
2.423346,0.240263,0.335997,0.522028
2.622913,0.378045,0.99684,0.621073
-0.25889,0.770603,0.435884,0.740832
1.850645,0.90018,0.78278,0.333955
1.587026,0.053106,0.193823,0.228982
1.437196,0.857444,0.68346,0.590516
0.237261,0.763644,0.077861,0.380263
1.953056,0.347355,0.777147,0.097646
1.369541,0.52616,0.543399,0.84681
0.609619,0.0532,0.402182,0.050876
-0.124032,0.828493,0.170467,0.809138
0.515766,0.433215,0.244873,0.892135
0.555025,0.689742,0.908483,0.881853
1.273114,0.459094,0.840414,0.595878
0.027895,0.734828,0.339563,0.315474
2.936317,0.351296,0.325661,0.510708
1.781635,0.489148,0.971298,0.855333
0.279345,0.521412,0.419918,0.075789
0.533199,0.555916,0.907095,0.089841
-0.144858,0.745149,0.113395,0.731069
-1.011127,0.714323,0.09609,0.8444
2.856766,0.181019,0.487953,0.439734
1.308959,0.538156,0.906748,0.478781
0.300918,0.611371,0.350219,0.409807
0.299102,0.804986,0.243367,0.281357
0.983698,0.628514,0.887584,0.209772
1.82824,0.088249,0.2915,0.169263
1.998041,0.456603,0.935685,0.880951
-1.059278,0.671627,0.207438,0.101933
0.261099,0.516524,0.629108,0.94356
1.578223,0.57677,0.871577,0.500461
-0.507949,0.892056,0.450344,0.74732
1.352968,0.41579,0.091442,0.037523
1.508782,0.313013,0.42407,0.807189
-0.122365,0.52542,0.257462,0.919976
2.12244,0.209845,0.497098,0.481906
0.152941,0.873509,0.561158,0.137477
0.031846,0.857466,0.268057,0.31724
2.132977,0.066144,0.803793,0.604604
1.693819,0.325327,0.476329,0.990966
1.283364,0.927245,0.008025,0.495726
0.251742,0.552426,0.687214,0.896064
1.444249,0.195776,0.366457,0.548212
0.492069,0.376241,0.36494,0.197866
1.881761,0.460933,0.163139,0.503982
1.370099,0.372964,0.668943,0.182564
0.332691,0.971206,0.018033,0.037511
2.357474,0.233335,0.766701,0.402495
0.369026,0.948402,0.542167,0.360664
0.941336,0.104439,0.070311,0.811894
1.875281,0.379751,0.279263,0.255104
0.588255,0.199566,0.801313,0.850907
1.871345,0.54235,0.825699,0.438794
0.237171,0.441616,0.64176,0.08897
0.606304,0.47181,0.143753,0.571642
0.436196,0.816285,0.644184,0.595818
1.630317,0.265906,0.154027,0.642874
0.629038,0.939784,0.741099,0.807553
1.97033,0.202219,0.354489,0.824348
0.11942,0.552781,0.110108,0.987016
2.872751,0.40332,0.810226,0.300874
1.609683,0.434657,0.325133,0.2984
-0.006563,0.932673,0.094748,0.030483
0.67615,0.638623,0.798036,0.63583
1.706955,0.29924,0.571399,0.492915
0.753699,0.514382,0.167938,0.421227
-0.924546,0.861822,0.112962,0.003503
0.938356,0.571467,0.209767,0.128189
1.005912,0.230171,0.137287,0.179994
0.230114,0.906401,0.514332,0.38346
1.30666,0.279965,0.130926,0.474923
2.204306,0.180788,0.99796,0.217269
0.798508,0.903897,0.683345,0.261962
0.087823,0.517954,0.64653,0.833711
1.938326,0.260465,0.902161,0.945537
0.289104,0.741318,0.529199,0.781144
-0.290161,0.74887,0.645785,0.787029
1.560884,0.084287,0.591951,0.564227
0.945961,0.621268,0.487155,0.572578
1.495168,0.375087,0.597874,0.628017
2.740437,0.294189,0.805543,0.687698
1.720259,0.480994,0.278545,0.637406
1.061354,0.635734,0.117297,0.294509
2.265892,0.307453,0.620483,0.56886
0.342619,0.860574,0.889761,0.620257
2.093839,0.279047,0.062188,0.161218
1.731759,0.337529,0.337643,0.605761
2.022934,0.277749,0.716905,0.180255
1.771141,0.134457,0.366318,0.148727
0.668449,0.855338,0.775597,0.176916
1.928565,0.431791,0.838524,0.425215
2.938506,0.385462,0.934656,0.437264
1.052069,0.498696,0.203668,0.17539
1.850149,0.568026,0.882932,0.53696
1.201143,0.909812,0.9051,0.305198
1.048834,0.031158,0.82548,0.444257
0.809938,0.94443,0.341017,0.146164
1.508538,0.342137,0.790442,0.966832
0.906084,0.014342,0.133922,0.132299
0.726629,0.479622,0.658467,0.613087
1.01232,0.324744,0.024617,0.750795
0.799813,0.891944,0.86459,0.662699
1.569972,0.282966,0.101775,0.517716
1.263584,0.821412,0.826564,0.746144
-0.476426,0.649502,0.099672,0.378091
1.787163,0.26042,0.843724,0.732258
1.31398,0.209118,0.689973,0.830701
0.624914,0.987045,0.067834,0.849485
0.47576,0.957744,0.585209,0.136803
1.11977,0.614322,0.946178,0.234665
-0.076948,0.708316,0.288239,0.778317
-0.140473,0.014077,0.720598,0.801683
2.75591,0.218008,0.531073,0.367686
0.924556,0.970638,0.379037,0.280163
3.50993,0.129441,0.788539,0.511118
1.350609,0.088151,0.579786,0.411975
1.413248,0.918787,0.918187,0.318069
-0.665041,0.671223,0.348761,0.698037
1.998383,0.44081,0.402916,0.440136
0.007663,0.574531,0.816788,0.213958
2.220043,0.283674,0.931588,0.589277
2.213006,0.272705,0.017899,0.541506
3.141403,0.210636,0.927059,0.499358
1.953443,0.278129,0.365966,0.385949
1.301117,0.454549,0.77446,0.144787
1.392911,0.438179,0.425976,0.730377
1.582586,0.413387,0.756109,0.171715
0.000652,0.592996,0.162587,0.761608
2.379291,0.303105,0.403869,0.13693
-0.655669,0.733437,0.207871,0.518939
0.678131,0.854862,0.478772,0.368275
1.273724,0.868718,0.472168,0.261051
0.442959,0.81733,0.484575,0.837707
0.015373,0.653136,0.002209,0.890303
1.307341,0.398273,0.029275,0.254712
1.249424,0.030037,0.974715,0.396004
-0.031204,0.710355,0.726291,0.049687
1.982882,0.174318,0.661786,0.064702
-0.123982,0.371899,0.477332,0.981494
0.42062,0.841312,0.342795,0.284612
2.117427,0.032166,0.986937,0.039499
-0.204239,0.924248,0.925592,0.896776
0.222464,0.797234,0.530924,0.320156
1.350072,0.075463,0.999009,0.044141
0.644316,0.59409,0.316279,0.468329
0.509215,0.715084,0.461313,0.495927
2.367607,0.121423,0.6712,0.046575
1.855133,0.139544,0.23816,0.721079
2.424545,0.319981,0.167026,0.084737
1.031527,0.083224,0.193609,0.624252
0.42051,0.091053,0.101204,0.067342
1.143638,0.028537,0.206575,0.811256
0.329216,0.943934,0.003389,0.428409
0.762837,0.514711,0.969983,0.90401
2.140899,0.226149,0.893918,0.152897
2.313025,0.307534,0.988981,0.738608
-0.365672,0.700587,0.909799,0.842611
2.081361,0.282591,0.779751,0.856498
0.776162,0.530528,0.815254,0.735178
1.652068,0.909977,0.992072,0.164495
1.244075,0.263315,0.67442,0.675627
0.38521,0.858347,0.321849,0.227617
0.210884,0.958945,0.073872,0.121458
0.652088,0.722406,0.990542,0.826974
0.021212,0.884232,0.781927,0.865001
-0.374176,0.881466,0.611597,0.74969
1.261404,0.111279,0.758267,0.725899
1.055524,0.939617,0.410656,0.384246
-0.504326,0.597766,0.255574,0.26021
-0.153465,0.643457,0.812567,0.854146
1.616729,0.406849,0.002471,0.590793
1.473139,0.489778,0.68171,0.463745
0.024333,0.921859,0.79198,0.040384
0.771929,0.981476,0.609183,0.818525
1.07192,0.157356,0.389449,0.20309
-0.057712,0.745811,0.039441,0.288944
-0.680829,0.713045,0.268223,0.198383
1.378355,0.161571,0.026719,0.711685
1.61106,0.927571,0.970737,0.583439
0.505119,0.469187,0.542893,0.795928
3.06718,0.298601,0.982986,0.536278
0.564011,0.049109,0.263436,0.955246
2.156382,0.24131,0.517329,0.381205
2.289533,0.87446,0.963904,0.275249
1.703957,0.430087,0.320597,0.403872
1.202145,0.336464,0.788672,0.826635
1.305908,0.499392,0.239608,0.426119
-0.807212,0.623643,0.343633,0.738834
0.027836,0.732784,0.959821,0.524735
-0.403307,0.003896,0.099357,0.725227
1.284054,0.074556,0.991048,0.107018
2.592939,0.198265,0.978907,0.217046
1.30873,0.357845,0.261187,0.817785
1.575853,0.306143,0.501429,0.870675
0.719046,0.414839,0.121451,0.402028
1.103726,0.669871,0.821208,0.281145
0.185325,0.308037,0.222735,0.912274
1.56729,0.182114,0.538804,0.74968
0.766279,0.9776,0.295086,0.673939
1.041405,0.093265,0.431909,0.97542
-0.526423,0.68964,0.772337,0.1515
0.524031,0.429395,0.036737,0.494947
0.64084,0.828928,0.829921,0.35483
1.509773,0.960606,0.696288,0.669584
-1.52061,0.715086,0.152909,0.844334
-0.191943,0.705119,0.426509,0.138339
2.11742,0.178799,0.902597,0.095875
0.302679,0.376498,0.178547,0.94093
0.540253,0.901311,0.657155,0.662164
0.212442,0.905792,0.302742,0.610195
2.021044,0.159114,0.706597,0.631976
-0.160037,0.751721,0.767447,0.650112
2.358443,0.200542,0.830991,0.726471
0.393501,0.841399,0.547077,0.662279
-0.05408,0.430391,0.23271,0.779958
2.422566,0.281053,0.838504,0.456639
1.286577,0.12499,0.404186,0.748601
1.702675,0.25321,0.324646,0.212861
1.200924,0.962215,0.841875,0.557923
0.001681,0.720138,0.119779,0.661252
0.542557,0.922008,0.444084,0.244322
1.787579,0.183959,0.468323,0.666389
0.232177,0.572223,0.545293,0.910372
1.478582,0.31146,0.621532,0.038901
-0.700645,0.829769,0.2373,0.993843
1.73956,0.142797,0.633724,0.940065
2.427188,0.204877,0.887857,0.796877
1.642738,0.341807,0.470882,0.086408
2.533589,0.500065,0.946402,0.623844
0.102839,0.606856,0.39259,0.830808
0.134807,0.838398,0.508851,0.002706
1.808451,0.280425,0.431431,0.422254
2.670017,0.333276,0.922227,0.894024
-0.389875,0.707705,0.86809,0.981079
0.581425,0.771301,0.649826,0.450624
0.183513,0.70212,0.167248,0.727495
1.803701,0.244342,0.249415,0.308918
-0.259566,0.047776,0.033278,0.987869
1.939706,0.500622,0.811009,0.325383
0.970114,0.389895,0.042231,0.092756
0.205892,0.637201,0.526661,0.51777
1.779715,0.10343,0.470457,0.31114
1.802158,0.479132,0.940327,0.031338
0.492764,0.365475,0.503819,0.710616
-0.011087,0.761711,0.374264,0.211132
1.357244,0.573795,0.830253,0.155131
0.69409,0.98514,0.569525,0.07056
0.97037,0.213811,0.522125,0.867503
0.720335,0.545783,0.780853,0.3349
1.718814,0.974534,0.832283,0.288072
0.976982,0.583104,0.789294,0.441681
-1.150102,0.786154,0.174809,0.75581
-0.910924,0.731185,0.10755,0.027185
2.910278,0.356467,0.6948,0.497331
2.62263,0.127196,0.68831,0.312212
0.511482,0.57978,0.800297,0.698164
-0.505747,0.665376,0.501222,0.823536
1.693658,0.906053,0.949135,0.60523
1.617208,0.932915,0.833835,0.452963
0.325686,0.066778,0.597325,0.004453
1.796012,0.532843,0.516802,0.431686
1.130863,0.981975,0.627403,0.265372
-0.18635,0.859705,0.117756,0.140953
1.221941,0.40046,0.83986,0.895264
1.974125,0.04256,0.631578,0.469145
0.667168,0.034965,0.577611,0.297796
-0.325315,0.703448,0.182639,0.087364
1.505104,0.156004,0.965654,0.784501
2.449947,0.188705,0.938056,0.221315
-0.401064,0.783295,0.381267,0.199612
1.927645,0.185073,0.977891,0.786137
2.230227,0.393329,0.757599,0.069673
1.244491,0.117545,0.505435,0.711142
2.304749,0.397777,0.42164,0.428846
0.568263,0.524086,0.409044,0.579112
-0.390932,0.613967,0.339225,0.780904
1.413693,0.084067,0.469724,0.789216
0.595751,0.070549,0.783992,0.9907
1.151844,0.499499,0.773717,0.720422
0.636774,0.919741,0.0775,0.583087
0.735597,0.965035,0.58394,0.235086
0.04635,0.845485,0.484815,0.722797
1.59438,0.268188,0.103963,0.699364
0.854889,0.845307,0.881326,0.631541
-0.843466,0.902377,0.135206,0.123226
0.313287,0.682046,0.952816,0.364048
1.760525,0.29881,0.402202,0.472333
0.56909,0.772166,0.422645,0.523748
1.004929,0.524427,0.58052,0.957562
0.906153,0.273267,0.07053,0.868549
1.838761,0.129327,0.625695,0.362078
2.126786,0.177241,0.64804,0.30422
1.965981,0.131404,0.875534,0.726592
2.467615,0.379693,0.684879,0.338791
-0.02728,0.354719,0.411265,0.94958
0.809494,0.857234,0.986732,0.400258
0.746489,0.435829,0.172796,0.678423
-0.763959,0.660641,0.044579,0.953429
1.319156,0.437369,0.850865,0.731595
2.499806,0.257906,0.59616,0.492984
-1.059015,0.774376,0.700701,0.81524
0.854339,0.361629,0.356253,0.644588
2.597053,0.369997,0.556678,0.3197
2.340973,0.356219,0.673175,0.244954
-0.189946,0.645139,0.422605,0.837011
1.093061,0.096124,0.579322,0.992843
2.009322,0.185367,0.792291,0.146109
0.430261,0.568739,0.583361,0.898628
3.055186,0.390262,0.362655,0.459971
0.470779,0.687854,0.817222,0.455406
2.212656,0.383351,0.578591,0.433821
-0.775712,0.586996,0.017596,0.795742
0.449595,0.510862,0.015296,0.501443
0.90884,0.323807,0.159544,0.545659
2.074627,0.382344,0.982397,0.131644
1.020993,0.994507,0.966125,0.763618
1.87551,0.307802,0.349294,0.168112
0.645642,0.484859,0.462387,0.986894
2.026841,0.194018,0.066159,0.467014
1.705082,0.257431,0.255274,0.973466
1.919997,0.271934,0.274891,0.288753
2.181815,0.337519,0.818975,0.609207
1.330357,0.415345,0.765748,0.731038
1.01168,0.438497,0.20722,0.835498
0.673815,0.673907,0.894867,0.716923
1.517544,0.337235,0.576647,0.823538
2.671158,0.269017,0.365131,0.048775
2.428593,0.183834,0.245561,0.474802
1.057334,0.444459,0.60918,0.761896
1.162453,0.596774,0.23464,0.151268
1.959642,0.273723,0.189299,0.288578
0.819868,0.600368,0.331043,0.554335
1.972838,0.373268,0.810167,0.949944
1.517243,0.350233,0.997236,0.897245
-0.165938,0.551812,0.591323,0.843981
1.20866,0.892593,0.689053,0.39761
0.765781,0.431736,0.438638,0.665189
0.416747,0.017945,0.510649,0.064747
1.741591,0.106986,0.017574,0.562776
0.046535,0.912496,0.290917,0.182371
1.824196,0.246698,0.177512,0.922811
1.127625,0.898018,0.547725,0.167109
0.051324,0.971879,0.605811,0.621387
-0.979443,0.831284,0.192932,0.146844
0.627622,0.746635,0.834822,0.103261
1.126246,0.858245,0.926348,0.325335
1.574613,0.230768,0.099331,0.91418
1.91414,0.037084,0.981641,0.36092
1.404251,0.410775,0.005651,0.101324
0.896471,0.586831,0.457513,0.541276
1.554531,0.106409,0.743402,0.269977
0.510645,0.960367,0.763489,0.889548
0.168038,0.010454,0.19261,0.608904
0.704337,0.897915,0.556164,0.386773
1.318532,0.004974,0.625684,0.9497
0.466771,0.137958,0.039607,0.005771
-0.282184,0.932649,0.005081,0.818519
1.008808,0.002038,0.833773,0.741028
0.950413,0.889953,0.912931,0.632772
1.675193,0.369272,0.104623,0.370584
0.995075,0.538236,0.688172,0.541209
1.221721,0.51091,0.158125,0.610979
-0.492518,0.683344,0.945358,0.888127
2.207671,0.121991,0.701397,0.040138
1.691185,0.491501,0.379366,0.390576
0.993516,0.123527,0.279071,0.980011
-0.060812,0.932686,0.57506,0.258611
-0.014542,0.648248,0.653956,0.163349
2.466465,0.368285,0.655541,0.347713
1.905512,0.362122,0.980133,0.829583
2.832486,0.29961,0.8732,0.433722
0.986118,0.082751,0.848359,0.814999
1.656621,0.294857,0.460224,0.530381
-0.966867,0.67079,0.502805,0.852812
1.335226,0.063783,0.628416,0.333981
2.348169,0.092434,0.671609,0.345543
1.560316,0.242344,0.658799,0.135035
1.913626,0.488376,0.652899,0.285305
-0.748589,0.961395,0.340653,0.956598
0.721076,0.533267,0.170668,0.533214
0.467834,0.799835,0.648202,0.153512
0.905583,0.864611,0.285644,0.263068
3.293777,0.319218,0.960426,0.226109
2.550871,0.143528,0.992118,0.658353
1.011254,0.214682,0.346522,0.074352
2.699507,0.334237,0.849355,0.53584
0.892948,0.053175,0.191461,0.213085
1.219374,0.254119,0.549725,0.039482
-0.717437,0.486967,0.315171,0.960059
0.979589,0.003567,0.472173,0.157593
1.847907,0.273272,0.144535,0.798759
1.818904,0.358147,0.160105,0.241009
2.399785,0.267976,0.707679,0.689883
0.190894,0.714142,0.729878,0.128829
-0.741866,0.897518,0.31191,0.885148
2.287222,0.115586,0.888947,0.220927
-0.067056,0.898605,0.479477,0.855515
-0.96601,0.779298,0.570936,0.908561
0.731896,0.68133,0.851188,0.813988
0.460412,0.929992,0.058332,0.56476
-1.139509,0.775004,0.633292,0.899271
-0.389955,0.710993,0.433776,0.827453
1.08415,0.144457,0.060767,0.309333
-0.620991,0.782955,0.70463,0.863147
0.202776,0.575647,0.397215,0.366826
0.040913,0.612935,0.533223,0.654567
0.606782,0.507603,0.601109,0.265848
-0.34271,0.635007,0.024068,0.341827
1.107503,0.03224,0.382854,0.425228
1.268496,0.223873,0.073255,0.742088
-0.189068,0.832538,0.915722,0.820674
0.94311,0.284959,0.360988,0.979484
1.837787,0.412498,0.139305,0.463983
1.149288,0.167722,0.959451,0.949742
0.389776,0.029469,0.41977,0.454578
0.775093,0.498743,0.292054,0.454227
0.46613,0.921618,0.628331,0.321569
-0.320569,0.733498,0.213605,0.117785
-0.702677,0.561951,0.652311,0.930842
1.609751,0.081492,0.375657,0.248337
0.863598,0.802603,0.487711,0.461917
1.310749,0.869061,0.870885,0.601768
0.311657,0.78632,0.724225,0.129263
0.173302,0.8473,0.279508,0.097333
0.73052,0.996513,0.808267,0.987094
-0.25769,0.893385,0.204572,0.09004
1.346791,0.340166,0.910868,0.004607
-0.160546,0.59199,0.777574,0.964173
1.507781,0.066765,0.795989,0.805004
0.483577,0.959144,0.44986,0.823338
-0.315587,0.899647,0.779128,0.838796
-0.821766,0.646905,0.580641,0.181869
1.797744,0.346064,0.654637,0.582331
2.614295,0.334972,0.749195,0.782394
0.130831,0.717608,0.605148,0.96332
2.198008,0.180878,0.612323,0.681748
1.047243,0.832336,0.928443,0.088442
-0.036873,0.588298,0.083241,0.055925
1.836097,0.410525,0.878038,0.896144
1.296269,0.551762,0.633326,0.033589
1.06212,0.03254,0.368818,0.336781
0.021086,0.082721,0.108941,0.845413
0.271127,0.988967,0.062559,0.706874
0.838635,0.666539,0.786788,0.315962
1.876891,0.435219,0.267265,0.263565
1.752488,0.269524,0.337705,0.235573
-0.25859,0.46898,0.280749,0.736032
1.613453,0.933273,0.907945,0.585005
2.627579,0.119392,0.902211,0.619188
1.525162,0.332724,0.202377,0.704333
1.738949,0.244631,0.701986,0.751439
-0.795191,0.755993,0.056613,0.676472
1.072759,0.9943,0.621313,0.671384
-0.264605,0.71266,0.43658,0.4612
0.867266,0.002452,0.573188,0.302343
0.832036,0.98878,0.673651,0.845765
-1.103445,0.654678,0.31446,0.982763
1.597567,0.280379,0.224539,0.150402
0.145724,0.61187,0.857683,0.830844
2.974914,0.2902,0.87225,0.351547
1.772867,0.276256,0.063491,0.537894
0.84333,0.080133,0.748771,0.841945
1.120054,0.956241,0.024821,0.594946
1.136621,0.248816,0.632581,0.132525
-1.858232,0.759228,0.066372,0.790746
0.888868,0.032465,0.632534,0.513899
1.084091,0.318435,0.058233,0.997455
-0.372257,0.002085,0.119902,0.013549
0.492969,0.97593,0.022832,0.444932
2.672677,0.098638,0.309295,0.555677
-0.128888,0.82599,0.389548,0.244635
0.248989,0.926811,0.249852,0.601245
0.441166,0.709679,0.749036,0.944839
0.03912,0.554465,0.372802,0.252327
-0.426817,0.598133,0.511461,0.962328
-0.05583,0.808395,0.000171,0.25381
0.125206,0.614072,0.100573,0.764682
0.842376,0.825021,0.282754,0.574097
-0.01948,0.576413,0.260865,0.668622
0.780677,0.026229,0.691793,0.389844
1.631491,0.446333,0.913049,0.722718
1.109438,0.418327,0.056054,0.751669
0.518422,0.49896,0.243662,0.209446
1.616039,0.032597,0.599743,0.436444
-0.434013,0.66683,0.560413,0.820264
0.453227,0.649903,0.396321,0.163244
0.701763,0.69708,0.864487,0.694171
1.928329,0.323719,0.507947,0.302248
1.48419,0.019508,0.580878,0.00641
-0.568836,0.863533,0.481739,0.164713
1.575802,0.319458,0.401825,0.921093
-0.470263,0.675311,0.212079,0.811082
2.008004,0.398772,0.9031,0.546292
1.424686,0.568341,0.609536,0.318831
1.06957,0.026416,0.557854,0.430845
0.447302,0.885069,0.284878,0.347631
1.057982,0.33645,0.601328,0.635608
1.653247,0.417008,0.636565,0.542349
0.405557,0.808266,0.986855,0.970107
0.819753,0.631732,0.382084,0.500853
0.517806,0.571554,0.063237,0.198004
1.097693,0.845617,0.969872,0.14562
2.438985,0.120808,0.842509,0.172985
1.393065,0.325278,0.477977,0.851724
2.10704,0.103835,0.700902,0.780916
1.186541,0.070381,0.177794,0.088662
0.853356,0.388822,0.680893,0.718203
0.466188,0.770966,0.423881,0.096633
2.357811,0.15929,0.120634,0.568527
2.323007,0.083873,0.715108,0.596427
0.615212,0.560459,0.704995,0.79035
3.079294,0.222527,0.918493,0.777373
-1.247393,0.760322,0.30365,0.699915
-0.065998,0.605224,0.415034,0.909418
0.500481,0.641092,0.806926,0.524981
0.195701,0.906859,0.118177,0.955724
0.754251,0.941623,0.07516,0.425738
-0.73804,0.857059,0.423238,0.975003
1.151545,0.919395,0.867755,0.23104
0.933624,0.418538,0.537682,0.713238
2.737324,0.180355,0.629365,0.21629
0.775088,0.882497,0.994759,0.520292
-0.169779,0.875245,0.627206,0.783896
1.288281,0.55922,0.068025,0.377034
1.222832,0.439554,0.183582,0.19272
-0.485002,0.77486,0.277935,0.991152
1.893447,0.305215,0.160485,0.577346
0.913552,0.035928,0.373918,0.810182
0.337569,0.429132,0.157907,0.900702
-0.36751,0.754293,0.329101,0.527112
0.732778,0.498132,0.05449,0.937674
1.212486,0.512366,0.439784,0.223537
1.495983,0.263215,0.838959,0.954001
2.005476,0.963974,0.9077,0.733515
0.317253,0.420779,0.021377,0.972378
0.210211,0.421712,0.327487,0.270858
-0.328013,0.755767,0.58565,0.291624
1.455436,0.049366,0.577019,0.298036
1.309268,0.876222,0.886372,0.429073
0.229251,0.518922,0.313971,0.739043
2.245719,0.34106,0.867179,0.840109
0.471303,0.088807,0.272091,0.009265
0.830102,0.847361,0.903794,0.777989
2.066722,0.503816,0.625189,0.553251
1.310176,0.558886,0.806281,0.211337
2.016565,0.418505,0.414568,0.89076
1.135759,0.09168,0.566046,0.943095
0.327308,0.510795,0.405825,0.858473
2.423639,0.390485,0.503824,0.422482
1.597461,0.357344,0.167104,0.855399
0.456597,0.873651,0.435886,0.293368
1.968642,0.43851,0.593422,0.650234
0.221994,0.669452,0.503131,0.26293
1.43472,0.471719,0.348681,0.175387
-0.587508,0.861055,0.185907,0.968747
0.822398,0.854279,0.448278,0.52816
1.615439,0.157969,0.355449,0.680699
1.272197,0.269796,0.34519,0.123774
1.882974,0.040999,0.922904,0.091816
1.200757,0.780832,0.905647,0.093968
0.007578,0.719559,0.610719,0.119808
1.172444,0.043687,0.055268,0.353468
-0.077568,0.670318,0.108035,0.525996
-0.457676,0.869877,0.097177,0.125319
0.313656,0.019161,0.017191,0.880494
2.175407,0.24529,0.734024,0.810685
1.218332,0.367849,0.392773,0.231133
0.722393,0.351632,0.027058,0.185886
1.539623,0.322976,0.600323,0.072652
-0.422528,0.507456,0.150486,0.923745
2.636477,0.190935,0.970684,0.377053
2.644578,0.427051,0.614444,0.695602
2.135419,0.175455,0.753317,0.149455
0.326091,0.691582,0.626658,0.311318
0.953194,0.562803,0.238287,0.568837
0.845548,0.699328,0.767626,0.2818
2.287766,0.258599,0.110267,0.405649
1.882346,0.481684,0.951728,0.591926
1.333256,0.16113,0.111095,0.208953
0.251402,0.611779,0.633375,0.366322
-0.075205,0.960566,0.005056,0.767707
-0.29499,0.920636,0.412036,0.071589
1.300111,0.988734,0.777342,0.494944
0.826639,0.570209,0.915388,0.113664
0.623865,0.655756,0.765167,0.214973
0.729677,0.648589,0.776238,0.448296
1.806842,0.212048,0.568617,0.255512
0.913742,0.669652,0.848476,0.684543
-0.102407,0.912515,0.320255,0.980946
1.68675,0.371211,0.341474,0.545375
1.988737,0.131531,0.401542,0.637065
1.942147,0.24491,0.453876,0.551231
1.249393,0.453496,0.539906,0.2385
1.251494,0.375768,0.580718,0.930101
0.028665,0.799434,0.041112,0.454979
0.079977,0.558162,0.036543,0.072691
0.879609,0.383097,0.380601,0.600853
1.558779,0.406702,0.301422,0.293146
0.13145,0.764936,0.2638,0.239129
2.433985,0.218059,0.914752,0.076292
1.579923,0.402064,0.023381,0.320314
0.816012,0.92513,0.592903,0.452636
-0.502869,0.770881,0.589019,0.845402
0.606954,0.845812,0.322462,0.531514
1.076668,0.423186,0.369136,0.557131
1.710149,0.542409,0.799422,0.127215
1.076175,0.231757,0.17896,0.053663
0.404639,0.542633,0.51715,0.016429
0.293798,0.621872,0.615499,0.027786
1.001002,0.890748,0.93747,0.643619
2.684595,0.26319,0.650379,0.487822
-0.078157,0.621421,0.378361,0.690051
0.988996,0.879959,0.145463,0.354033
1.940553,0.305533,0.957324,0.04925
0.740158,0.66879,0.730995,0.00382
-0.51874,0.00522,0.557479,0.967415
0.290773,0.774874,0.992261,0.171748
1.362649,0.51982,0.698187,0.213508
0.56003,0.497517,0.09327,0.139819
-0.543871,0.932836,0.528883,0.941677
0.460343,0.693968,0.765308,0.089561
0.083166,0.515112,0.291648,0.780758
0.991521,0.219501,0.185105,0.832823
0.441962,0.581854,0.467645,0.614809
1.564137,0.25144,0.208584,0.526567
1.810103,0.111337,0.802309,0.794552
0.662953,0.950587,0.503196,0.042503
1.313409,0.672514,0.903468,0.30826
0.984408,0.153668,0.196143,0.720632
2.451497,0.300988,0.633178,0.531423
0.449793,0.800221,0.870041,0.142244
0.010625,0.619061,0.517682,0.608253
1.35479,0.321186,0.414603,0.783211
0.617014,0.626433,0.506096,0.205206
-0.675703,0.714375,0.560257,0.979748
0.118574,0.930819,0.258317,0.036263
0.753559,0.974306,0.659179,0.773731
2.227339,0.171146,0.583526,0.229598
2.094035,0.238131,0.312741,0.014626
0.22019,0.696324,0.643,0.725673
1.117347,0.392537,0.714038,0.014281
0.438219,0.60566,0.777732,0.716292
1.673791,0.949445,0.159965,0.655977
-0.833771,0.831736,0.139894,0.067475
0.635306,0.952176,0.112633,0.206818
1.424102,0.378574,0.185957,0.723682
0.850578,0.291183,0.179192,0.893377
1.319959,0.463143,0.949369,0.072658
-0.067872,0.836907,0.095839,0.349571
1.556709,0.086245,0.903727,0.173601
1.240669,0.353178,0.046892,0.364718
0.493084,0.323826,0.555745,0.738927
1.361945,0.004596,0.612046,0.32884
1.543741,0.426783,0.64204,0.570322
1.958393,0.234607,0.610357,0.020571
1.505754,0.155517,0.611433,0.015913
0.875638,0.635915,0.367272,0.320216
1.073506,0.891853,0.882576,0.506276
1.30242,0.051991,0.457197,0.489435
1.572947,0.03129,0.530561,0.065177
2.01561,0.23325,0.286278,0.475547
0.792687,0.950622,0.092848,0.574788
1.739553,0.108949,0.931039,0.758552
0.326422,0.558394,0.586214,0.879793
-0.414101,0.77693,0.276356,0.534245
2.771158,0.203155,0.656609,0.406839
0.846793,0.85159,0.834356,0.444196
-0.330838,0.831324,0.192206,0.66257
-0.776562,0.861462,0.31008,0.048582
0.914454,0.033492,0.201234,0.369852
0.686257,0.976932,0.634433,0.215995
0.127218,0.779407,0.148276,0.359013
1.81331,0.40473,0.785394,0.259395
0.151935,0.755873,0.940332,0.180296
0.639689,0.443567,0.486516,0.789642
1.490333,0.264115,0.357179,0.005799
1.086434,0.531027,0.369797,0.33976
2.029409,0.228613,0.955644,0.880955
1.264907,0.42155,0.289617,0.345435
-0.06093,0.551424,0.049964,0.021229
0.70095,0.610139,0.893468,0.112812
0.671397,0.841992,0.677176,0.371751
0.357147,0.940439,0.334156,0.659032
2.422007,0.119081,0.956973,0.147699
1.048464,0.45234,0.062927,0.116804
0.700007,0.852454,0.879387,0.102986
0.076661,0.884048,0.005236,0.649174
1.456267,0.329462,0.295434,0.556653
1.692967,0.455684,0.153785,0.299338
-0.421388,0.67333,0.153986,0.416563
2.916398,0.158842,0.72095,0.792316
2.01818,0.23998,0.716039,0.118512
1.60304,0.284321,0.237649,0.284651
0.088037,0.904221,0.145959,0.882092
0.110253,0.409092,0.671857,0.545164
1.20852,0.167969,0.058738,0.786521
-0.185795,0.550579,0.59689,0.637477
1.876459,0.045322,0.318749,0.766124
0.539436,0.690235,0.603157,0.651018
1.032922,0.346419,0.260057,0.463034
-0.594116,0.623256,0.516421,0.747025
0.815692,0.351994,0.416703,0.932143
1.844829,0.128176,0.911786,0.35233
0.973796,0.685831,0.760261,0.50488
0.219219,0.999168,0.144319,0.457846
0.795718,0.117368,0.669306,0.184539
1.567643,0.142812,0.777543,0.05679
1.111146,0.228815,0.059451,0.03054
1.845967,0.16754,0.800182,0.103527
0.389463,0.610814,0.463766,0.3076
-0.980918,0.878702,0.307641,0.742142
1.644395,0.300656,0.135907,0.253175
2.088099,0.506419,0.708825,0.615525
-0.381075,0.956324,0.231848,0.034414
0.430472,0.819829,0.459596,0.120856
1.707103,0.288361,0.237999,0.91212
0.601741,0.971212,0.81541,0.167119
2.037989,0.380472,0.649836,0.463093
-0.047712,0.698221,0.219592,0.248418
1.503148,0.308247,0.024219,0.009587
2.365687,0.357117,0.502726,0.437394
0.054956,0.643162,0.497481,0.248741
-0.270768,0.764786,0.629776,0.692822
1.264924,0.379585,0.614047,0.12883
0.633294,0.872529,0.087991,0.381616
2.268817,0.954574,0.878611,0.423588
1.488823,0.441816,0.536389,0.490119
0.802485,0.981893,0.206588,0.383154
0.873283,0.749135,0.010858,0.267771
1.860065,0.126259,0.524116,0.387655
-0.250911,0.799163,0.403606,0.230194
0.190691,0.942279,0.537143,0.164569
-0.101357,0.58678,0.922996,0.899835
-1.13958,0.732527,0.128094,0.116874
0.856248,0.965372,0.842199,0.903946
0.497311,0.879835,0.406041,0.236685
1.707876,0.448493,0.20903,0.060708
1.10485,0.507238,0.736931,0.168411
1.689673,0.421463,0.023449,0.341725
-0.083458,0.720007,0.125733,0.995917
0.741501,0.877362,0.700568,0.125513
1.197104,0.301619,0.3954,0.8589
-0.262285,0.859138,0.343239,0.307188
-0.183096,0.599495,0.2585,0.900659
0.168303,0.80463,0.058771,0.339516
0.767029,0.819798,0.554765,0.373267
1.657857,0.618588,0.635576,0.181446
0.399014,0.511665,0.049803,0.177025
1.431684,0.464227,0.507944,0.625515
0.492795,0.759406,0.255364,0.423311
0.96934,0.757154,0.963975,0.443854
-0.007111,0.088544,0.338023,0.880435
0.160535,0.725951,0.48829,0.324241
-0.037039,0.678485,0.465831,0.426141
0.58455,0.94549,0.209457,0.324897
2.647137,0.231148,0.171856,0.458705
2.384135,0.395589,0.187808,0.543286
2.560095,0.059916,0.47744,0.386442
2.099679,0.181999,0.419703,0.683408
1.334711,0.940303,0.247869,0.38053
0.088156,0.031263,0.753048,0.903164
-0.103369,0.673759,0.060634,0.873504
0.027809,0.836919,0.258984,0.670353
2.95749,0.211133,0.953689,0.650092
1.13825,0.565618,0.60777,0.551207
1.306858,0.181329,0.053747,0.110199
-0.000371,0.775334,0.705496,0.774737
2.21127,0.474089,0.805124,0.525485
0.728254,0.734993,0.897101,0.238815
1.343801,0.327359,0.427904,0.993173
2.037261,0.347426,0.497295,0.352971
0.343744,0.510918,0.407648,0.241813
0.839993,0.682433,0.936878,0.368507
1.747968,0.057366,0.996759,0.532306
0.077613,0.900949,0.276907,0.283548
2.304472,0.169877,0.945655,0.781787
2.217044,0.140509,0.119429,0.348125
0.835698,0.778322,0.966666,0.304019
1.659736,0.447519,0.876103,0.086476
-0.085143,0.553608,0.737876,0.927027
0.968188,0.457507,0.185633,0.021408
0.398578,0.617561,0.773808,0.317891
0.609534,0.906484,0.979085,0.898399
1.259225,0.505002,0.876426,0.487555
-0.396458,0.640382,0.508869,0.775443
1.891222,0.22949,0.560817,0.620748
1.621423,0.201959,0.193796,0.159282
-0.103998,0.41461,0.680494,0.986974
0.96414,0.963259,0.084706,0.59371
0.035523,0.932296,0.725734,0.75099
-0.775999,0.922939,0.327784,0.992722
1.600849,0.952277,0.463891,0.381146
0.332165,0.629572,0.77405,0.739525
2.130581,0.043862,0.728703,0.707212
1.28106,0.073214,0.492575,0.082494
-0.185311,0.990432,0.120616,0.873291
0.997375,0.519523,0.063522,0.452983
1.857262,0.120507,0.927737,0.831107
0.59664,0.835579,0.25967,0.663245
2.231666,0.315693,0.193774,0.453164
1.646971,0.11369,0.94238,0.870237
-0.082377,0.611704,0.620541,0.608696
-0.514061,0.664007,0.408673,0.794986
1.114249,0.999173,0.655039,0.257157
0.972872,0.416636,0.064929,0.064405
-0.615483,0.795026,0.285921,0.667988
1.745603,0.159788,0.026338,0.576301
-0.880955,0.598866,0.14673,0.963341
-0.584637,0.801633,0.899121,0.067056
-1.528846,0.781684,0.52162,0.625682
0.893825,0.105545,0.488706,0.048073
-0.866824,0.739136,0.404787,0.978799
1.523719,0.910366,0.965691,0.663931
1.353304,0.196274,0.002399,0.850963
2.852665,0.23751,0.818965,0.174993
-0.649396,0.733799,0.235954,0.897268
-1.311601,0.690845,0.546527,0.076516
0.887068,0.612129,0.475544,0.230148
1.935545,0.117048,0.738436,0.61896
0.953599,0.522643,0.67459,0.229055
0.068402,0.688709,0.766976,0.11424
2.489736,0.479066,0.737626,0.747413
1.06426,0.855328,0.075989,0.294164
1.83417,0.15163,0.738617,0.151071
0.42224,0.981906,0.344145,0.062924
0.965834,0.82178,0.959216,0.450592
0.199059,0.824727,0.213454,0.682777
1.626056,0.284178,0.393198,0.515558
1.818368,0.071303,0.589716,0.583158
2.499737,0.204343,0.751222,0.74827
1.916605,0.161148,0.351435,0.229729
2.744193,0.209406,0.781522,0.289952
0.498045,0.805409,0.765351,0.693876
1.317207,0.384716,0.061206,0.707252
-0.431759,0.846347,0.040498,0.088467
2.699685,0.218954,0.789187,0.454486
0.407487,0.636086,0.316444,0.709285
2.043303,0.187375,0.68902,0.003771
2.114073,0.291229,0.574069,0.602636
1.439413,0.474111,0.113142,0.703187
1.629695,0.130246,0.385785,0.710399
1.860342,0.188704,0.409039,0.765614
-0.229842,0.566121,0.824313,0.80773
0.346562,0.924597,0.336754,0.44804
-0.331071,0.748389,0.05799,0.991022
1.194667,0.658286,0.20909,0.066416
0.828535,0.567916,0.878206,0.560761
-0.225601,0.709015,0.42378,0.991033
2.567414,0.02508,0.956019,0.548404
1.959067,0.211372,0.646732,0.962333
0.126727,0.80684,0.734757,0.657505
1.802301,0.01552,0.636864,0.116218
1.009194,0.490093,0.782409,0.913639
1.550843,0.441845,0.043618,0.641872
1.886615,0.426105,0.959498,0.954836
1.818849,0.419019,0.923292,0.227838
1.002713,0.551298,0.270451,0.371619
0.082331,0.867694,0.014939,0.224349
0.234978,0.58919,0.345722,0.89955
3.062964,0.322368,0.964522,0.356272
-0.377956,0.539921,0.193014,0.696495
-0.159948,0.667158,0.054546,0.400071
2.081373,0.268226,0.127376,0.166427
1.041094,0.577299,0.955765,0.589876
0.36244,0.861152,0.70759,0.092411
0.671017,0.639982,0.759035,0.546231
-0.134257,0.84901,0.510384,0.670975
0.701389,0.522304,0.328627,0.929541
-1.540703,0.837303,0.340561,0.673985
0.975594,0.088224,0.976965,0.784817
1.519554,0.054041,0.872413,0.060221
0.470306,0.906923,0.236682,0.720472
2.127291,0.139915,0.604764,0.184643
-0.646757,0.886677,0.433033,0.095252
0.852891,0.091753,0.588686,0.160661
0.86306,0.557579,0.231225,0.537296
1.155925,0.435364,0.140909,0.393138
-0.165283,0.668862,0.519253,0.771937
0.725496,0.990358,0.25177,0.785297
1.493407,0.44123,0.576227,0.020461
-0.895643,0.880912,0.157631,0.914045
0.017672,0.755164,0.324433,0.194842
0.584607,0.653679,0.68658,0.195451
1.027694,0.688161,0.108051,0.439012
2.128996,0.354161,0.718353,0.635591
0.440932,0.616004,0.126821,0.282041
1.516444,0.074157,0.350266,0.599372
2.487189,0.138211,0.808349,0.137291
-0.116672,0.928133,0.136865,0.114344
1.785004,0.227852,0.449859,0.52175
1.903025,0.51169,0.750056,0.275202
-1.167802,0.63174,0.124668,0.110352
1.125647,0.044411,0.207258,0.722125
0.786417,0.463323,0.412945,0.555122
0.435225,0.599824,0.016181,0.027143
0.029778,0.754584,0.284221,0.869949
0.406491,0.04352,0.727422,0.00043
1.657189,0.966691,0.944904,0.423727
-0.670764,0.708422,0.898694,0.291115
1.067742,0.395569,0.257827,0.07228
-0.496036,0.827032,0.240112,0.621049
-0.103466,0.863809,0.137919,0.613496
-0.560707,0.59479,0.032197,0.24556
1.806163,0.117938,0.072786,0.232483
1.003932,0.509678,0.758916,0.948948
1.0153,0.561949,0.109092,0.323559
1.566658,0.009079,0.762677,0.657535
-0.44851,0.749246,0.274304,0.090848
-0.396951,0.658793,0.691157,0.460247
1.738661,0.334213,0.003002,0.291358
0.494647,0.620214,0.25036,0.345583
0.501175,0.386768,0.137879,0.990024
1.775771,0.158164,0.189078,0.620345
0.933817,0.482584,0.634696,0.486265
0.050203,0.878777,0.38461,0.491952
0.592585,0.382422,0.184956,0.947435
1.607062,0.117288,0.667396,0.492214
1.814106,0.17278,0.572625,0.115885
2.354051,0.357743,0.78313,0.644843
0.310358,0.353706,0.404854,0.881339
1.132148,0.330881,0.052446,0.229813
0.55154,0.778094,0.890763,0.488649
1.431687,0.491811,0.871593,0.62863
1.387317,0.064015,0.258934,0.482278
1.072218,0.560262,0.878061,0.51007
0.059064,0.727603,0.718883,0.62146
-0.072545,0.749167,0.934618,0.814915
2.157264,0.140894,0.04927,0.810505
1.175059,0.118865,0.407291,0.045315
0.795901,0.021578,0.303015,0.807617
2.101345,0.050871,0.858011,0.609863
2.467318,0.141294,0.587038,0.360761
0.173352,0.329233,0.331776,0.903618
2.344002,0.24433,0.804485,0.103743
-0.047443,0.039108,0.442633,0.883832
2.124805,0.176992,0.790182,0.19804
0.920605,0.815707,0.955008,0.728978
1.213059,0.404442,0.159264,0.82364
-0.3196,0.001779,0.491041,0.834827
-0.469003,0.616163,0.015167,0.992624
1.307689,0.917446,0.407366,0.328957
0.521637,0.662034,0.766182,0.542302
0.03916,0.9617,0.53139,0.0211
0.821649,0.353556,0.163494,0.529771
1.027428,0.658844,0.163272,0.124201
-0.807535,0.638093,0.060937,0.903649
0.242001,0.034997,0.514968,0.756836
2.108098,0.503069,0.773416,0.922578
-1.242395,0.703993,0.151274,0.850374
0.163212,0.619473,0.05072,0.20334
-0.444236,0.734974,0.008524,0.198792
2.146708,0.355531,0.105898,0.485911
1.110747,0.829974,0.400977,0.433584
0.232942,0.771183,0.42158,0.328874
1.484246,0.139734,0.449227,0.293138
1.413174,0.51755,0.101247,0.425412
0.876067,0.158582,0.172642,0.09721
1.61278,0.411567,0.008662,0.523974
1.570204,0.30762,0.012809,0.575351
0.474092,0.528189,0.670868,0.795273
1.664704,0.306451,0.375752,0.567612
1.509049,0.478499,0.557877,0.469421
0.875638,0.59977,0.483568,0.294551
0.738218,0.078834,0.000151,0.723126
2.892463,0.315437,0.672059,0.41932
0.967937,0.410012,0.354205,0.061696
0.419186,0.007298,0.246226,0.836947
1.345847,0.230201,0.550895,0.023043
0.104015,0.689925,0.34965,0.761784
2.127727,0.299953,0.286632,0.852929
1.303906,0.247697,0.361717,0.86516
2.141055,0.185032,0.687882,0.525318
1.377363,0.921958,0.675132,0.265759
2.634382,0.172853,0.588782,0.590521
0.152951,0.774009,0.59559,0.067412
2.850197,0.078448,0.974595,0.55619
1.345085,0.420498,0.833865,0.06258
1.538924,0.90791,0.766175,0.481484
0.695311,0.728887,0.991023,0.59956
0.428488,0.825065,0.786491,0.63771
2.752424,0.126282,0.889077,0.236824
1.458547,0.298535,0.099432,0.725511
-0.928523,0.742457,0.651449,0.911077
1.433847,0.329045,0.749783,0.542472
2.294483,0.189862,0.668093,0.753623
1.824136,0.380976,0.036004,0.303306
2.492443,0.320879,0.914679,0.111392
-0.503996,0.643707,0.174394,0.000274
0.135896,0.465799,0.229338,0.866227
0.993435,0.594395,0.55085,0.536639
0.699911,0.589374,0.494208,0.436068
-0.361584,0.729204,0.688032,0.158018
0.423938,0.910413,0.486833,0.71739
1.725446,0.075273,0.851656,0.710454
1.208695,0.965971,0.369523,0.300274
0.642449,0.040467,0.699547,0.718884
0.081971,0.735669,0.638707,0.780661
2.349222,0.237095,0.695332,0.192285
-0.019285,0.693857,0.774539,0.061436
0.94393,0.757705,0.543631,0.2484
0.140076,0.790845,0.161682,0.671032
-0.197654,0.563038,0.256905,0.562907
0.875859,0.006073,0.335708,0.674956
1.580505,0.205424,0.259991,0.44732
2.011282,0.267768,0.703612,0.652894
1.288791,0.432784,0.632189,0.648321
0.334595,0.64588,0.921624,0.323495
2.253469,0.275523,0.75858,0.853591
2.770335,0.193285,0.78823,0.705488
2.121021,0.203878,0.694526,0.336519
2.441235,0.179873,0.380045,0.406883
1.20442,0.673047,0.716502,0.371456
1.722701,0.285528,0.768405,0.003862
1.787413,0.403276,0.394282,0.383322
1.499131,0.529655,0.811592,0.472667
2.355239,0.453024,0.493682,0.591039
0.182201,0.629617,0.25533,0.58226
2.623562,0.307579,0.982775,0.291636
1.196249,0.085013,0.035538,0.58593
3.047604,0.094343,0.765347,0.540156
0.372396,0.06414,0.644887,0.825827
0.532459,0.691121,0.833267,0.460309
0.939888,0.470479,0.222883,0.867389
1.008815,0.508564,0.753903,0.563099
1.452365,0.444043,0.976216,0.956221
2.369358,0.391391,0.577745,0.539804
1.51552,0.111653,0.315824,0.642509
0.944833,0.862977,0.858165,0.80508
0.546115,0.066805,0.685062,0.520778
-0.581491,0.599642,0.490287,0.350772
1.758717,0.080198,0.625781,0.294306
2.017151,0.042076,0.772902,0.479802
0.828703,0.339063,0.218609,0.7821
1.723532,0.365071,0.193486,0.070543
1.147959,0.451408,0.73186,0.906182
-0.773016,0.421632,0.260458,0.904602
0.654714,0.044486,0.75599,0.959714
2.709044,0.326894,0.881902,0.513387
-0.479832,0.866755,0.194771,0.960439
1.588662,0.091432,0.978286,0.700403
1.003698,0.894297,0.769063,0.394863
1.538636,0.368214,0.755071,0.375289
1.213441,0.915608,0.517843,0.542872
2.143779,0.299621,0.835061,0.088055
0.159073,0.949153,0.61848,0.02356
2.250616,0.162433,0.74491,0.703949
0.810254,0.98922,0.550602,0.91103
2.86866,0.265576,0.804531,0.229055
1.613723,0.232866,0.082608,0.627866
0.88783,0.575075,0.899638,0.155471
1.280422,0.3157,0.57628,0.952954
2.562011,0.062685,0.709675,0.470353
0.943664,0.274267,0.141171,0.738553
0.408755,0.429904,0.018153,0.89127
2.124881,0.178522,0.123224,0.169967
0.452761,0.873399,0.620497,0.508311
0.874687,0.84897,0.983493,0.485134
1.247025,0.021338,0.460805,0.075168
-0.153866,0.818092,0.647308,0.970879
2.171836,0.1454,0.526521,0.371651
0.052714,0.531184,0.184238,0.758307
0.409576,0.511988,0.362845,0.067949
1.544729,0.340352,0.713043,0.171388
-0.570503,0.948171,0.013872,0.619111
-0.514995,0.697847,0.380391,0.126419
1.173762,0.333925,0.613919,0.584992
1.419021,0.377575,0.840129,0.468287
2.429334,0.325035,0.411111,0.695388
0.846481,0.957313,0.681118,0.561661
-1.086087,0.584819,0.359471,0.999111
0.160228,0.84711,0.638347,0.378551
-1.231953,0.597282,0.261714,0.994784
1.693047,0.641475,0.906998,0.544239
0.50749,0.099069,0.346923,0.741638
1.459512,0.575548,0.99123,0.328802
1.006775,0.015107,0.299058,0.713493
1.362346,0.405756,0.935067,0.809657
0.393281,0.695285,0.56777,0.952701
-0.422309,0.829635,0.270902,0.966616
0.320177,0.586595,0.056524,0.803972
-0.129555,0.786822,0.532716,0.454319
0.53639,0.119637,0.181198,0.679678
0.712347,0.991703,0.95325,0.896835
0.226231,0.582685,0.617227,0.220191
0.291452,0.986853,0.424014,0.378955
1.856322,0.424695,0.419387,0.466899
-0.101383,0.690771,0.247742,0.549484
1.489284,0.100563,0.319048,0.240404
1.344732,0.32786,0.492505,0.331542
1.810367,0.775144,0.829865,0.102958
1.278052,0.410253,0.195937,0.140741
0.421903,0.683694,0.717749,0.254569
1.169772,0.446308,0.449595,0.176979
0.981732,0.422889,0.44805,0.914625
1.147374,0.913575,0.656973,0.523041
2.46092,0.133582,0.957724,0.475053
0.86248,0.963921,0.28211,0.925441
0.22962,0.583598,0.127602,0.032146
-0.677259,0.719266,0.033398,0.692775
0.400746,0.100275,0.016168,0.875762
0.984134,0.393205,0.464142,0.91519
0.316496,0.916869,0.271187,0.519744
1.547597,0.364603,0.55903,0.44403
1.422773,0.072511,0.654203,0.752821
0.239686,0.763891,0.86632,0.643223
2.776131,0.125169,0.833778,0.396938
1.240855,0.319253,0.220373,0.192773
1.907853,0.242601,0.350064,0.417087
0.545608,0.5823,0.724046,0.164996
1.644812,0.3765,0.329938,0.245943
1.847443,0.101535,0.605883,0.360198
1.634719,0.158493,0.537997,0.817739
0.349214,0.408945,0.450897,0.068395
0.939556,0.653248,0.97664,0.245969
1.842759,0.029656,0.962624,0.298654
-0.459568,0.532564,0.264694,0.872509
1.334727,0.523137,0.980468,0.814017
1.688034,0.238626,0.386348,0.798381
1.07804,0.499866,0.510441,0.190175
-0.429228,0.735282,0.334448,0.143571
2.27654,0.098798,0.963027,0.373224
1.37184,0.221244,0.386896,0.067054
0.236174,0.872158,0.003299,0.004394
0.30331,0.894597,0.952387,0.081313
1.600635,0.30935,0.586657,0.138381
-0.824692,0.690301,0.364107,0.013766
-0.155204,0.954708,0.191619,0.411502
1.746988,0.396783,0.25428,0.5999
1.695505,0.317327,0.466227,0.163309
1.994943,0.292611,0.223264,0.085022
1.663508,0.429227,0.803895,0.588164
1.02458,0.436778,0.46811,0.052601
2.955228,0.273696,0.897263,0.539718
0.281024,0.539595,0.351816,0.546501
1.874446,0.299556,0.746384,0.964097
0.673803,0.933789,0.218503,0.589995
0.513889,0.016798,0.108038,0.942348
0.399461,0.795503,0.618239,0.270506
1.626599,0.142715,0.093862,0.080063
0.653031,0.459371,0.422332,0.503544
-0.208001,0.67171,0.460929,0.104102
1.402739,0.362121,0.089572,0.124444
1.462519,0.023083,0.538153,0.585193
0.200865,0.089138,0.430538,0.031307
2.417972,0.179676,0.860603,0.144768
0.419963,0.753589,0.860132,0.458054
0.394524,0.035541,0.627512,0.762894
2.479731,0.275766,0.916995,0.484774
1.153922,0.467361,0.021467,0.326968
0.285514,0.769968,0.184229,0.540831
-0.338943,0.628868,0.609757,0.714153
3.320767,0.247368,0.587967,0.501946
0.336965,0.923185,0.368062,0.70739
0.496319,0.60281,0.359735,0.433001
2.069197,0.324486,0.621291,0.24474
1.710018,0.494922,0.644405,0.179832
0.921709,0.602445,0.016999,0.282652
-0.440231,0.876057,0.092497,0.017747
1.091344,0.08218,0.810435,0.829483
-0.458785,0.781586,0.145947,0.161022
0.574265,0.612391,0.983939,0.973929
1.663707,0.234957,0.870994,0.982258
0.740813,0.753478,0.892158,0.371842
-0.111553,0.553624,0.578897,0.195459
0.567579,0.42129,0.148891,0.919025
1.558505,0.065849,0.914853,0.000197
2.222477,0.160723,0.241414,0.738515
1.906934,0.553273,0.826283,0.554104
1.238369,0.448373,0.381953,0.399395
1.032611,0.250757,0.146692,0.060879
1.434461,0.433835,0.705291,0.994942
0.23101,0.529085,0.484835,0.945142
1.56727,0.230472,0.058503,0.335385
0.300762,0.733188,0.66369,0.514621
0.944327,0.190292,0.434584,0.823069
-0.205881,0.748387,0.535546,0.385721
1.173785,0.573245,0.374046,0.477955
-0.251381,0.399685,0.024718,0.869129
1.394445,0.896782,0.69523,0.348454
1.429753,0.540521,0.737349,0.351618
1.630483,0.242323,0.455319,0.855772
1.672362,0.24823,0.92242,0.726701
0.41055,0.417705,0.097121,0.786551
0.188585,0.724427,0.130172,0.377666
1.885255,0.512515,0.79189,0.493151
1.320026,0.206616,0.56973,0.844042
0.703028,0.022173,0.563198,0.809601
1.526429,0.365834,0.21582,0.273807
1.068132,0.539263,0.893379,0.000284
0.409683,0.755395,0.56965,0.11709
0.831404,0.848668,0.637283,0.807915
-0.673841,0.571003,0.026243,0.887392
1.333131,0.43574,0.633765,0.279075
1.62339,0.114837,0.099456,0.889022
1.270035,0.997097,0.510292,0.541517
1.633858,0.313163,0.113812,0.245758
0.653191,0.022334,0.139006,0.179299
1.394951,0.947205,0.833767,0.100565
1.722172,0.39426,0.088782,0.60157
0.495958,0.530791,0.516757,0.953568
1.990932,0.176439,0.175907,0.11881
1.54135,0.941109,0.968705,0.170152
2.107258,0.397143,0.839512,0.605693
0.683297,0.490732,0.096008,0.131746
0.806157,0.992788,0.047619,0.32158
0.513652,0.908262,0.96167,0.878384
-0.538324,0.64723,0.07631,0.310817
1.104263,0.945066,0.700796,0.40395
0.595036,0.03716,0.574751,0.047993
-1.382414,0.81694,0.197551,0.210423
1.063635,0.529455,0.554355,0.418709
0.127724,0.778049,0.171234,0.398731
0.793371,0.720518,0.779992,0.217542
2.917214,0.300774,0.87557,0.261669
1.751996,0.120159,0.802809,0.793525
0.141941,0.640498,0.688168,0.964711
-0.789747,0.776044,0.780191,0.9775
1.133475,0.454338,0.909634,0.9047
0.95449,0.541996,0.994506,0.821608
2.123764,0.265458,0.261049,0.673035
0.51898,0.70548,0.101722,0.517739
1.06656,0.036759,0.159594,0.419479
-0.735538,0.893852,0.083748,0.826537
3.361143,0.259936,0.991073,0.084131
1.709871,0.099885,0.664183,0.702631
0.666904,0.231228,0.165953,0.977903
0.91955,0.54641,0.916203,0.214449
0.401725,0.629439,0.188348,0.513033
1.631043,0.289488,0.042389,0.258105
2.384886,0.337841,0.800926,0.457152
-0.917262,0.671217,0.05254,0.0523
-0.828624,0.743824,0.37244,0.368839
1.495304,0.520088,0.593372,0.629274
-0.194723,0.553098,0.700105,0.165356
0.711581,0.438538,0.202964,0.302683
1.47512,0.869293,0.686156,0.370226
1.837102,0.133492,0.849147,0.113061
0.175812,0.001648,0.118544,0.215159
0.433841,0.534336,0.271371,0.549637
0.714904,0.888246,0.862954,0.08649
0.262465,0.819031,0.905177,0.330311
2.402225,0.348405,0.63608,0.821242
0.888287,0.060805,0.838662,0.819892
1.252463,0.00046,0.4845,0.16946
0.316508,0.889666,0.881749,0.587719
1.055333,0.18851,0.384394,0.73037
0.557792,0.260936,0.025881,0.911723
0.666537,0.044546,0.474698,0.717865
-0.01856,0.730636,0.728857,0.64424
1.831053,0.348226,0.533489,0.351812
1.372624,0.40307,0.106761,0.079577
0.661621,0.578773,0.174331,0.341664
-0.646642,0.6096,0.689417,0.962872
1.241945,0.426796,0.301764,0.627549
-0.169048,0.721104,0.650953,0.085628
1.080934,0.496018,0.479339,0.884384
-0.923074,0.751363,0.07645,0.158327
0.3529,0.531267,0.752821,0.967145
-0.153764,0.719416,0.730594,0.721069
1.692751,0.146398,0.358181,0.636246
-0.528231,0.654667,0.385734,0.314394
-1.509716,0.760016,0.187756,0.827012
1.514554,0.137325,0.027646,0.572708
1.613913,0.302674,0.702105,0.747753
1.98485,0.108755,0.447667,0.483917
1.252223,0.059285,0.439857,0.116998
2.563392,0.38954,0.916025,0.615318
1.351139,0.320421,0.086943,0.919696
0.128662,0.724925,0.567732,0.503228
1.444637,0.04057,0.85718,0.356621
-0.182336,0.803308,0.650037,0.692073
0.089389,0.661708,0.104719,0.160157
1.988856,0.292086,0.048248,0.369351
-0.063459,0.632154,0.453186,0.751979
1.341165,0.199721,0.269661,0.126208
1.94669,0.1533,0.452619,0.582723
1.048742,0.941924,0.930903,0.427101
-0.307906,0.850765,0.61185,0.159893
0.516704,0.075619,0.464111,0.68283
1.950617,0.408334,0.546682,0.290171
1.327501,0.357698,0.464315,0.538442
0.868107,0.689583,0.820217,0.971898
1.426911,0.89933,0.998801,0.684136
0.354408,0.087996,0.883327,0.955181
1.076955,0.110918,0.153881,0.630293
-0.495175,0.913315,0.078434,0.123467
0.07348,0.574882,0.34494,0.706916
0.644238,0.62403,0.753646,0.711398
2.019794,0.336078,0.601682,0.290728
-0.03717,0.906794,0.840446,0.026116
-0.806071,0.674349,0.216541,0.853451
2.236712,0.290062,0.506178,0.372522
0.032993,0.705625,0.766934,0.176181
1.761109,0.241825,0.594009,0.56747
0.987875,0.087272,0.376164,0.731652
3.200697,0.259277,0.836909,0.430599
1.203884,0.957273,0.754735,0.626434
0.823577,0.182033,0.454816,0.070844
-0.498825,0.687856,0.251254,0.003771
3.069516,0.251707,0.916372,0.851865
2.972622,0.400408,0.537741,0.38512
2.027647,0.406472,0.213777,0.457262
1.235213,0.46056,0.390701,0.562154
-0.332427,0.646097,0.538306,0.839823
1.638036,0.328935,0.542764,0.308036
-0.190122,0.938569,0.184166,0.790481
1.16444,0.443654,0.134058,0.563611
0.267101,0.822749,0.973152,0.098321
1.597742,0.167883,0.729544,0.871704
-0.286277,0.820887,0.871729,0.952351
2.368402,0.998093,0.657231,0.639728
0.833908,0.423866,0.238783,0.896411
-0.293491,0.603302,0.25968,0.901437
2.323515,0.233234,0.453897,0.347054
-0.137137,0.034334,0.635539,0.042885
0.372504,0.653965,0.41131,0.45184
0.965076,0.010064,0.560116,0.028413
1.24454,0.796013,0.912792,0.237397
2.547737,0.357158,0.621333,0.3102
0.917711,0.096556,0.853477,0.854228
2.228394,0.302673,0.209021,0.349662
1.43657,0.209846,0.569484,0.579247
-0.27295,0.916867,0.577852,0.666807
0.081775,0.536839,0.367536,0.935615
0.801803,0.463107,0.951656,0.586077
0.678044,0.485383,0.499661,0.211073
0.770749,0.52123,0.628172,0.345902
1.502173,0.33675,0.445005,0.15938
0.795213,0.788746,0.837041,0.63539
0.21115,0.72523,0.256374,0.10741
1.991119,0.16215,0.876518,0.187781
1.444786,0.839213,0.682897,0.19773
0.760728,0.488966,0.082323,0.777602
1.809915,0.515742,0.239608,0.449708
0.249648,0.647029,0.522396,0.325807
0.999196,0.006007,0.336588,0.5277
1.205179,0.420191,0.602253,0.830292
2.576274,0.313418,0.07774,0.315026
0.154655,0.015399,0.53004,0.578871
1.777941,0.244635,0.193893,0.382496
0.705044,0.410932,0.460005,0.058549
1.250851,0.992852,0.934749,0.039094
1.017786,0.365872,0.562222,0.444569
1.121392,0.663348,0.720043,0.218509
-0.296161,0.607359,0.845568,0.370529
1.287616,0.455974,0.192492,0.356226
-0.51205,0.858554,0.325111,0.125239
-1.059906,0.671551,0.248968,0.27578
1.145868,0.008783,0.041268,0.590564
-0.055666,0.716772,0.904774,0.748054
1.180584,0.438558,0.060782,0.337959
1.064452,0.024411,0.19601,0.495443
-0.547591,0.856648,0.011572,0.629627
-0.36678,0.943233,0.50468,0.744298
-0.222825,0.898261,0.540464,0.088301
0.635834,0.111576,0.40846,0.981793
3.17734,0.425134,0.905334,0.4174
1.683273,0.18489,0.564975,0.971426
1.641791,0.277102,0.593996,0.562133
1.529257,0.280332,0.352818,0.070826
0.228501,0.566318,0.351715,0.392532
1.013684,0.992379,0.778137,0.151673
0.35249,0.985482,0.098572,0.601185
1.608698,0.030142,0.304955,0.469742
1.897453,0.163996,0.408851,0.612414
1.354886,0.232587,0.008484,0.879258
1.708169,0.259303,0.993731,0.890084
-0.416747,0.634297,0.695213,0.765435
1.069524,0.441848,0.263494,0.922196
1.112008,0.617895,0.77405,0.425911
1.408416,0.941659,0.977552,0.260842
1.498461,0.124503,0.030334,0.113558
-0.169617,0.726198,0.010794,0.856979
-0.048838,0.859441,0.729363,0.029188
0.243984,0.020702,0.541035,0.981825
1.72205,0.358249,0.863829,0.880734
1.556032,0.966402,0.937735,0.397738
2.545244,0.211686,0.838329,0.55907
1.816303,0.158312,0.237475,0.106716
0.048506,0.737533,0.164492,0.144642
1.595642,0.162867,0.4085,0.268301
0.767133,0.652,0.765759,0.641831
-0.477151,0.838365,0.099165,0.899237
1.720431,0.315255,0.478046,0.671371
1.425389,0.981737,0.936067,0.347922
0.730348,0.546408,0.37212,0.363379
0.971755,0.52976,0.932406,0.104121
1.872921,0.106336,0.34654,0.63909
0.084008,0.537779,0.80733,0.988752
2.414175,0.301821,0.88539,0.052137
0.864025,0.629088,0.895942,0.546049
0.78192,0.688655,0.598497,0.39246
-0.009642,0.986779,0.768325,0.088506
0.008949,0.989592,0.683309,0.840467
-0.556652,0.610364,0.54015,0.905027
1.078337,0.287559,0.588277,0.944204
-0.082495,0.933539,0.183859,0.372429
2.827944,0.209235,0.79795,0.424479
0.897325,0.1567,0.441318,0.49633
2.721774,0.193922,0.79722,0.462911
1.139873,0.972065,0.949284,0.735652
-0.144759,0.936674,0.871416,0.669721
1.801434,0.952737,0.398219,0.574542
1.225465,0.138153,0.001215,0.065812
1.908478,0.185456,0.525106,0.559434
0.581376,0.534616,0.225262,0.664549
0.880449,0.233559,0.267739,0.014265
0.898386,0.552787,0.358728,0.420857
0.203177,0.543732,0.042225,0.906161
0.784005,0.090771,0.276558,0.773772
0.326999,0.070572,0.183263,0.134229
1.316022,0.228694,0.103997,0.318734
-0.065528,0.998609,0.276058,0.108333
2.554942,0.368402,0.999088,0.643787
1.337529,0.570207,0.336656,0.376786
-0.907884,0.77759,0.028006,0.528175
1.482363,0.043472,0.758062,0.496482
-0.372304,0.761287,0.258916,0.566887
1.002906,0.021695,0.714852,0.581704
1.031719,0.43575,0.024979,0.137477
3.028798,0.103071,0.735982,0.688463
0.398903,0.824842,0.704479,0.036418
-0.486321,0.707344,0.198493,0.721674
0.367791,0.733817,0.594803,0.324705
1.448191,0.140935,0.708697,0.678665
-1.255209,0.751991,0.347366,0.08389
1.41666,0.051552,0.477628,0.529074
2.318708,0.252654,0.596765,0.166006
1.580188,0.445952,0.228235,0.191993
1.118338,0.009661,0.557685,0.09089
-0.455899,0.799575,0.509298,0.730044
1.464198,0.339425,0.321939,0.12782
-0.067002,0.688144,0.311184,0.77561
1.779703,0.33957,0.422781,0.111563
-0.208125,0.700782,0.53219,0.030416
-0.212489,0.883205,0.607562,0.883557
0.704803,0.862041,0.888375,0.901773
0.336167,0.596898,0.509585,0.339914
-0.550897,0.911054,0.452861,0.379398
0.242,0.830887,0.801869,0.237837
1.712489,0.281175,0.442988,0.194559
-0.610224,0.781248,0.350781,0.343082
-0.472812,0.789948,0.710511,0.820128
1.460933,0.4696,0.897802,0.884363
0.94338,0.154676,0.379445,0.970397
1.6526,0.412587,0.703223,0.371554
1.43639,0.799773,0.94062,0.455786
2.197903,0.278631,0.19578,0.454587
0.958677,0.006219,0.675557,0.488606
0.755054,0.115336,0.213061,0.788692
0.289556,0.798552,0.864615,0.119943
1.148466,0.075824,0.282625,0.47979
0.12759,0.844632,0.367701,0.615661
-0.710202,0.740603,0.511609,0.915596
2.653473,0.030886,0.754979,0.525945
-0.900807,0.59091,0.684411,0.833818
2.068019,0.185545,0.033406,0.414072
0.642208,0.428399,0.789019,0.923499
1.897267,0.360201,0.368819,0.395426
0.883275,0.524278,0.633305,0.3837
1.445154,0.313226,0.126269,0.087087
0.812257,0.934803,0.060435,0.417101
1.866138,0.389426,0.666187,0.23084
1.883652,0.356306,0.887869,0.61501
1.432026,0.510034,0.912153,0.339406
0.821834,0.886455,0.748182,0.520986
2.552572,0.251049,0.016961,0.499044
0.698266,0.616511,0.964441,0.222759
1.157669,0.510729,0.364878,0.655183
3.318104,0.086471,0.878471,0.393648
0.074195,0.88589,0.808267,0.352471
1.430204,0.037118,0.078247,0.773865
-0.706263,0.819271,0.2805,0.450991
1.382847,0.358728,0.799448,0.348813
0.267693,0.665327,0.82593,0.383222
1.568907,0.323391,0.033469,0.668105
0.860036,0.144702,0.690011,0.043883
2.727056,0.128948,0.819351,0.683995
2.211462,0.295252,0.916771,0.600608
1.630041,0.149535,0.720845,0.397152
1.493391,0.175426,0.387597,0.662573
0.089073,0.907389,0.062936,0.515338
0.408895,0.656953,0.026094,0.536143
0.399933,0.104239,0.136059,0.718145
-0.16435,0.672259,0.555948,0.606738
1.85205,0.224939,0.642016,0.148709
2.677141,0.186867,0.935917,0.591952
-0.548191,0.849626,0.364272,0.467233
2.885284,0.10285,0.894209,0.320623
1.156759,0.188837,0.328921,0.14838
1.27561,0.335348,0.507453,0.083054
1.923408,0.358969,0.541401,0.075117
-0.872066,0.798759,0.449801,0.938129
1.83088,0.811109,0.929962,0.669387
3.206703,0.209167,0.674337,0.532703
1.969869,0.156699,0.800564,0.800412
2.223211,0.263396,0.783961,0.036313
0.591006,0.668002,0.239603,0.103024
0.035485,0.710156,0.256517,0.58689
-0.432041,0.678561,0.476087,0.994802
1.567906,0.997104,0.704383,0.416022
0.502174,0.865831,0.683886,0.352977
1.760922,0.514318,0.945634,0.129088
-0.238821,0.87916,0.213204,0.499841
2.500403,0.337791,0.511362,0.376384
2.499302,0.131586,0.208226,0.377134
1.341572,0.990184,0.671298,0.214811
1.353578,0.188479,0.456168,0.731803
-0.646192,0.683322,0.140107,0.432805
-0.23259,0.650688,0.146608,0.308397
1.218038,0.931387,0.477737,0.690675
0.867878,0.61145,0.843055,0.33918
-0.530572,0.614445,0.267554,0.802943
0.092776,0.633659,0.040876,0.184446
0.731868,0.802924,0.728539,0.120938
1.834096,0.159547,0.187034,0.294215
1.559792,0.499149,0.023085,0.459409
0.981972,0.021084,0.419431,0.206737
-0.106784,0.663684,0.145541,0.110287
2.255574,0.064518,0.409021,0.589603
1.585071,0.455009,0.936329,0.086258
-0.204707,0.860753,0.542661,0.922017
1.965546,0.113054,0.104749,0.200704
-0.786282,0.723402,0.13858,0.865079
2.989381,0.299838,0.493128,0.433252
1.563901,0.068614,0.435088,0.325966
1.005347,0.40956,0.2596,0.454354
1.789551,0.283082,0.336189,0.935956
1.198829,0.349485,0.154943,0.232451
1.816786,0.194222,0.369257,0.041066
0.811883,0.048299,0.171071,0.583946
-0.203189,0.748531,0.255697,0.582902
1.504833,0.090933,0.738722,0.588466
-0.158798,0.718503,0.769209,0.496945
0.321698,0.823394,0.928156,0.345924
1.492267,0.138868,0.965424,0.717473
-0.396225,0.624143,0.231663,0.004035
0.114528,0.876482,0.660684,0.38357
0.47747,0.989983,0.697685,0.833853
1.08559,0.613343,0.837785,0.148293
1.642537,0.412402,0.372559,0.31346
1.961102,0.358929,0.848334,0.514552
0.971871,0.026564,0.560343,0.052119
-0.929322,0.77398,0.532827,0.473295
0.448778,0.913871,0.58215,0.448655
0.849064,0.508243,0.745624,0.803065
2.720171,0.425578,0.02706,0.327588
0.595544,0.845593,0.93768,0.452931
0.582219,0.618513,0.713284,0.509859
1.794552,0.423043,0.197728,0.297571
1.875237,0.096961,0.819673,0.186027
2.411695,0.353033,0.209016,0.745928
1.072077,0.781744,0.634933,0.4619
1.610767,0.291816,0.292084,0.030933
1.724497,0.395324,0.796899,0.451946
1.268804,0.487551,0.94299,0.373392
1.350596,0.943954,0.722756,0.372149
1.490086,0.357503,0.13766,0.800281
-0.59596,0.724418,0.512991,0.630237
1.766692,0.19415,0.346471,0.165157
-0.10405,0.64703,0.767307,0.225778
1.261246,0.275744,0.67003,0.8646
2.627821,0.127844,0.985876,0.492524
1.123766,0.072142,0.616172,0.944521
1.532774,0.275188,0.033186,0.707076
0.393101,0.557299,0.666012,0.339261
0.24196,0.824185,0.79014,0.882212
2.856058,0.279441,0.74628,0.273133
1.15145,0.36555,0.901392,0.779662
0.471478,0.12874,0.352412,0.850443
-0.876303,0.678817,0.414767,0.280513
0.486754,0.695,0.010324,0.550873
0.260218,0.623065,0.402854,0.695465
-0.207341,0.771432,0.160461,0.523529
1.71852,0.131397,0.006379,0.132986
2.775544,0.32155,0.743963,0.124039
0.270692,0.695412,0.638801,0.885843
2.176676,0.096628,0.885296,0.178051
0.834561,0.530227,0.085353,0.48387
0.835919,0.550203,0.264174,0.495467
2.14803,0.188367,0.010923,0.627276
1.684582,0.166546,0.324386,0.443667
2.614524,0.091406,0.908993,0.506046
2.177469,0.255222,0.342155,0.511316
-0.066237,0.783929,0.912303,0.942376
-0.622331,0.739017,0.057867,0.862267
0.634084,0.472216,0.502409,0.705248
1.442084,0.304901,0.878447,0.875774
1.010062,0.540404,0.974142,0.560766
1.65017,0.733979,0.959442,0.322325
0.348184,0.662679,0.277437,0.332217
-0.225586,0.630822,0.038597,0.898575
-0.48023,0.635394,0.274894,0.648489
0.606371,0.009132,0.404866,0.320121
1.364746,0.199696,0.706844,0.919975
2.488325,0.354697,0.497523,0.641269
0.837566,0.499319,0.194493,0.666936
1.538104,0.006655,0.153128,0.510754
2.549889,0.187359,0.595797,0.502277
0.936941,0.421593,0.434928,0.761061
0.016189,0.608124,0.705104,0.607269
1.754482,0.96791,0.666124,0.421529
1.735615,0.337946,0.604315,0.832347
-1.114973,0.769414,0.071212,0.969311
0.354738,0.980176,0.542387,0.803114
0.540503,0.107749,0.866978,0.988473
0.51084,0.457624,0.007148,0.981974
0.744048,0.953194,0.925887,0.795405
1.801934,0.052893,0.638743,0.185273
0.069517,0.727848,0.244193,0.147423
1.844914,0.210632,0.673001,0.618697
1.530783,0.32787,0.475048,0.107965
-0.256193,0.704092,0.353542,0.601147
0.157688,0.937,0.211512,0.647549
0.29482,0.037688,0.00745,0.105401
-0.278741,0.564045,0.302738,0.932439
2.606912,0.137924,0.89299,0.077465
-0.103413,0.593054,0.903177,0.763005
0.355636,0.939938,0.429572,0.132464
3.328618,0.341032,0.830373,0.3188
1.755418,0.204096,0.513044,0.794098
0.661946,0.906471,0.17912,0.33183
0.682545,0.411986,0.572218,0.017677
-0.548141,0.643875,0.072877,0.98213
2.365824,0.376171,0.024715,0.140016
-0.301381,0.629402,0.60317,0.021399
2.173889,0.152097,0.821325,0.036791
1.536181,0.948718,0.731212,0.566436
1.071419,0.489833,0.33302,0.157042
0.375984,0.92338,0.0563,0.361362
1.885034,0.229656,0.189151,0.631809
2.642637,0.403902,0.50093,0.120928
0.434569,0.941073,0.004249,0.067114
1.202842,0.00758,0.924975,0.296772
0.883919,0.019714,0.088509,0.792869
0.149083,0.734287,0.716076,0.622965
-1.275387,0.705476,0.280161,0.728773
0.758442,0.822937,0.642213,0.494934
2.449864,0.174451,0.048316,0.749081
1.317787,0.452317,0.758492,0.14504
0.460641,0.872698,0.137676,0.483025
3.1271,0.274329,0.680986,0.535328
1.827474,0.337429,0.665302,0.834116
1.938455,0.266552,0.084123,0.194072
0.489315,0.651896,0.424942,0.011134
0.432292,0.023535,0.634483,0.885202
1.826277,0.423546,0.938143,0.603672
-0.140798,0.825722,0.046576,0.412153
1.630908,0.93572,0.948524,0.093854
-0.068172,0.972132,0.112098,0.389146
1.407284,0.429226,0.374579,0.344895
0.233565,0.676555,0.852182,0.903915
0.655652,0.588772,0.956064,0.760722
0.361334,0.602172,0.758517,0.14191
2.272696,0.373556,0.159126,0.140275
0.194422,0.613906,0.473632,0.334456
1.424474,0.386358,0.397333,0.560646
-0.400365,0.781116,0.049867,0.232001
-0.819044,0.821887,0.2,0.418706
1.465302,0.286283,0.043613,0.112096
1.956605,0.256636,0.91605,0.740568
0.715576,0.562252,0.963678,0.218812
1.515859,0.996825,0.248133,0.878314
1.206278,0.716268,0.653918,0.444991
1.788906,0.251868,0.169026,0.582264
1.567529,0.083993,0.814278,0.723029
1.052459,0.63679,0.623684,0.429768
1.811122,0.235926,0.741911,0.447878
-1.236251,0.599576,0.070803,0.996321
1.45106,0.577113,0.663569,0.121196
0.529245,0.940829,0.76861,0.747838
1.264619,0.007521,0.185923,0.245777
1.573178,0.470415,0.206251,0.25437
1.386685,0.47752,0.342239,0.323661
1.54825,0.209057,0.138916,0.242475
0.829424,0.649839,0.990317,0.170596
0.578795,0.882054,0.4267,0.408704
1.632486,0.059288,0.96607,0.060119
1.364128,0.607817,0.833925,0.656199
1.781188,0.467429,0.719829,0.525123
0.792567,0.628201,0.873997,0.053165
1.674684,0.057147,0.746074,0.59714
1.868944,0.170937,0.841206,0.726974
1.840262,0.408762,0.95697,0.906224
1.951522,0.160265,0.454465,0.229844
2.750795,0.18946,0.496683,0.363956
-0.69229,0.735063,0.522046,0.037545
0.091098,0.566964,0.672267,0.9837
-0.966037,0.793188,0.384953,0.045273
3.613865,0.289658,0.984706,0.520406
1.47353,0.079049,0.616998,0.702997
2.242678,0.3258,0.867855,0.936991
-0.012583,0.75302,0.633806,0.084842
0.847177,0.173637,0.170516,0.176599
0.944054,0.395658,0.943649,0.912462
-1.384337,0.868697,0.166194,0.868992
0.522395,0.387363,0.211043,0.214016
0.772025,0.815529,0.068457,0.587917
0.912589,0.504522,0.817183,0.807607
2.487855,0.082586,0.914085,0.50583
-0.726716,0.892398,0.488879,0.107479
1.236508,0.045913,0.031359,0.127559
-0.367903,0.643094,0.862912,0.063531
-0.477538,0.739927,0.477589,0.14062
0.46801,0.553242,0.046212,0.255425
0.897201,0.539727,0.223674,0.687217
0.817751,0.933007,0.23049,0.174166
0.545462,0.699206,0.853997,0.130741
-0.364956,0.776922,0.057663,0.128409
1.498907,0.586321,0.876952,0.359975
1.948889,0.103039,0.178058,0.629266
3.324374,0.19108,0.888819,0.491077
0.941662,0.085641,0.639349,0.135535
1.317061,0.324929,0.223601,0.149484
0.849578,0.388315,0.127835,0.586498
1.298149,0.387198,0.735429,0.67181
-0.22226,0.603709,0.42993,0.062906
1.564176,0.07909,0.783102,0.927383
2.042616,0.266821,0.634593,0.363962
1.481307,0.0728,0.267761,0.728
1.190134,0.237628,0.349581,0.899943
2.324919,0.270464,0.928467,0.533535
0.572756,0.588644,0.81034,0.926137
0.552851,0.866011,0.942043,0.178005
-0.678311,0.56187,0.566311,0.904789
-0.136981,0.925135,0.452226,0.019751
1.257682,0.557974,0.751628,0.260132
2.693377,0.358681,0.175355,0.36595
-0.089835,0.678418,0.71917,0.859814
0.584337,0.074655,0.401115,0.560551
0.126538,0.493584,0.739164,0.985351
0.632247,0.172384,0.049996,0.884415
0.121245,0.264049,0.023947,0.894966
1.113508,0.500901,0.47924,0.216913
0.235489,0.110387,0.527373,0.10515
-0.26379,0.721038,0.53298,0.209916
2.581675,0.237706,0.917144,0.272638
-0.514438,0.786958,0.395053,0.816319
2.176566,0.273913,0.179471,0.180181
-0.228695,0.818544,0.445701,0.106624
1.377368,0.323315,0.517599,0.561792
1.341687,0.89463,0.985955,0.68886
0.122435,0.532397,0.356668,0.257743
-0.106575,0.790961,0.147128,0.317795
-0.082876,0.591664,0.33983,0.8111
1.587264,0.233967,0.129309,0.983259
-1.382611,0.858918,0.172403,0.778296
0.00662,0.572626,0.506295,0.917117
0.174751,0.567799,0.319463,0.131586
1.910617,0.281795,0.619631,0.790087
2.749491,0.150614,0.996566,0.401389
0.722872,0.672068,0.632194,0.12457
0.494926,0.964214,0.61306,0.799256
1.813494,0.256384,0.399111,0.070221
1.358283,0.351547,0.471722,0.132923
2.242043,0.152428,0.83407,0.228405
2.216608,0.098296,0.961087,0.612868
0.413405,0.949053,0.566612,0.200269
0.816525,0.106091,0.726304,0.096257
-0.178437,0.966712,0.113383,0.594947
0.426752,0.371044,0.010141,0.817376
0.668353,0.532256,0.335088,0.451887
1.061921,0.400462,0.550464,0.712931
-1.487484,0.869436,0.767868,0.978401
2.455078,0.064493,0.616952,0.260849
2.761433,0.535238,0.92243,0.222968
0.493996,0.081139,0.45174,0.969231
-0.398582,0.682544,0.106864,0.701765
-0.514548,0.823894,0.804773,0.546174
-0.183622,0.80554,0.226272,0.443301
2.528225,0.315363,0.674126,0.492492
1.844499,0.216239,0.616912,0.148982
1.127391,0.502067,0.099247,0.787744
0.710236,0.981373,0.616298,0.423252
0.514491,0.709944,0.605883,0.374691
1.205641,0.101758,0.229417,0.704758
1.774156,0.89787,0.944885,0.240868
0.726274,0.404615,0.172488,0.179325
2.196518,0.071712,0.720783,0.185308
0.109344,0.791675,0.935141,0.289385
0.914722,0.726318,0.670521,0.371053
2.412961,0.192509,0.803398,0.642595
-0.222658,0.63127,0.851424,0.637106
1.109279,0.407243,0.161501,0.697807
2.485269,0.311986,0.543889,0.809558
0.230538,0.737359,0.734783,0.775299
0.505123,0.755225,0.427547,0.637879
1.086054,0.974968,0.801362,0.209478
-0.139526,0.871896,0.904795,0.498933
0.245859,0.894504,0.316423,0.361709
-0.111092,0.609144,0.176827,0.284708
0.111305,0.858326,0.345843,0.542495
-0.842727,0.636402,0.531061,0.085084
0.626449,0.573402,0.727221,0.510642
2.398761,0.224789,0.733916,0.105287
1.130754,0.608425,0.638645,0.278385
0.984239,0.322438,0.453506,0.937318
0.149665,0.882716,0.760932,0.16777
-0.229661,0.911064,0.021727,0.941757
1.248478,0.341958,0.884982,0.671299
-0.672049,0.832771,0.173206,0.7609
-0.223573,0.768631,0.890837,0.828942
0.031163,0.921584,0.172573,0.043523
3.122859,0.016187,0.692942,0.379437
1.473695,0.103283,0.016669,0.152056
-0.092101,0.809696,0.827002,0.88156
2.258652,0.165119,0.9791,0.264822
-0.584126,0.896111,0.314287,0.042737
-1.102961,0.844779,0.797351,0.964547
0.792992,0.011767,0.407036,0.33974
0.480593,0.214363,0.713232,0.090023
2.58271,0.323455,0.469504,0.351921
-0.266627,0.882865,0.895275,0.957633
2.43348,0.118096,0.235849,0.407487
0.729635,0.015176,0.209078,0.89115
1.311692,0.36119,0.912801,0.785813
0.967569,0.727647,0.763531,0.280162
-0.048666,0.75104,0.412972,0.741133
1.006465,0.841699,0.685572,0.246911
-0.428167,0.840368,0.377367,0.465682
0.262334,0.545085,0.962335,0.956172
-0.068259,0.827821,0.85997,0.991036
1.863307,0.332823,0.005311,0.908903
-0.223701,0.810965,0.233658,0.6362
1.487319,0.384424,0.264175,0.097938
1.134273,0.549422,0.961552,0.832361
1.475328,0.409837,0.701199,0.211812
0.475124,0.001519,0.453198,0.772932
-0.555045,0.633867,0.799082,0.656112
0.150065,0.733398,0.702841,0.067814
2.090559,0.245038,0.033997,0.234947
1.846392,0.076302,0.489442,0.872862
1.997203,0.328628,0.436232,0.647469
-1.320928,0.717087,0.011061,0.990665
0.304624,0.433455,0.320091,0.090195
0.385561,0.906247,0.851562,0.992008
1.978459,0.357686,0.779474,0.082822
0.822179,0.963659,0.275319,0.977826
1.16452,0.421475,0.416135,0.413896
0.270453,0.840921,0.403648,0.278131
2.142994,0.183019,0.867608,0.227129
-0.393206,0.929099,0.195047,0.943812
0.844182,0.223944,0.161293,0.829164
0.978973,0.689163,0.843458,0.602371
2.713804,0.246277,0.217428,0.483108
1.870203,0.48051,0.920123,0.221989
0.053785,0.727067,0.047566,0.31917
-1.604581,0.766975,0.177977,0.991062
1.700849,0.3689,0.628661,0.230804
2.628395,0.160523,0.601405,0.425561
0.657928,0.636341,0.549924,0.302057
1.478787,0.284535,0.99665,0.954117
1.444095,0.072869,0.829098,0.722154
0.207547,0.769952,0.733797,0.120775
-0.153223,0.767537,0.440817,0.024656
-0.331222,0.82621,0.54687,0.917546
0.490644,0.025919,0.616386,0.857265
2.137183,0.277725,0.706464,0.191738
1.263273,0.320323,0.539248,0.732492
-0.137618,0.624209,0.48291,0.651873
2.200514,0.104794,0.848498,0.094793
0.895928,0.002232,0.475972,0.740427
1.191093,0.493535,0.992516,0.76073
-0.25077,0.910025,0.205159,0.111701
0.570262,0.947477,0.895182,0.058059
1.038623,0.925906,0.89906,0.083319
1.039885,0.347844,0.920273,0.06423
-0.440016,0.911735,0.192926,0.601707
-0.214463,0.634337,0.294775,0.567462
1.594431,0.543239,0.865851,0.887461
0.472811,0.843341,0.488074,0.275887
0.020792,0.874689,0.811315,0.915867
1.177896,0.478377,0.807798,0.541853
1.720528,0.387033,0.602268,0.884516
-0.737173,0.860651,0.031063,0.387182
-0.158172,0.756798,0.965923,0.965575
1.636361,0.399533,0.484551,0.496106
0.047017,0.733596,0.410255,0.697568
-0.250745,0.844331,0.114844,0.951487
1.265151,0.463997,0.561523,0.08479
0.988952,0.95573,0.885479,0.973163
1.471745,0.04565,0.260571,0.017833
-0.362285,0.743505,0.230807,0.463699
1.206259,0.027833,0.253891,0.785558
0.362947,0.617365,0.439458,0.76164
0.219535,0.925082,0.523718,0.033188
1.488874,0.657679,0.98454,0.153776
2.024535,0.024363,0.034933,0.359021
0.149159,0.457025,0.441355,0.12448
0.549385,0.774002,0.429369,0.198661
1.980414,0.131368,0.505888,0.406366
0.104027,0.614959,0.555796,0.545133
1.17123,0.570969,0.797687,0.353869
2.776166,0.167022,0.290923,0.533209
-0.485594,0.854587,0.355215,0.592672
3.252924,0.293622,0.823316,0.512181
0.141228,0.744553,0.507645,0.555525
0.332633,0.794916,0.075577,0.296383
2.308908,0.128921,0.539883,0.526856
-0.553218,0.604949,0.516448,0.871644
1.530874,0.244046,0.520388,0.742778
0.401024,0.681191,0.915177,0.709423
1.028487,0.257155,0.37971,0.70847
-0.316685,0.625156,0.544615,0.866277
1.282463,0.724772,0.84423,0.181499
1.273017,0.952186,0.068336,0.232269
0.313063,0.893873,0.193449,0.645017
1.675116,0.089845,0.527819,0.548347
1.589667,0.386906,0.497886,0.17584
1.001639,0.215621,0.320393,0.80052
0.97624,0.566244,0.258668,0.413495
0.604812,0.62918,0.540918,0.375895
1.038929,0.380822,0.226206,0.120749
1.013487,0.168543,0.5824,0.951191
1.491215,0.669933,0.998658,0.394522
0.306803,0.160399,0.092284,0.056637
2.228901,0.311161,0.941433,0.640153
0.605073,0.945748,0.153133,0.507308
-0.42199,0.671144,0.422238,0.062435
0.083299,0.631211,0.096196,0.480587
1.815794,0.36405,0.243542,0.62648
0.649271,0.875053,0.586748,0.520078
-0.286603,0.506229,0.565162,0.967226
0.230591,0.939789,0.453161,0.667556
1.647245,0.463522,0.641731,0.154026
0.938795,0.482548,0.01927,0.506633
0.880482,0.521368,0.673143,0.463509
2.389263,0.304181,0.315227,0.40482
1.604827,0.030202,0.607581,0.501178
2.5262,0.499843,0.53386,0.551511
0.457528,0.581653,0.562438,0.648295
2.101659,0.219391,0.101066,0.408417
1.131306,0.88438,0.650575,0.505227
-0.83388,0.803219,0.232657,0.761686
1.817243,0.956364,0.682718,0.42424
1.052973,0.552825,0.070154,0.057729
-0.378157,0.839464,0.201176,0.320736
1.685295,0.396945,0.64282,0.404977
1.026558,0.846068,0.874179,0.705047
-0.993593,0.758885,0.55596,0.047567
0.498431,0.647039,0.77449,0.674586
1.703596,0.267991,0.334577,0.122011
2.231968,0.404234,0.742257,0.358935
-0.43261,0.80583,0.287128,0.078032
3.069233,0.334972,0.695097,0.481499
1.886052,0.435249,0.278797,0.185136
1.413609,0.502206,0.265352,0.351664
2.435121,0.45332,0.836852,0.502487
0.034233,0.619417,0.422537,0.483431
1.320601,0.459322,0.351065,0.669837
0.436081,0.945597,0.954048,0.126894
0.498418,0.550788,0.373539,0.744441
-0.204204,0.898626,0.310028,0.546359
-0.589371,0.803488,0.716519,0.781
1.868781,0.211754,0.628721,0.006057
0.961787,0.013817,0.416734,0.34552
-0.144468,0.806921,0.036411,0.786472
1.444577,0.043304,0.70277,0.998954
2.823808,0.063679,0.982179,0.391576
1.930725,0.618199,0.842611,0.60602
0.342903,0.8785,0.819823,0.393307
0.177211,0.889508,0.754479,0.798006
0.036055,0.803019,0.089049,0.690598
0.018805,0.910862,0.28659,0.663068
-0.07699,0.501774,0.063488,0.069814
0.615836,0.685215,0.764911,0.339792
0.027865,0.721424,0.645235,0.774956
0.662964,0.951516,0.819719,0.625119
0.671253,0.951259,0.076876,0.736029
1.729483,0.436227,0.901092,0.764333
-0.474583,0.605656,0.07977,0.70327
0.150154,0.888921,0.455782,0.262199
1.502067,0.80167,0.785035,0.387747
1.012103,0.406641,0.528971,0.6091
1.429286,0.824843,0.910462,0.616303
1.265442,0.11884,0.219484,0.967911
1.067508,0.431602,0.760572,0.454813
-0.278036,0.729616,0.579622,0.052386
2.273719,0.089646,0.598035,0.632115
2.50141,0.271644,0.596544,0.37435
0.667983,0.901257,0.927367,0.908925
0.686631,0.435437,0.199741,0.775808
0.709464,0.2932,0.586235,0.727991
-0.741125,0.82963,0.107,0.239142
1.284352,0.60326,0.619738,0.43593
1.093857,0.972975,0.006278,0.475488
0.750088,0.35964,0.294897,0.024248
0.095397,0.931216,0.23099,0.646774
0.055458,0.617734,0.804387,0.776776
1.564795,0.353336,0.823654,0.568731
-0.166486,0.659843,0.429743,0.687783
0.143625,0.664992,0.167118,0.369152
-0.31615,0.736434,0.322735,0.315459
1.3067,0.996755,0.025489,0.451967
0.862791,0.55392,0.743302,0.564162
1.036245,0.409021,0.097538,0.209988
0.47666,0.84524,0.83615,0.255545
0.387501,0.460446,0.000567,0.62544
-1.818602,0.657586,0.048194,0.874356
0.193824,0.558902,0.025447,0.481762
1.177082,0.162731,0.40234,0.958211
0.066399,0.582331,0.627226,0.062285
-0.734668,0.833236,0.47863,0.956022
-0.459958,0.760901,0.890693,0.150325
1.959804,0.046305,0.762745,0.187107
0.250458,0.835986,0.911844,0.160866
0.669056,0.455549,0.259214,0.72172
0.037814,0.809862,0.677621,0.521223
-0.827295,0.741789,0.157124,0.349067
3.053823,0.097052,0.867469,0.463532
1.93439,0.157257,0.461735,0.029439
0.41584,0.566444,0.190095,0.337065
1.030284,0.478192,0.055001,0.301954
0.208878,0.622429,0.539187,0.060341
-0.368439,0.753426,0.408245,0.656563
2.63783,0.186206,0.898784,0.064096
0.06693,0.952043,0.156769,0.731753
1.789721,0.062569,0.498913,0.223967
0.726226,0.12477,0.332336,0.088816
-1.364632,0.82952,0.113318,0.050545
2.05153,0.06936,0.845899,0.531225
1.179388,0.941804,0.350389,0.798014
-0.274796,0.854032,0.290972,0.910914
-0.004074,0.029052,0.621301,0.893829
1.000924,0.1134,0.24439,0.132968
1.542245,0.239737,0.468575,0.425926
1.381257,0.35496,0.060269,0.419334
0.736107,0.503355,0.72873,0.632391
-0.453711,0.868893,0.605891,0.943803
1.6892,0.168678,0.210711,0.469896
1.393855,0.231991,0.141485,0.750905
0.076012,0.054218,0.136822,0.676396
1.511271,0.175433,0.004786,0.729517
0.821107,0.919695,0.722373,0.371426
0.257112,0.983974,0.673974,0.009542
-0.441171,0.751272,0.40745,0.811941
-0.4594,0.864926,0.27246,0.971179
1.385639,0.457146,0.733102,0.376993
1.898531,0.37717,0.193116,0.426296
2.414809,0.3152,0.972187,0.159853
0.09205,0.830611,0.15486,0.335986
0.776912,0.318893,0.770197,0.738711
0.375486,0.664768,0.248635,0.389827
-0.281048,0.945226,0.336312,0.002934
1.369941,0.944263,0.262281,0.27515
0.427597,0.874478,0.669302,0.155827
1.391167,0.048656,0.035061,0.194981
0.528676,0.02929,0.684032,0.497028
0.725642,0.816841,0.885142,0.488003
-0.591508,0.818198,0.739926,0.888408
-0.683929,0.798916,0.017092,0.133628
0.598198,0.928935,0.841912,0.106628
0.436339,0.59636,0.68505,0.572321
-0.189991,0.648096,0.337109,0.336295
0.870649,0.405974,0.414055,0.682089
-1.018841,0.826352,0.48801,0.183633
2.32089,0.37708,0.440335,0.396747
0.062117,0.675206,0.136482,0.534586
0.577219,0.463035,0.413307,0.680627
0.384529,0.641301,0.92012,0.710576
0.252928,0.826734,0.71989,0.053715
1.836189,0.408759,0.416968,0.690244
2.768131,0.187323,0.915529,0.100897
1.148833,0.030201,0.862579,0.72571
0.815214,0.007764,0.172093,0.327462
1.16859,0.184662,0.162515,0.116597
0.528927,0.814349,0.589301,0.672579
0.898627,0.663453,0.556265,0.420799
1.6633,0.035481,0.725225,0.321742
1.954057,0.196387,0.817459,0.900747
2.442857,0.214865,0.999435,0.416771
2.452743,0.259287,0.972,0.589821
1.290874,0.10742,0.353863,0.133584
1.826061,0.587027,0.626076,0.346558
0.005099,0.960272,0.641078,0.89014
1.214637,0.062159,0.314802,0.883142
0.383951,0.591708,0.026197,0.201602
0.218268,0.748865,0.683596,0.974694
0.095012,0.622178,0.586304,0.881628
2.245643,0.2858,0.180595,0.893777
0.729718,0.160582,0.205048,0.470449
0.308968,0.48811,0.152334,0.933043
-0.177438,0.977123,0.330179,0.624701
0.370497,0.557339,0.344004,0.616395
0.751339,0.878718,0.592821,0.023476
-1.692622,0.786901,0.314538,0.962868
2.096693,0.150674,0.242963,0.452935
2.651125,0.431843,0.718597,0.273988
-0.141618,0.949665,0.024405,0.705622
1.041973,0.159277,0.438568,0.400389
1.358633,0.528761,0.601296,0.017445
-0.317281,0.773852,0.836204,0.857986
2.876147,0.155326,0.948691,0.786771
0.443566,0.794605,0.418785,0.214709
1.94667,0.065699,0.702386,0.668529
-0.255391,0.593892,0.712535,0.689063
1.991854,0.210055,0.637875,0.053044
2.883352,0.314428,0.729134,0.37176
-0.326536,0.80192,0.064655,0.450518
-0.023783,0.942592,0.329995,0.527646
2.236226,0.269749,0.221399,0.66325
1.452824,0.246166,0.410525,0.98403
0.018205,0.621497,0.919988,0.314224
0.826365,0.248467,0.042569,0.990459
-0.339419,0.812769,0.139308,0.712574
1.118608,0.931389,0.449957,0.533552
2.139484,0.263678,0.523391,0.767305
2.713832,0.204023,0.884783,0.333625
0.531616,0.639393,0.96994,0.625161
0.96868,0.056442,0.547961,0.153111
1.251355,0.229598,0.30143,0.152294
0.563854,0.651692,0.421073,0.346821
1.746235,0.210456,0.454712,0.836083
0.064285,0.628891,0.224971,0.960093
-0.477569,0.731343,0.02553,0.430652
1.984929,0.479105,0.251725,0.201247
0.343861,0.73976,0.120634,0.663083
0.808424,0.852821,0.60939,0.336509
1.885944,0.157775,0.235954,0.994547
-0.108663,0.73809,0.154263,0.37007
0.815379,0.957455,0.373758,0.562307
0.870671,0.842997,0.856698,0.531013
0.916227,0.537392,0.160999,0.417905
0.077996,0.966957,0.226188,0.038288
1.121152,0.25848,0.268713,0.806813
1.716968,0.398359,0.084772,0.230352
1.297271,0.451489,0.677322,0.700688
1.107124,0.3092,0.767772,0.507498
0.127065,0.945319,0.616659,0.601617
1.938638,0.248012,0.208503,0.747701
2.369136,0.355091,0.079195,0.325119
-0.311774,0.897066,0.127078,0.421013
1.41827,0.950344,0.614572,0.379273
1.476455,0.177831,0.443113,0.60959
-0.418741,0.823044,0.4946,0.901035
0.005962,0.955736,0.115177,0.863753
0.892448,0.531076,0.498407,0.22014
1.381261,0.098643,0.935894,0.674442
-0.241819,0.806675,0.322136,0.62296
3.120721,0.150084,0.776641,0.479528
2.094742,0.384471,0.796158,0.737954
1.621497,0.247715,0.18845,0.178264
1.093936,0.599483,0.643297,0.126405
0.581251,0.908847,0.539257,0.659926
1.026644,0.936616,0.807881,0.044374
-0.078753,0.538463,0.396025,0.661874
1.544167,0.049667,0.957888,0.202323
1.691999,0.430515,0.929017,0.196969
-1.325299,0.692302,0.752299,0.081445
0.064746,0.788074,0.548406,0.500375
0.595786,0.495508,0.081489,0.281578
2.724013,0.188005,0.83689,0.587405
2.24217,0.255983,0.427395,0.062439
2.526196,0.30404,0.351277,0.360251
0.259272,0.839639,0.062555,0.854109
2.265369,0.208464,0.276213,0.657256
0.160342,0.582141,0.310412,0.056267
0.098965,0.740092,0.993681,0.023017
2.137793,0.153128,0.339971,0.277873
-0.595145,0.936995,0.046559,0.813664
0.61313,0.990745,0.246562,0.029235
0.659769,0.875502,0.781298,0.804448
-0.466452,0.55546,0.080042,0.825344
0.00367,0.946133,0.31196,0.998738
-0.605935,0.818769,0.559062,0.739494
0.94801,0.578943,0.526971,0.591658
0.866025,0.267731,0.207925,0.897463
1.96878,0.915134,0.891968,0.319013
-1.073103,0.793779,0.518225,0.111405
0.066769,0.560905,0.11232,0.933234
1.10436,0.495368,0.221847,0.471827
1.719767,0.217935,0.367032,0.693299
1.00265,0.924416,0.02283,0.300946
0.001517,0.911784,0.847705,0.979139
1.161964,0.082138,0.693148,0.108287
0.674888,0.737774,0.968707,0.878008
2.26627,0.165051,0.406677,0.486343
1.982432,0.102405,0.016612,0.639832
2.051517,0.367732,0.906267,0.19347
0.766672,0.622123,0.059267,0.282694
1.45891,0.483029,0.494427,0.466605
1.450153,0.395998,0.448131,0.898138
2.737032,0.265939,0.364236,0.3135
0.329159,0.986456,0.335534,0.315709
1.60589,0.857426,0.7538,0.31435
0.774511,0.932306,0.31522,0.280118
-1.494949,0.779493,0.282253,0.868042
0.872602,0.728893,0.315461,0.653887
1.657247,0.257388,0.347058,0.867245
0.262402,0.652614,0.717855,0.597597
1.338032,0.359402,0.00703,0.685509
0.752808,0.547185,0.270973,0.113066
0.310641,0.970657,0.116906,0.034306
-0.234632,0.743677,0.915419,0.13974
-0.59525,0.950637,0.043586,0.041621
1.29941,0.21457,0.748216,0.729028
1.39811,0.223502,0.322042,0.250092
-0.353593,0.645272,0.441078,0.222405
0.738103,0.079322,0.433895,0.022081
-1.181382,0.842339,0.342498,0.838914
0.775206,0.725734,0.792608,0.713157
1.570256,0.188528,0.579425,0.53001
1.698065,0.467906,0.913409,0.860333
1.739294,0.026244,0.956557,0.863344
0.989759,0.480435,0.291587,0.141121
1.292684,0.352149,0.903913,0.181846
0.214179,0.003828,0.164321,0.759684
0.307736,0.507726,0.041233,0.778764
-0.632543,0.835818,0.394475,0.05155
2.234932,0.055542,0.797846,0.499549
-0.950137,0.626835,0.12612,0.01286
0.815468,0.858269,0.689633,0.188723
1.445744,0.050146,0.001677,0.637634
1.313877,0.49907,0.386248,0.431255
0.373175,0.89548,0.305311,0.663559
1.763001,0.050964,0.330499,0.226011
2.024841,0.148819,0.065742,0.755661
0.657139,0.454786,0.465872,0.959638
0.766644,0.45951,0.515052,0.887368
0.847617,0.64458,0.551155,0.304832
1.318091,0.295798,0.091795,0.795838
-0.98089,0.738768,0.219889,0.94954
0.645098,0.550548,0.5538,0.150436
2.480673,0.144541,0.488901,0.545033
2.18368,0.229734,0.504453,0.572293
2.329387,0.700714,0.972244,0.42783
0.433956,0.940556,0.466143,0.316452
-0.574112,0.563145,0.386459,0.715702
-0.252698,0.666259,0.944603,0.965313
1.066528,0.795054,0.988363,0.561539
0.477368,0.353387,0.672077,0.685174
-0.125585,0.956457,0.865715,0.235663
1.012932,0.000525,0.104453,0.471813
-0.608521,0.909021,0.090088,0.13897
3.07614,0.233285,0.924272,0.610338
1.798897,0.503154,0.825324,0.35632
2.023108,0.354078,0.208453,0.26453
2.385584,0.30594,0.121371,0.667942
1.847349,0.074362,0.190962,0.500255
1.001725,0.919866,0.722673,0.148377
1.407561,0.164582,0.181697,0.064271
0.518489,0.978579,0.861908,0.216471
2.734249,0.259999,0.921499,0.572307
1.147099,0.006292,0.727771,0.875434
2.048302,0.256473,0.903842,0.890044
1.96138,0.131709,0.90308,0.152951
-0.169769,0.838964,0.205242,0.016335
1.972552,0.198924,0.359356,0.49258
0.74651,0.9183,0.755745,0.221388
1.164139,0.949622,0.874667,0.540343
-0.620564,0.737225,0.032222,0.607383
0.289588,0.898796,0.951397,0.797894
0.725387,0.014773,0.281989,0.920956
3.142455,0.075362,0.932084,0.087977
0.75244,0.390929,0.814016,0.792976
0.746566,0.508192,0.244379,0.191115
0.931204,0.847578,0.880178,0.75413
1.305496,0.448788,0.236783,0.744222
1.046915,0.607673,0.092084,0.261323
-0.735409,0.603774,0.528015,0.937103
0.361973,0.19719,0.172939,0.982969
0.387753,0.57495,0.247707,0.040479
0.83846,0.997122,0.739327,0.601955
2.239596,0.246133,0.494742,0.121161
-1.112295,0.986165,0.395545,0.81529
0.188494,0.53112,0.69956,0.937715
0.129659,0.911623,0.842273,0.729072
-0.687526,0.723137,0.435789,0.927426
1.58885,0.993649,0.997075,0.505505
1.744744,0.336027,0.179553,0.316578
0.470003,0.595051,0.333264,0.654769
-0.023106,0.664091,0.069355,0.503664
2.946725,0.231629,0.867827,0.555056
0.861885,0.487369,0.492914,0.595439
1.756083,0.967719,0.334378,0.542332
1.583751,0.290304,0.899634,0.569476
2.238976,0.171705,0.193159,0.478223
0.526032,0.674944,0.975142,0.603737
-0.572703,0.483432,0.632436,0.788256
0.728878,0.16023,0.213837,0.944947
-0.306914,0.961474,0.245678,0.440453
-1.889547,0.849725,0.143791,0.94035
-0.148009,0.978987,0.96693,0.907973
0.70945,0.082525,0.356943,0.700586
1.339397,0.243434,0.177303,0.031224
-0.165788,0.681492,0.0751,0.412527
0.041768,0.593309,0.625649,0.753792
2.588708,0.114798,0.656614,0.687234
0.607174,0.133494,0.191535,0.391467
1.824902,0.134439,0.190221,0.396851
0.990373,0.17093,0.400787,0.58087
0.739538,0.482069,0.393575,0.545386
-0.505704,0.729188,0.458234,0.384962
-0.632472,0.80887,0.321298,0.373813
0.363073,0.149246,0.206496,0.776447
-0.593946,0.670584,0.134486,0.177725
2.024017,0.942249,0.902167,0.322498
1.955548,0.380865,0.369477,0.077498
1.198749,0.965182,0.497433,0.801795
1.522466,0.945146,0.808637,0.3484
0.51564,0.615787,0.826458,0.030597
0.694558,0.531135,0.582458,0.165075
2.007717,0.435266,0.101391,0.267682
-0.547513,0.86288,0.03488,0.822842
1.844931,0.077054,0.954523,0.26305
0.705098,0.571813,0.422502,0.403028
-0.222211,0.762416,0.756852,0.499927
0.777129,0.874616,0.099613,0.496901
0.740388,0.933428,0.496849,0.531714
0.511446,0.685847,0.433328,0.605575
1.518336,0.315167,0.399903,0.050339
1.21892,0.434539,0.415375,0.954866
-0.618568,0.887482,0.545521,0.232155
0.923678,0.126771,0.176518,0.969589
0.119443,0.666302,0.469829,0.657173
1.520138,0.49744,0.310615,0.445325
0.775708,0.565737,0.595563,0.301305
2.45746,0.085593,0.895852,0.144172
1.310104,0.476422,0.998752,0.531986
1.828202,0.220496,0.58627,0.691614
1.482786,0.487224,0.897936,0.375037
-0.370749,0.870959,0.538586,0.930779
0.031119,0.951199,0.452595,0.072233
-0.440634,0.573053,0.349009,0.850857
1.423051,0.037084,0.389155,0.169992
-0.107403,0.846569,0.291648,0.717204
1.042467,0.526847,0.55379,0.471788
-1.248212,0.841936,0.214215,0.927467
1.252043,0.853504,0.992696,0.394623
0.617195,0.600107,0.893486,0.887891
0.410537,0.341305,0.380491,0.793855
0.129061,0.524444,0.698865,0.07819
0.824987,0.748689,0.786233,0.08833
1.069256,0.124561,0.188229,0.728445
1.205356,0.55779,0.041068,0.106198
2.051533,0.372375,0.209456,0.335462
0.693702,0.724033,0.689703,0.085914
1.329118,0.455745,0.824861,0.998643
0.342508,0.560577,0.270413,0.97327
1.496205,0.464179,0.119656,0.978436
1.16809,0.089966,0.716251,0.594606
-0.553124,0.844069,0.625912,0.065999
1.116418,0.267706,0.427951,0.74367
1.418907,0.079119,0.302247,0.389137
2.171631,0.981538,0.85853,0.372852
0.999525,0.343356,0.647737,0.971749
0.645178,0.684858,0.729754,0.594056
0.491155,0.843854,0.849383,0.503045
0.12044,0.895057,0.811903,0.345706
1.374577,0.065956,0.77652,0.894706
2.202987,0.094976,0.368142,0.36013
1.997216,0.1873,0.379158,0.458097
1.80718,0.034151,0.124494,0.580592
0.133049,0.624898,0.725776,0.985102
1.231983,0.341878,0.319628,0.770509
-1.071301,0.630323,0.152467,0.970859
2.144592,0.014004,0.515244,0.950825
0.691434,0.561277,0.736046,0.795855
-0.448625,0.763605,0.037338,0.114681
0.117442,0.859584,0.740057,0.986262
1.721244,0.370936,0.076939,0.279713
-0.155559,0.703552,0.974615,0.749302
-0.520228,0.90371,0.255405,0.894024
1.066301,0.44103,0.89108,0.760323
0.901622,0.03252,0.057904,0.79911
-0.883523,0.730376,0.080335,0.14956
0.444018,0.330916,0.394963,0.170354
0.169098,0.405441,0.035271,0.216001
0.113655,0.965181,0.241308,0.464438
1.501451,0.575882,0.781077,0.419904
0.816144,0.089597,0.238641,0.638335
2.236931,0.478979,0.849659,0.284202
0.958917,0.670395,0.838388,0.519038
2.360916,0.367673,0.75085,0.566263
-0.043225,0.733314,0.005284,0.440147
2.130547,0.177592,0.604755,0.511417
2.117792,0.119982,0.156531,0.416347
-0.053868,0.796539,0.438232,0.30648
0.276346,0.555744,0.272694,0.626009
0.075488,0.055684,0.054559,0.022777
1.768007,0.197074,0.500711,0.577831
1.475641,0.458273,0.219404,0.182227
1.961627,0.024081,0.942226,0.415037
2.079994,0.310742,0.364832,0.60576
0.919305,0.818255,0.906323,0.152614
0.197134,0.615801,0.370716,0.754407
0.259763,0.643891,0.58019,0.680883
1.014445,0.40577,0.142661,0.933187
1.571018,0.49145,0.830159,0.134642
0.739183,0.057763,0.001118,0.429123
0.733288,0.60075,0.686263,0.210753
2.157041,0.260733,0.344149,0.557441
0.574357,0.918881,0.37052,0.478724
0.523986,0.569108,0.473454,0.910118
-0.508562,0.594845,0.647888,0.77225
-0.04134,0.921276,0.128929,0.44031
2.423698,0.176815,0.86572,0.409618
-0.086574,0.760077,0.044649,0.549921
0.330676,0.659653,0.592315,0.351107
2.295122,0.324262,0.672116,0.526688
0.564085,0.618214,0.685604,0.017743
0.129806,0.610127,0.786933,0.562351
2.288375,0.086328,0.85147,0.37524
0.773122,0.618743,0.47762,0.027657
2.006638,0.33282,0.773111,0.559758
1.257165,0.149828,0.16006,0.767576
1.837243,0.173003,0.810902,0.660148
1.569517,0.349281,0.884869,0.832995
1.03736,0.973113,0.96572,0.077038
0.504204,0.584411,0.645568,0.712731
1.838687,0.33059,0.856676,0.048812
2.452903,0.278911,0.050721,0.531318
0.240585,0.757837,0.066159,0.312836
-0.384974,0.625794,0.75805,0.104914
-0.114824,0.788069,0.65612,0.879189
1.791549,0.006888,0.830295,0.047677
0.612022,0.695922,0.721753,0.711812
0.878862,0.358364,0.407367,0.867105
1.182058,0.032471,0.887494,0.93537
0.708603,0.58209,0.343325,0.458109
0.722281,0.757912,0.515154,0.558536
1.087791,0.411375,0.343646,0.047781
0.454232,0.521764,0.525228,0.2565
-0.161192,0.824439,0.604492,0.344137
1.824445,0.309829,0.355875,0.076114
1.118072,0.092971,0.833177,0.660671
3.44869,0.245244,0.936503,0.329463
1.400428,0.384869,0.834837,0.140498
1.480343,0.260966,0.517649,0.144271
0.486158,0.761035,0.181704,0.543458
0.460501,0.848282,0.263263,0.318063
0.780532,0.444241,0.350928,0.798168
-0.581723,0.763154,0.761529,0.866436
1.402666,0.334211,0.216909,0.167145
1.039482,0.521299,0.811148,0.595047
1.089943,0.872551,0.848066,0.294011
0.482064,0.950751,0.184777,0.721162
-1.271451,0.765681,0.375653,0.991963
1.899724,0.397721,0.804125,0.754537
0.681004,0.46658,0.134598,0.180367
-0.196355,0.848329,0.666856,0.148272
1.708765,0.338254,0.453054,0.657857
0.321774,0.672066,0.480195,0.492643
1.197828,0.368801,0.095511,0.841677
1.11518,0.3162,0.280026,0.732622
0.198294,0.500091,0.434266,0.490488
1.243039,0.203851,0.229235,0.636619
1.738461,0.96112,0.682824,0.31259
-0.200514,0.898465,0.524801,0.783716
2.344601,0.234086,0.266144,0.768276
0.845567,0.576683,0.095628,0.581032
0.787309,0.852852,0.793755,0.965603
2.796779,0.275581,0.73706,0.416888
0.159844,0.872279,0.780304,0.336844
-0.768135,0.875471,0.447501,0.21291
0.723852,0.064283,0.61105,0.987412
1.055997,0.296561,0.204999,0.82593
-0.205608,0.634564,0.40057,0.626665
2.138903,0.260615,0.207792,0.151847
1.438891,0.023678,0.805038,0.625121
1.123913,0.60694,0.508242,0.20608
-0.195408,0.022141,0.421869,0.779443
3.054847,0.124652,0.607877,0.311021
1.562209,0.987349,0.634297,0.591523
-0.096901,0.679311,0.509848,0.072156
1.623512,0.953492,0.348881,0.34165
0.325895,0.872702,0.940444,0.879406
0.808043,0.987347,0.489088,0.621177
0.522714,0.59494,0.142459,0.306295
2.02546,0.272728,0.748987,0.791053
1.960295,0.210752,0.597669,0.894374
-0.155771,0.942026,0.590287,0.546387
2.88175,0.271426,0.193184,0.166045
2.254122,0.233216,0.952331,0.543306
2.538044,0.281405,0.843857,0.153556
1.944154,0.53603,0.944106,0.184555
1.376186,0.598007,0.979793,0.470411
0.728809,0.1436,0.165164,0.785482
1.220761,0.49055,0.123326,0.538452
1.153735,0.833173,0.925986,0.590949
1.426871,0.226136,0.189801,0.698638
-0.494582,0.885193,0.201256,0.038125
1.579187,0.412074,0.987581,0.706694
1.348041,0.284589,0.725561,0.052789
0.325034,0.091846,0.158685,0.974366
0.244418,0.666699,0.225939,0.446108
1.217075,0.940307,0.49175,0.590046
1.226369,0.121815,0.478816,0.590458
-0.276925,0.61251,0.281243,0.324214
1.232827,0.111329,0.699152,0.903936
0.939547,0.346436,0.193447,0.765311
1.083634,0.244715,0.35752,0.981944
1.203869,0.464452,0.240152,0.699554
-0.558414,0.668734,0.294148,0.028316
0.803342,0.975342,0.680159,0.62285
2.280672,0.337842,0.806771,0.300489
-0.279397,0.002067,0.495068,0.177611
2.026684,0.327369,0.801617,0.707421
0.581991,0.766944,0.728807,0.543851
-0.036875,0.650989,0.149167,0.794781
-0.209273,0.667095,0.626019,0.124306
3.002605,0.361416,0.994014,0.360865
1.08491,0.194866,0.306909,0.230018
1.838141,0.185131,0.053559,0.041784
0.586039,0.48202,0.276238,0.836067
0.864111,0.022471,0.515875,0.171338
2.070077,0.459416,0.40857,0.310586
0.115174,0.90091,0.181648,0.954073
1.38883,0.461118,0.295166,0.369645
-0.311374,0.828245,0.061693,0.175011
2.421594,0.167192,0.866616,0.450565
0.033823,0.777097,0.455753,0.808258
-0.020951,0.838311,0.242071,0.816671
1.624866,0.248039,0.791284,0.910947
1.687993,0.177047,0.047409,0.379557
1.119539,0.404,0.714723,0.3176
1.026809,0.474729,0.866533,0.25352
2.604094,0.369898,0.558812,0.362707
2.225961,0.43562,0.629171,0.339944
1.94457,0.039953,0.933926,0.381419
0.123275,0.756072,0.489519,0.647789
1.28139,0.378273,0.541837,0.868289
2.446041,0.258918,0.909246,0.09568
0.485266,0.17634,0.747297,0.86231
0.213966,0.880965,0.26944,0.110826
1.801552,0.987242,0.37957,0.201605
-0.295318,0.920772,0.489035,0.184815
1.171202,0.778668,0.753874,0.516683
-0.626492,0.651217,0.045214,0.009663
0.790883,0.995835,0.136423,0.515674
1.822837,0.112771,0.957961,0.633066
0.526214,0.480488,0.617499,0.794483
-0.261133,0.777696,0.578819,0.745163
1.276773,0.83184,0.909819,0.641875
1.922756,0.903446,0.232442,0.30911
3.009019,0.282625,0.845888,0.51734
0.18441,0.710893,0.717675,0.294851
0.775939,0.674304,0.921586,0.646329
0.910815,0.548383,0.562573,0.621066
0.988367,0.022457,0.349851,0.125676
1.910349,0.567487,0.869088,0.637502
-0.522119,0.80388,0.426817,0.841115
1.081096,0.45272,0.915407,0.423329
2.737442,0.275957,0.759084,0.619611
1.071772,0.82145,0.788192,0.404076
1.804232,0.430249,0.705539,0.397352
1.618733,0.459917,0.653785,0.570074
0.214837,0.773832,0.14086,0.371821
1.096826,0.779052,0.805588,0.392778
1.630795,0.60128,0.892824,0.561559
0.072921,0.78266,0.793506,0.256344
1.362151,0.9259,0.85823,0.496194
0.682646,0.843239,0.580962,0.650408
0.31169,0.748878,0.687286,0.325513
1.196674,0.227984,0.746331,0.081399
-0.098376,0.795069,0.257211,0.183286
1.183524,0.59586,0.643703,0.238992
0.906692,0.450647,0.802896,0.305658
0.940698,0.914953,0.909076,0.732244
0.102886,0.989978,0.472504,0.288632
2.630941,0.258054,0.869441,0.332296
-1.594086,0.854688,0.33089,0.749849
1.911172,0.418234,0.619608,0.540119
1.384655,0.169964,0.250203,0.562762
0.478471,0.47122,0.270074,0.66831
0.033646,0.702321,0.624929,0.855609
0.953558,0.734036,0.92391,0.291175
0.382672,0.020231,0.631539,0.071262
0.219687,0.843813,0.475666,0.270126
1.576946,0.038297,0.66019,0.325654
-0.241994,0.972643,0.679443,0.816736
-0.233725,0.763711,0.034798,0.695817
2.276821,0.241105,0.397764,0.390312
0.35789,0.853108,0.444644,0.159382
0.8591,0.222128,0.138786,0.849218
2.315842,0.340321,0.082916,0.370408
0.681487,0.588491,0.205695,0.836807
-0.163722,0.803085,0.440456,0.554085
0.065547,0.91639,0.617731,0.937399
1.097165,0.204755,0.598395,0.747466
0.507318,0.258115,0.366315,0.881699
1.220581,0.132606,0.103549,0.609988
-0.174654,0.583068,0.685876,0.845436
2.332099,0.258319,0.623387,0.301782
-0.773614,0.809278,0.822993,0.128172
1.524754,0.247981,0.816155,0.94521
-1.397215,0.708246,0.338851,0.090342
2.951368,0.316326,0.682788,0.524742
2.725702,0.195611,0.709088,0.035112
1.863965,0.829211,0.955598,0.202894
1.713877,0.305972,0.292591,0.640525
1.740049,0.057954,0.740667,0.163167
1.727329,0.060155,0.8359,0.560084
-0.478275,0.752963,0.694702,0.474344
-0.429695,0.763401,0.716071,0.801836
2.014584,0.858275,0.92091,0.469742
1.347762,0.358047,0.568281,0.94133
0.811363,0.895507,0.489504,0.148197
-1.023427,0.876103,0.017517,0.077833
1.26758,0.988786,0.227345,0.159698
0.172432,0.999646,0.526787,0.027235
2.280287,0.208433,0.906201,0.608105
-0.539299,0.753519,0.105085,0.813676
1.0129,0.219992,0.040227,0.909349
-0.838699,0.818816,0.198911,0.681726
0.634454,0.488281,0.096512,0.712735
-1.262206,0.703243,0.150931,0.753567
0.640166,0.009609,0.338594,0.165157
0.865397,0.068269,0.497979,0.156255
0.752752,0.110305,0.427947,0.270383
0.014123,0.940306,0.710611,0.026137
1.304053,0.193328,0.224245,0.253881
-0.228633,0.704302,0.588291,0.544889
0.265319,0.864866,0.09074,0.194614
-0.694968,0.550102,0.052991,0.074375
1.460861,0.378919,0.726825,0.877049
3.65356,0.160125,0.9987,0.444258
0.887951,0.167749,0.694308,0.103743
0.759639,0.910884,0.999978,0.869667
2.495486,0.347371,0.844942,0.158049
-0.288053,0.752536,0.304042,0.267325
-0.12717,0.954999,0.445402,0.043529
-0.705542,0.537139,0.220259,0.859625
1.569375,0.30582,0.314222,0.609381
1.404314,0.991776,0.781766,0.276074
0.793396,0.445023,0.379947,0.645354
-0.129767,0.561384,0.795033,0.081891
1.257785,0.331658,0.044625,0.909198
2.223934,0.39676,0.231337,0.149548
0.840832,0.163172,0.32027,0.562426
1.969707,0.354243,0.509325,0.763133
1.456099,0.792696,0.457567,0.494448
0.70561,0.079127,0.035467,0.581464
1.403254,0.194525,0.491815,0.756119
1.718964,0.254216,0.048204,0.690472
-0.124818,0.64954,0.356004,0.76509
0.657328,0.661831,0.186079,0.700333
1.32508,0.917592,0.696371,0.485659
-0.905329,0.896079,0.346219,0.049771
0.15498,0.876479,0.716052,0.733128
-0.87809,0.69986,0.627472,0.758673
-1.116302,0.708333,0.055764,0.692951
2.050766,0.129472,0.308981,0.395452
1.160642,0.379858,0.736379,0.671875
-0.58186,0.752724,0.483298,0.845901
1.687227,0.956336,0.776976,0.399543
1.275682,0.247415,0.496337,0.646722
1.128612,0.02773,0.357172,0.586556
0.855967,0.701815,0.451674,0.367582
2.607948,0.208669,0.79635,0.758329
-0.263131,0.816615,0.537986,0.580886
1.003141,0.020637,0.034871,0.637317
2.76209,0.126457,0.971613,0.259658
0.596814,0.96683,0.437721,0.001396
-0.232045,0.785415,0.752065,0.69181
0.953887,0.500181,0.595169,0.251439
1.522676,0.292492,0.255064,0.357829
1.176835,0.581079,0.613081,0.564332
1.844145,0.271581,0.424531,0.389582
-0.865098,0.684236,0.407371,0.647582
2.317031,0.457818,0.9466,0.231657
0.290298,0.506677,0.435934,0.742386
2.208351,0.158448,0.403279,0.56647
1.758125,0.316082,0.780143,0.619587
0.590975,0.49949,0.305181,0.210026
0.981287,0.319325,0.363634,0.752372
1.05507,0.767349,0.647446,0.342464
0.584394,0.619402,0.357954,0.689053
1.001706,0.091283,0.6052,0.936375
2.405253,0.249333,0.029945,0.42405
2.725387,0.341478,0.372709,0.377287
2.358279,0.367138,0.791303,0.566607
1.655067,0.413715,0.153007,0.019702
0.986402,0.058828,0.181319,0.393496
2.059504,0.250356,0.915097,0.569632
1.099394,0.431683,0.555981,0.85371
0.208158,0.787022,0.243676,0.626665
1.651681,0.093621,0.335071,0.485856
1.335431,0.345409,0.657284,0.026915
0.3067,0.960415,0.939515,0.066468
-0.624842,0.88566,0.629319,0.026943
-0.238648,0.861724,0.120258,0.283667
2.070987,0.220903,0.8779,0.926694
1.105911,0.576014,0.18743,0.504583
-0.045982,0.450201,0.513085,0.861085
0.862327,0.032878,0.2783,0.450946
0.404015,0.713639,0.322424,0.585871
0.404261,0.608593,0.088411,0.450607
-0.312626,0.876891,0.329697,0.191825
1.965165,0.111939,0.499137,0.231809
3.147856,0.325514,0.62518,0.6853
-0.648405,0.745538,0.182517,0.995412
1.957019,0.96161,0.808263,0.250144
1.21533,0.085959,0.455632,0.522494
2.228276,0.19705,0.898946,0.032499
0.501389,0.969176,0.339547,0.574937
0.459663,0.746848,0.957439,0.084087
1.967792,0.307139,0.902249,0.043305
1.286608,0.291441,0.780719,0.961959
-0.096594,0.813606,0.144738,0.298377
1.128426,0.088115,0.565157,0.098643
1.364388,0.434794,0.466894,0.542547
-0.763399,0.6016,0.180243,0.173415
2.595343,0.079011,0.98852,0.104471
0.542291,0.577492,0.209202,0.531072
-0.331873,0.674984,0.619525,0.937135
-0.502574,0.707322,0.676337,0.736102
-1.045624,0.873058,0.074776,0.00098
0.807456,0.003424,0.967485,0.785219
1.445764,0.351364,0.183796,0.813957
0.693431,0.717195,0.99445,0.051665
1.245557,0.07752,0.001296,0.309959
2.512984,0.379744,0.8018,0.452776
-0.428194,0.795546,0.667811,0.248896
2.388395,0.303997,0.334699,0.481166
0.624204,0.963016,0.752897,0.215508
0.736126,0.909988,0.63884,0.768626
1.921618,0.962711,0.878715,0.190457
-1.073626,0.90121,0.008516,0.932179
1.894132,0.60998,0.970086,0.524133
-0.121144,0.934093,0.151157,0.379158
1.664237,0.172306,0.829474,0.320877
0.335673,0.950724,0.101419,0.126519
2.038094,0.14838,0.987219,0.82579
-0.713334,0.789043,0.446567,0.804046
0.880774,0.454267,0.269342,0.550295
2.03617,0.233636,0.205146,0.474796
0.228199,0.583778,0.83886,0.920085
1.085002,0.128139,0.523058,0.101611
1.068488,0.186962,0.336687,0.029505
1.796195,0.23001,0.713443,0.39399
1.973072,0.072712,0.169327,0.082688
2.54472,0.171556,0.872834,0.228613
1.243602,0.253433,0.071614,0.059608
-1.300269,0.820901,0.237844,0.17137
2.370908,0.085145,0.94495,0.267818
1.142256,0.015101,0.45337,0.574059
-0.062371,0.637028,0.565867,0.563123
0.691737,0.369459,0.164565,0.968855
0.111513,0.963643,0.382915,0.870267
1.786662,0.483287,0.843816,0.973743
1.279797,0.205656,0.220718,0.756386
-0.088857,0.954592,0.534215,0.287156
1.589025,0.131451,0.084106,0.557224
1.309421,0.081172,0.460738,0.258214
-0.640898,0.655336,0.815159,0.165544
0.838773,0.038191,0.906343,0.169708
0.512343,0.624443,0.523147,0.373295
1.454514,0.208135,0.361524,0.063839
0.162274,0.413113,0.105108,0.037554
-0.09066,0.856416,0.902322,0.855788
0.500506,0.929542,0.686387,0.55689
0.099197,0.770137,0.624498,0.706807
2.306424,0.218144,0.834179,0.811668
0.711852,0.898255,0.444978,0.460095
1.402975,0.420198,0.875232,0.0021
1.919051,0.303842,0.830977,0.65267
0.340099,0.555766,0.540791,0.175233
0.0803,0.797852,0.24119,0.534631
0.622808,0.58506,0.310755,0.301854
0.400071,0.907374,0.179699,0.252984
0.515121,0.900911,0.251868,0.55652
-0.799668,0.733407,0.203255,0.786925
1.321483,0.577508,0.29376,0.170782
0.700142,0.983596,0.051477,0.828015
0.357286,0.510497,0.118956,0.933255
1.105448,0.263761,0.147058,0.674894
1.342693,0.984588,0.864081,0.442642
2.388749,0.184268,0.848811,0.814737
0.112179,0.702719,0.32364,0.345612
2.626189,0.481677,0.83959,0.389551
-0.766934,0.772895,0.310204,0.526755
1.754504,0.416808,0.570342,0.310757
0.559781,0.66939,0.917191,0.974421
0.519524,0.570569,0.879231,0.115652
0.398834,0.0238,0.718395,0.660663
1.842019,0.268014,0.489665,0.996986
2.242533,0.255049,0.876305,0.386621
-0.349885,0.893749,0.63859,0.887043
0.078003,0.884399,0.073101,0.662511
2.954678,0.256684,0.937376,0.317335
1.004413,0.598407,0.573523,0.240364
-0.488358,0.588004,0.448237,0.892446
1.668853,0.499135,0.287079,0.405178
2.315344,0.190912,0.71847,0.42555
-0.176026,0.766122,0.893997,0.880036
2.087032,0.18184,0.963794,0.873219
-0.466973,0.937,0.236123,0.937082
1.035746,0.989611,0.431887,0.526832
0.122851,0.96045,0.443111,0.95441
0.874226,0.366894,0.475362,0.723682
1.629703,0.321857,0.845515,0.940677
1.56925,0.087465,0.175327,0.668524
0.611797,0.721699,0.735452,0.376499
0.054117,0.858909,0.427411,0.948745
0.147029,0.03935,0.610675,0.792674
0.500968,0.799402,0.765115,0.109464
0.514396,0.733124,0.833901,0.409325
2.209389,0.5095,0.916231,0.508186
0.005899,0.655464,0.594391,0.768808
-0.174427,0.380567,0.063696,0.998901
0.462033,0.736381,0.040653,0.62892
0.888468,0.903113,0.647724,0.655402
-0.489527,0.830513,0.874458,0.903214
0.910362,0.507249,0.417725,0.618704
2.683574,0.111519,0.89818,0.160522
-0.762709,0.840823,0.335212,0.803468
-0.186968,0.636068,0.445477,0.350685
0.853877,0.143696,0.203261,0.08947
-0.560353,0.620114,0.400154,0.092846
1.974554,0.506571,0.65947,0.35312
0.522341,0.764235,0.575223,0.840407
1.671704,0.256384,0.476118,0.388994
2.369595,0.137519,0.128109,0.399635
-0.036385,0.812589,0.453846,0.96074
1.999932,0.358083,0.768467,0.836293
1.209446,0.306286,0.888824,0.886283
1.81672,0.220288,0.650082,0.320539
0.610832,0.94949,0.502894,0.728617
0.707915,0.873985,0.302338,0.461205
1.05012,0.480571,0.026454,0.455641
0.825889,0.771092,0.45057,0.306912
0.944527,0.017026,0.338811,0.197724
0.756816,0.953031,0.706301,0.722823
0.870261,0.770222,0.29687,0.377964
-0.538969,0.768692,0.864113,0.967566
1.973866,0.21336,0.014325,0.207355
1.206851,0.99491,0.458845,0.884319
-0.476769,0.903953,0.66041,0.997065
1.558524,0.507868,0.189492,0.274065
2.689986,0.332604,0.401463,0.190748
2.505772,0.225943,0.561752,0.556107
-0.335842,0.718485,0.280292,0.100483
2.764295,0.115756,0.94439,0.087675
3.07633,0.433135,0.62598,0.533814
1.567162,0.516676,0.929901,0.658561
1.340162,0.788356,0.826944,0.465328
0.609974,0.54839,0.392317,0.665299
1.329286,0.460591,0.13478,0.308525
1.834352,0.371337,0.767793,0.682591
-0.736571,0.706914,0.215791,0.587524
3.035331,0.332151,0.511066,0.562648
3.044073,0.321366,0.112867,0.376371
2.949676,0.280426,0.632692,0.282107
0.279458,0.778921,0.608352,0.27346
1.255104,0.044856,0.63953,0.243968
-0.454026,0.882467,0.260851,0.909725
1.149768,0.318049,0.602003,0.744534
2.303499,0.261987,0.62143,0.646677
0.079728,0.861317,0.807901,0.661034
0.757954,0.853755,0.996342,0.857722
1.889656,0.071979,0.816674,0.959663
2.853495,0.090757,0.886631,0.445276
2.200974,0.229445,0.607646,0.224682
1.321701,0.130795,0.38014,0.609939
2.422439,0.369431,0.778858,0.684303
1.959949,0.126629,0.547403,0.065073
-1.108032,0.731468,0.176654,0.107633
0.884574,0.976976,0.739175,0.193739
0.655434,0.559573,0.552431,0.80156
2.031193,0.482138,0.51645,0.307869
0.481853,0.993025,0.455485,0.805385
1.343749,0.482133,0.989841,0.295116
3.498281,0.240827,0.879263,0.458389
0.078654,0.031334,0.973376,0.950471
-1.322541,0.744542,0.414482,0.769312
0.476584,0.996854,0.179728,0.740091
1.653357,0.199065,0.911751,0.067149
-0.441601,0.895237,0.232398,0.089875
0.979736,0.389009,0.084856,0.26983
-0.474534,0.996989,0.433313,0.927263
3.110194,0.283494,0.553939,0.146767
0.91227,0.480097,0.31809,0.096468
0.430226,0.01141,0.27091,0.078249
1.237568,0.382753,0.478784,0.75654
1.261611,0.648597,0.269799,0.174363
0.847632,0.505313,0.042935,0.543611
1.19853,0.858171,0.799974,0.235544
2.368811,0.189056,0.943824,0.640798
1.036491,0.206255,0.170087,0.979301
0.101801,0.101608,0.996087,0.947121
-0.655581,0.795206,0.56628,0.785057
0.391528,0.866467,0.748321,0.1627
1.519544,0.080113,0.057354,0.297664
2.423189,0.276761,0.7034,0.437759
1.913534,0.230679,0.109165,0.811374
1.086109,0.133542,0.454597,0.484877
0.530705,0.686093,0.381886,0.464113
0.157993,0.985145,0.860996,0.952402
2.960859,0.242819,0.624318,0.350319
1.488273,0.474989,0.885096,0.078181
0.381793,0.647514,0.863711,0.190309
1.394014,0.105699,0.495981,0.87266
0.627549,0.807394,0.206261,0.457649
2.665937,0.22742,0.270024,0.368117
0.292443,0.859972,0.470423,0.766138
-0.038849,0.826179,0.094174,0.495724
-0.716427,0.796864,0.423257,0.033966
2.06917,0.427223,0.956539,0.335036
-0.887362,0.856533,0.328198,0.164298
1.054051,0.360318,0.771872,0.878867
1.661759,0.3016,0.398825,0.079848
0.497974,0.392069,0.078876,0.7062
2.15026,0.093374,0.9389,0.483966
-0.157045,0.630696,0.271946,0.274966
0.370305,0.065156,0.590797,0.68217
1.50849,0.472427,0.788234,0.188206
2.25728,0.448258,0.865201,0.545512
-0.729945,0.705363,0.263436,0.130799
3.334062,0.393914,0.893468,0.215513
0.350577,0.768099,0.567459,0.160494
-0.602948,0.788479,0.102486,0.615974
1.409434,0.28256,0.748423,0.837907
2.633652,0.278287,0.249735,0.225019
1.250688,0.350183,0.485027,0.899089
0.403663,0.487955,0.969054,0.81351
1.188871,0.037586,0.448105,0.760365
0.337243,0.752936,0.987915,0.244446
1.083411,0.578846,0.934183,0.026177
-0.125437,0.709704,0.917848,0.784381
0.466557,0.802743,0.174183,0.914761
-0.841405,0.909771,0.238519,0.596707
2.141651,0.172161,0.579323,0.491539
0.290264,0.664109,0.523943,0.319522
0.283408,0.942733,0.496412,0.497157
-1.055765,0.682948,0.104854,0.729075
1.906759,0.318837,0.240983,0.540306
0.634583,0.014074,0.727986,0.643172
0.43976,0.737862,0.118068,0.241022
0.903157,0.718148,0.575512,0.385314
-0.266221,0.841639,0.322264,0.513295
1.277491,0.12088,0.540733,0.644637
1.106905,0.625135,0.765394,0.566198
1.477907,0.181353,0.014317,0.174044
0.736227,0.886241,0.303247,0.362424
0.484026,0.914956,0.686658,0.171082
0.370546,0.970478,0.712003,0.977966
2.039873,0.214953,0.027777,0.194139
0.412512,0.992283,0.515992,0.735023
0.281404,0.555766,0.386899,0.65693
0.349422,0.101599,0.084495,0.745242
0.784834,0.461102,0.530808,0.021969
2.156578,0.171048,0.655663,0.136207
1.727206,0.45617,0.792359,0.384561
1.855046,0.993135,0.686562,0.450986
0.157228,0.96557,0.02556,0.832561
-0.459888,0.88622,0.429414,0.045374
1.9648,0.318103,0.332901,0.207562
0.641771,0.153946,0.309788,0.738019
1.527423,0.99626,0.673347,0.551339
1.899574,0.259447,0.764054,0.877985
-1.263174,0.692116,0.077237,0.009845
0.27418,0.789096,0.973039,0.541742
1.272446,0.704873,0.954107,0.497692
1.848484,0.012325,0.098032,0.349208
-0.012264,0.034247,0.665041,0.908919
1.309324,0.892823,0.52818,0.240645
1.733694,0.347339,0.760243,0.099572
0.976724,0.548262,0.801147,0.140603
1.785511,0.36249,0.670103,0.659411
1.31166,0.994552,0.572715,0.401843
2.481284,0.361626,0.742757,0.497564
0.421656,0.888801,0.740075,0.30354
3.05158,0.129929,0.871508,0.510563
0.335985,0.677001,0.177614,0.727987
0.73034,0.528083,0.079794,0.249577
-0.166711,0.839282,0.137578,0.48093
1.250456,0.212429,0.258551,0.744609
1.420629,0.287172,0.199402,0.70396
1.06405,0.481919,0.367537,0.418253
1.238843,0.096725,0.026135,0.910396
1.289779,0.20429,0.649515,0.00564
0.225677,0.712236,0.96052,0.181688
0.221847,0.669433,0.331992,0.314686
1.786049,0.663592,0.753331,0.318298
-0.447488,0.616799,0.038971,0.854264
1.083717,0.65992,0.419547,0.439419
1.95286,0.105926,0.743785,0.162801
1.288936,0.489073,0.863273,0.992342
0.417587,0.985926,0.734267,0.188472
2.108283,0.325912,0.394103,0.648194
0.199346,0.706429,0.98399,0.95457
2.571008,0.305414,0.389174,0.313441
3.561354,0.242972,0.849747,0.669293
0.667847,0.67161,0.745526,0.258037
0.699873,0.774255,0.972801,0.806809
2.053388,0.256784,0.49587,0.810659
1.288002,0.097605,0.063628,0.019853
1.705677,0.430193,0.529362,0.502118
1.187213,0.16203,0.355026,0.098195
1.040254,0.930371,0.432117,0.770574
0.807192,0.812028,0.746572,0.10432
2.26417,0.269046,0.829559,0.800264
0.452558,0.900374,0.194061,0.482985
2.881851,0.165993,0.954447,0.086898
1.0413,0.209172,0.437839,0.833112
1.878047,0.123008,0.464261,0.529186
-0.307359,0.838149,0.367691,0.149392
1.224982,0.474938,0.14967,0.819722
-0.298664,0.69776,0.042385,0.490298
0.184182,0.034287,0.465259,0.98107
0.488797,0.533806,0.887801,0.899195
1.489545,0.06682,0.631211,0.765411
0.703379,0.67733,0.940029,0.398214
1.1917,0.324369,0.333153,0.839948
2.192303,0.005204,0.992204,0.46997
-0.396473,0.744178,0.356932,0.24098
0.37476,0.488878,0.156162,0.46101
0.619405,0.11168,0.706633,0.886633
0.373103,0.789822,0.980909,0.756854
-0.042181,0.91139,0.507394,0.151515
0.669584,0.68339,0.812445,0.748073
-0.438215,0.784288,0.476155,0.964881
0.318828,0.88646,0.994758,0.890813
1.742205,0.536917,0.894064,0.370007
0.575691,0.903509,0.350414,0.253469
2.617797,0.233222,0.950177,0.269842
0.639376,0.068724,0.44622,0.902665
-0.106507,0.707829,0.701109,0.002261
1.20399,0.695173,0.526424,0.43158
-0.229575,0.758959,0.531804,0.615323
0.164005,0.99193,0.547508,0.063639
1.185579,0.039798,0.652864,0.865247
1.064054,0.821118,0.946728,0.318249
0.46435,0.831098,0.178954,0.405822
1.706176,0.336415,0.083813,0.905861
0.775498,0.510218,0.045476,0.064949
0.190211,0.865843,0.68795,0.955564
1.817538,0.336111,0.247832,0.62558
0.553648,0.880686,0.265506,0.68704
0.335184,0.867542,0.763425,0.120772
-0.528338,0.626079,0.612609,0.873112
0.37991,0.7553,0.438779,0.343338
0.002417,0.99477,0.258409,0.762182
1.848273,0.264435,0.464437,0.186701
3.646666,0.315025,0.962308,0.51429
1.147787,0.39654,0.098486,0.470052
1.036403,0.036208,0.598519,0.385203
0.423879,0.524261,0.761189,0.816686
-0.033752,0.462755,0.169814,0.022476
1.68501,0.595007,0.261681,0.405731
-0.639428,0.582542,0.103843,0.585547
1.074987,0.639217,0.236321,0.311865
2.164255,0.419178,0.741126,0.662997
0.844252,0.04307,0.14017,0.226918
3.045394,0.284077,0.467351,0.617116
0.3614,0.647384,0.566387,0.220625
-0.529326,0.701965,0.534433,0.069135
1.986241,0.304904,0.845081,0.675122
-0.15955,0.763565,0.503647,0.63682
0.786612,0.996497,0.600141,0.197062
1.791341,0.326446,0.507172,0.749788
1.824923,0.499301,0.631244,0.310731
-0.13229,0.781189,0.656174,0.687211
1.262509,0.600491,0.891388,0.534925
0.728182,0.373241,0.298605,0.051651
-0.215094,0.796974,0.735267,0.002132
1.558877,0.161766,0.57435,0.165621
0.80109,0.925705,0.072942,0.303849
-1.56473,0.749875,0.454861,0.790013
-0.303606,0.595228,0.253783,0.151216
-0.446668,0.862262,0.390417,0.174489
3.384301,0.317969,0.94739,0.376447
1.258599,0.101593,0.583691,0.078711
2.198853,0.272642,0.40943,0.430959
1.012687,0.294485,0.717944,0.569042
0.559585,0.741044,0.64322,0.420053
1.425142,0.056764,0.537659,0.457984
2.09289,0.058209,0.60562,0.694605
1.774154,0.231079,0.346575,0.060511
-0.077381,0.704576,0.542218,0.091022
0.356729,0.894027,0.915256,0.055867
0.40921,0.868221,0.73468,0.441118
1.515471,0.439096,0.489339,0.707406
1.543623,0.396019,0.133511,0.490628
1.341209,0.147431,0.605551,0.185761
1.595558,0.455199,0.423339,0.701898
0.329252,0.537442,0.061923,0.202002
1.712883,0.481794,0.846685,0.706886
1.713353,0.098394,0.581355,0.570903
-0.028762,0.88627,0.72281,0.808147
-1.205558,0.764403,0.104233,0.968208
1.527607,0.483567,0.279266,0.439403
1.101296,0.058665,0.552247,0.497737
0.577853,0.877106,0.612875,0.247652
-1.586261,0.808756,0.327139,0.90212
0.031511,0.550658,0.447773,0.579677
0.386168,0.627172,0.523604,0.30804
0.715682,0.969877,0.539614,0.057941
-0.036792,0.925399,0.060027,0.907527
2.558074,0.44429,0.926067,0.769681
0.740321,0.977256,0.077707,0.146791
0.926744,0.975959,0.940629,0.419826
3.167275,0.108857,0.908901,0.658457
1.694153,0.303873,0.672938,0.601413
0.736057,0.265444,0.179239,0.714131
-0.286072,0.697593,0.477762,0.557112
0.269043,0.934557,0.633344,0.012265
0.412195,0.780521,0.786667,0.526161
0.955446,0.191327,0.234786,0.131633
1.976536,0.374987,0.588567,0.494584
-0.073105,0.933037,0.332823,0.000249
-0.379791,0.944757,0.41314,0.059162
0.46496,0.974595,0.147979,0.500587
-0.632323,0.764238,0.364696,0.060542
1.529201,0.12137,0.09154,0.211839
0.673249,0.472999,0.737899,0.013749
1.477886,0.052678,0.49032,0.406602
-0.030506,0.697103,0.889392,0.371085
1.985658,0.241436,0.252604,0.510222
2.270584,0.348905,0.813738,0.212458
1.001786,0.99349,0.862733,0.872782
-0.452373,0.653186,0.190036,0.824483
2.022026,0.180082,0.526229,0.611716
0.77084,0.603552,0.929824,0.569395
1.625634,0.076905,0.334576,0.216754
1.436461,0.143864,0.518792,0.991101
0.186048,0.893196,0.176609,0.549748
0.322897,0.954219,0.705812,0.083031
-0.750605,0.744797,0.631302,0.836888
1.19655,0.459656,0.060475,0.095547
-0.146144,0.829678,0.61732,0.139537
2.352173,0.316577,0.428102,0.351445
0.324696,0.982871,0.671556,0.0323
0.22813,0.912417,0.719914,0.840419
0.507669,0.596471,0.453115,0.257878
1.213401,0.416582,0.653918,0.321883
0.514545,0.473028,0.396772,0.786874
-0.097848,0.817784,0.830242,0.006278
1.884067,0.298653,0.915348,0.801935
0.237689,0.962941,0.298807,0.133351
0.855519,0.195022,0.303237,0.752241
-0.20383,0.790334,0.421483,0.578439
0.974461,0.359415,0.024448,0.00929
0.952931,0.506474,0.36286,0.678614
-0.078674,0.774609,0.332836,0.818164
-0.698398,0.762253,0.57166,0.027612
-0.255281,0.949012,0.194165,0.893576
1.044884,0.847222,0.591292,0.349646
0.063882,0.914818,0.96913,0.153856
1.528435,0.084946,0.474542,0.647383
-0.703791,0.592464,0.78714,0.974124
-0.262666,0.783511,0.413383,0.21385
0.218439,0.727365,0.618046,0.876736
0.453415,0.655744,0.639387,0.300683
1.937274,0.52222,0.609705,0.177181
2.631783,0.349149,0.687601,0.102703
3.428648,0.303941,0.999387,0.319878
1.912353,0.24797,0.659957,0.428144
0.327052,0.353926,0.098228,0.92803
-1.036674,0.738778,0.318573,0.927902
-0.338241,0.662539,0.122084,0.678227
1.970127,0.265407,0.557368,0.450065
0.365133,0.804105,0.729029,0.133966
0.788499,0.117063,0.196429,0.684783
1.905848,0.472897,0.575456,0.315317
0.462691,0.543976,0.829821,0.336827
-0.527622,0.925325,0.484372,0.835099
1.170005,0.933982,0.26159,0.564324
-0.227371,0.899421,0.18658,0.069528
2.480488,0.213143,0.835012,0.709125
0.99165,0.529602,0.698779,0.603005
0.370691,0.890924,0.394831,0.28667
2.088117,0.613436,0.850101,0.596659
1.750578,0.901075,0.668111,0.28735
0.918164,0.398148,0.082087,0.696516
-0.454039,0.923742,0.622034,0.707998
1.954137,0.172351,0.997577,0.731726
2.781073,0.192665,0.778284,0.542801
-0.424836,0.490109,0.827085,0.750403
1.812754,0.350375,0.368984,0.741305
0.848285,0.536277,0.698609,0.685326
1.260124,0.9559,0.60151,0.20368
2.135953,0.147922,0.900245,0.19873
1.654424,0.556362,0.378746,0.249291
-1.355769,0.78136,0.384724,0.863769
1.830291,0.417997,0.820632,0.915116
2.7591,0.193049,0.988093,0.156943
0.849687,0.928409,0.539398,0.480529
0.581945,0.050704,0.183654,0.467353
0.164394,0.773536,0.722783,0.237813
2.151198,0.125846,0.31061,0.551482
1.266528,0.994272,0.778468,0.720947
1.622622,0.151543,0.034341,0.86244
1.201673,0.92212,0.790538,0.570631
0.625686,0.952088,0.567275,0.522552
2.246626,0.211381,0.247719,0.691272
-0.4805,0.651675,0.376744,0.572707
1.553086,0.24866,0.367486,0.706121
1.096944,0.275972,0.801108,0.954448
1.133702,0.443746,0.898138,0.859341
0.508806,0.404589,0.252748,0.003441
0.925315,0.949254,0.128035,0.519864
0.623753,0.45427,0.242853,0.143615
0.09348,0.859508,0.708184,0.017139
2.122825,0.099767,0.417376,0.512911
1.304875,0.027722,0.749685,0.677369
0.573263,0.055412,0.166452,0.534086
0.615922,0.882565,0.04609,0.132593
1.449042,0.6601,0.892211,0.203684
-0.611818,0.638663,0.1793,0.185992
-0.407169,0.662098,0.428137,0.930248
1.43293,0.457756,0.728543,0.361978
1.07065,0.471448,0.69698,0.677075
1.091714,0.812491,0.919167,0.136479
1.682464,0.535127,0.821023,0.443105
-0.09033,0.904949,0.64258,0.816392
-0.658938,0.676735,0.210624,0.018361
-0.371082,0.955333,0.624486,0.990575
-1.138833,0.718052,0.563668,0.924465
1.161346,0.470769,0.244455,0.617715
2.218729,0.366478,0.812227,0.052001
0.458242,0.685557,0.664918,0.453303
0.573684,0.710909,0.362157,0.547282
1.930095,0.08002,0.282158,0.967061
0.273488,0.550621,0.431274,0.888614
0.136306,0.576142,0.625076,0.962089
3.8148,0.339827,0.996356,0.502686
0.608923,0.320648,0.269193,0.806697
0.983219,0.394345,0.001648,0.360393
2.624901,0.250483,0.561905,0.429048
2.319296,0.024819,0.863571,0.381367
0.124898,0.74669,0.677182,0.949684
0.197967,0.891551,0.87052,0.79996
-0.10123,0.915984,0.362878,0.593921
3.078489,0.261423,0.90947,0.305242
1.472118,0.286245,0.153233,0.760458
0.45839,0.492732,0.28474,0.60335
-0.50591,0.564473,0.047009,0.736822
1.954387,0.161535,0.383941,0.536154
-0.124856,0.951263,0.532208,0.650984
0.738446,0.967818,0.295095,0.956017
2.111414,0.23502,0.894612,0.150022
1.606886,0.416095,0.36257,0.486564
-0.0134,0.904315,0.766411,0.9297
0.552675,0.879941,0.535019,0.243246
0.184249,0.565317,0.271041,0.764878
0.493051,0.616153,0.042237,0.34349
1.663417,0.016284,0.647463,0.46651
2.297989,0.171516,0.801006,0.690776
0.262796,0.590063,0.518045,0.561479
1.058109,0.297624,0.55036,0.878145
-1.181488,0.799748,0.072909,0.947118
0.678565,0.98299,0.268609,0.677445
1.38586,0.995194,0.224741,0.323721
0.961408,0.870249,0.786911,0.331834
0.051507,0.827826,0.412812,0.963947
0.984043,0.655827,0.030357,0.230164
-0.183441,0.749358,0.465383,0.376503
0.745338,0.138319,0.020108,0.864834
1.390801,0.209045,0.551673,0.685579
1.850631,0.334628,0.168727,0.566991
2.229907,0.187967,0.103765,0.201584
-0.21543,0.781112,0.570899,0.093411
1.153821,0.039808,0.73149,0.047437
0.778965,0.011112,0.824848,0.869661
0.505441,0.921298,0.745426,0.938478
0.566434,0.610817,0.834102,0.930363
1.347919,0.653124,0.961301,0.414657
1.258239,0.483649,0.842461,0.034743
2.098938,0.032758,0.44147,0.401343
1.653302,0.06297,0.456485,0.361113
-0.530502,0.651106,0.150845,0.150034
2.304103,0.186061,0.140372,0.321623
1.242616,0.132592,0.618366,0.113572
-0.424372,0.585704,0.37091,0.642669
2.746191,0.299286,0.999302,0.738441
0.206576,0.626748,0.573251,0.336802
0.158603,0.806283,0.142991,0.197602
0.893219,0.156611,0.030882,0.961954
1.785952,0.330391,0.907492,0.010268
0.326815,0.913259,0.038429,0.948954
0.842958,0.567298,0.857948,0.962716
0.005825,0.654358,0.725623,0.624762
0.071939,0.626872,0.943749,0.531056
0.57797,0.479828,0.104499,0.149518
-0.433022,0.657648,0.691476,0.952517
0.513979,0.716614,0.535061,0.179056
-0.047804,0.937983,0.555442,0.861211
0.855379,0.244952,0.121842,0.971445
0.520371,0.04491,0.549162,0.440014
1.769841,0.426364,0.503321,0.588127
1.000077,0.049807,0.142162,0.263573
1.465669,0.412628,0.534394,0.543934
0.054646,0.79245,0.217938,0.252093
0.298838,0.856238,0.558483,0.205367
1.970511,0.390117,0.121031,0.557861
0.567857,0.034551,0.775445,0.883948
0.641643,0.564568,0.821308,0.9154
0.836948,0.146926,0.069031,0.851152
2.687877,0.461748,0.597792,0.429175
1.000166,0.558095,0.91813,0.3722
0.796498,0.129757,0.082352,0.870825
1.259279,0.076446,0.852673,0.121404
-1.369018,0.647609,0.128469,0.743707
1.298226,0.07028,0.58062,0.294438
-0.330986,0.62994,0.44153,0.826077
1.380589,0.978029,0.25667,0.574455
1.740581,0.312315,0.499297,0.325922
0.591877,0.466118,0.705597,0.695002
0.04255,0.700303,0.232867,0.649036
0.286374,0.457015,0.274838,0.802927
1.268696,0.532864,0.546689,0.549853
-0.434698,0.803699,0.920222,0.001871
0.376141,0.82535,0.313074,0.476352
1.840978,0.269653,0.578538,0.004715
0.126734,0.699396,0.58215,0.199877
1.745162,0.121126,0.663757,0.510283
1.515618,0.437506,0.394923,0.635228
2.610102,0.251934,0.604487,0.769014
1.642515,0.181183,0.099576,0.532818
0.163528,0.485473,0.291545,0.537332
2.061187,0.30557,0.991121,0.693853
1.064403,0.877541,0.648725,0.281981
0.398152,0.836111,0.610098,0.771457
1.71463,0.372234,0.424581,0.159968
0.957259,0.315181,0.51075,0.880494
0.976506,0.949691,0.784858,0.384691
0.846572,0.577355,0.451111,0.320462
-0.476888,0.746759,0.499591,0.274436
2.683622,0.048328,0.953451,0.493752
1.766851,0.254221,0.831099,0.041443
1.608137,0.163498,0.362173,0.621051
-0.449691,0.792946,0.30024,0.179049
1.001541,0.977779,0.017692,0.339019
2.560299,0.1477,0.947931,0.178307
0.15107,0.422595,0.002447,0.831925
0.711399,0.751123,0.741705,0.464572
1.0796,0.521781,0.717191,0.230196
2.172956,0.183848,0.890534,0.007983
1.437016,0.533099,0.808726,0.571929
1.124704,0.907314,0.768004,0.387342
1.154209,0.44026,0.611322,0.532415
1.448595,0.227963,0.255704,0.923725
0.505904,0.465514,0.996682,0.077113
1.161784,0.433236,0.066455,0.221106
1.473544,0.338589,0.495432,0.106471
0.392861,0.598995,0.11825,0.147322
1.129861,0.952829,0.638017,0.36559
0.366401,0.483,0.340143,0.989659
2.065308,0.550815,0.900906,0.510809
2.720799,0.382477,0.993397,0.367625
-0.382733,0.641296,0.163664,0.31082
2.847562,0.194716,0.945416,0.903182
-0.158916,0.52516,0.58581,0.701641
-1.022699,0.635351,0.249282,0.604678
1.284826,0.348474,0.491466,0.371143
2.114081,0.368216,0.317664,0.223988
2.307806,0.278222,0.783409,0.037044
0.804556,0.908529,0.536279,0.803889
0.414789,0.545626,0.784031,0.949404
0.460127,0.04327,0.407903,0.795536
1.108369,0.796555,0.772454,0.320155
0.397473,0.739693,0.5945,0.395499
1.185518,0.074872,0.145437,0.388845
1.961039,0.061491,0.863002,0.348985
1.996473,0.191869,0.422067,0.10963
0.729277,0.55401,0.752377,0.017544
-1.383118,0.802641,0.094361,0.995597
1.361067,0.124266,0.972439,0.883232
0.952872,0.126265,0.282344,0.032416
1.819223,0.508871,0.870013,0.543186
2.562216,0.333634,0.922358,0.167348
1.395485,0.400481,0.213676,0.347026
3.362688,0.221504,0.897668,0.596946
1.734641,0.289686,0.204461,0.649073
2.350947,0.208298,0.551632,0.375467
1.732122,0.166939,0.149757,0.619647
0.357321,0.367021,0.259749,0.018481
1.312477,0.106028,0.911627,0.988426
0.899873,0.331295,0.162536,0.86163
0.90816,0.039946,0.002846,0.739018
2.021321,0.319594,0.670122,0.354922
1.199305,0.955065,0.670793,0.488562
1.777905,0.224333,0.048146,0.629513
1.447347,0.479772,0.19562,0.543476
1.718349,0.173009,0.255641,0.267294
-0.941202,0.907851,0.144312,0.955489
0.14121,0.544143,0.458171,0.652908
1.395317,0.010029,0.793918,0.390678
0.434965,0.499007,0.450973,0.923014
1.69716,0.10283,0.814741,0.494568
-0.257203,0.750061,0.745593,0.882953
0.884136,0.999138,0.695808,0.145518
1.855474,0.128657,0.124413,0.458219
2.497186,0.9671,0.955745,0.399509
1.189134,0.012778,0.651526,0.642478
-0.329621,0.886058,0.049348,0.829367
2.388217,0.270778,0.358823,0.310724
1.621293,0.975019,0.510688,0.468758
0.30741,0.24303,0.032925,0.146644
0.259404,0.757272,0.771691,0.120171
-0.16208,0.736272,0.934904,0.791079
1.455062,0.049415,0.746217,0.060669
0.677488,0.388425,0.123136,0.801082
0.751915,0.455318,0.274978,0.664526
0.58274,0.886236,0.701634,0.811874
2.475026,0.139827,0.996516,0.401187
0.994063,0.330015,0.4072,0.749346
1.232836,0.352732,0.135642,0.121866
0.157957,0.611221,0.541393,0.043789
1.106391,0.457343,0.578755,0.040232
1.07946,0.880126,0.44384,0.452964
1.606067,0.501332,0.683939,0.144984
1.278579,0.902037,0.537039,0.062608
0.061476,0.577822,0.837851,0.873641
0.680787,0.861586,0.715382,0.893329
0.445029,0.659351,0.663798,0.003035
1.05263,0.557328,0.532249,0.60048
-0.311813,0.867168,0.416475,0.684549
2.297297,0.372695,0.714615,0.307749
1.423505,0.09119,0.544377,0.600709
0.829418,0.961648,0.39163,0.245417
2.656195,0.179979,0.477317,0.452955
0.69227,0.80118,0.762556,0.247852
0.087488,0.214255,0.024991,0.868183
2.306547,0.085031,0.72822,0.117079
0.620454,0.911598,0.921917,0.931722
0.575939,0.460588,0.72682,0.601026
1.11504,0.048772,0.42467,0.476305
0.587924,0.482658,0.949139,0.897571
1.092192,0.274101,0.524183,0.998784
-0.513633,0.541359,0.14159,0.144781
-0.517412,0.642524,0.108128,0.409552
1.454373,0.818776,0.892358,0.066687
0.639133,0.507926,0.11683,0.052007
2.185325,0.41137,0.208808,0.280284
0.918198,0.428528,0.733247,0.970151
0.478436,0.733235,0.880359,0.126655
3.373197,0.357192,0.987007,0.195255
-0.078708,0.830555,0.225377,0.552899
0.365662,0.467435,0.403466,0.040877
-0.660445,0.577741,0.460858,0.937819
2.366895,0.257527,0.651577,0.507049
1.944876,0.440082,0.628882,0.2449
0.682599,0.748632,0.458901,0.317523
0.967424,0.798704,0.026686,0.478606
0.922763,0.881089,0.993062,0.873631
0.764851,0.473372,0.376442,0.15319
0.064297,0.039168,0.364958,0.882551
1.472533,0.924135,0.134681,0.330866
0.828527,0.967004,0.754734,0.27059
1.571749,0.044632,0.665191,0.655281
0.530061,0.677478,0.972485,0.780171
0.949567,0.422274,0.125051,0.134718
-0.048254,0.790918,0.025155,0.234193
1.176744,0.237717,0.298237,0.969423
1.292324,0.281682,0.775217,0.953139
2.816682,0.176025,0.630678,0.564683
-0.744805,0.907448,0.484324,0.897109
2.0073,0.207744,0.803181,0.063923
-0.355142,0.708367,0.839352,0.498555
0.774777,0.473996,0.569618,0.242241
1.243371,0.120293,0.721136,0.975787
0.097094,0.978613,0.305666,0.68506
-0.418215,0.966554,0.607912,0.921535
2.225215,0.288741,0.782597,0.610847
0.321155,0.730102,0.170265,0.145098
1.278606,0.079381,0.666371,0.577317
0.838851,0.475767,0.22398,0.32041
-0.404956,0.827228,0.300389,0.597398
2.524753,0.999886,0.698669,0.279308
1.006015,0.165233,0.329902,0.666747
2.512794,0.213371,0.934582,0.472851
2.043321,0.240089,0.999916,0.798052
1.618077,0.217806,0.047451,0.390534
0.918481,0.347424,0.219336,0.827111
2.086765,0.130884,0.990925,0.99239
0.41721,0.915049,0.208916,0.453334
0.821364,0.005177,0.196209,0.142234
-0.422318,0.809849,0.508079,0.804226
1.820332,0.082088,0.336952,0.425765
2.399288,0.08172,0.614966,0.443908
1.415718,0.527938,0.731919,0.743537
2.070692,0.479704,0.957983,0.199825
0.591813,0.481195,0.790864,0.713924
1.334036,0.041572,0.874031,0.594148
0.42496,0.024189,0.428693,0.261658
0.541379,0.996602,0.83019,0.161353
1.060608,0.189037,0.153664,0.701103
0.522545,0.829593,0.339238,0.185695
1.447779,0.361973,0.014265,0.821164
0.990246,0.034538,0.029081,0.461949
1.466319,0.155737,0.211605,0.628655
-0.537684,0.727225,0.513041,0.503756
0.64621,0.989754,0.001598,0.180574
1.597696,0.229163,0.513356,0.966779
1.110489,0.031869,0.677225,0.723322
2.129064,0.430245,0.691413,0.138482
2.00484,0.10916,0.853315,0.440955
-0.205586,0.788481,0.723272,0.912303
1.793411,0.448786,0.573949,0.288142
0.710273,0.439117,0.513105,0.915264
2.166462,0.124175,0.597573,0.078191
-0.92387,0.786557,0.242162,0.709429
0.157985,0.603026,0.21388,0.858994
1.649535,0.436079,0.970185,0.96912
1.606785,0.073987,0.898227,0.013864
1.103871,0.129471,0.354134,0.717429
1.212054,0.068492,0.049165,0.161875
1.718035,0.02399,0.396258,0.133089
1.556795,0.26281,0.341971,0.46776
1.206827,0.05553,0.616727,0.281125
1.573448,0.115547,0.199343,0.938416
0.765607,0.122295,0.358516,0.161878
1.723856,0.434694,0.669317,0.492823
1.55987,0.217335,0.451575,0.978193
0.950466,0.643847,0.508691,0.161948
-0.760752,0.805082,0.0021,0.877883
3.110153,0.316963,0.874377,0.387732
1.687426,0.146202,0.03872,0.698906
0.608277,0.719983,0.637323,0.232077
0.119464,0.843692,0.657855,0.063484
2.187945,0.358612,0.896043,0.302473
-0.45826,0.765489,0.495487,0.985165
-0.058832,0.032094,0.578088,0.587985
1.860865,0.124362,0.688707,0.139376
-0.674335,0.864362,0.99771,0.928132
1.12424,0.050298,0.700942,0.471488
0.496431,0.977249,0.621515,0.23601
1.328813,0.897289,0.977316,0.38812
1.456128,0.443831,0.917647,0.215872
0.957549,0.927693,0.643831,0.370724
1.177276,0.036858,0.546018,0.284076
-0.175657,0.809711,0.360601,0.556032
0.529296,0.66974,0.666695,0.494375
2.388515,0.269911,0.825923,0.14463
-0.155373,0.74297,0.524415,0.282527
-0.999312,0.641376,0.425889,0.097894
0.212913,0.998818,0.685996,0.094898
1.827584,0.152616,0.282631,0.241029
0.462414,0.437265,0.473474,0.964232
0.053979,0.745079,0.026557,0.473651
0.786036,0.489133,0.671962,0.741314
-0.207389,0.978097,0.053209,0.71216
0.805131,0.511761,0.612305,0.773983
-0.478693,0.642346,0.499883,0.522494
3.030885,0.190771,0.949885,0.62056
1.470083,0.170859,0.331766,0.421931
1.463332,0.317848,0.787312,0.204924
1.976147,0.283445,0.441526,0.277217
1.530961,0.940917,0.081552,0.358486
0.022288,0.708753,0.414944,0.884103
2.440125,0.152301,0.804763,0.266001
2.56423,0.274731,0.772027,0.571521
0.618744,0.614724,0.798286,0.107283
2.652334,0.243127,0.969914,0.447968
0.692006,0.84729,0.985461,0.155264
-0.078883,0.973721,0.177155,0.976968
0.046915,0.665873,0.363589,0.358752
0.891725,0.50463,0.223949,0.094959
0.460202,0.506823,0.157525,0.540598
0.826325,0.811175,0.534806,0.259204
0.164939,0.719907,0.994709,0.043505
-1.231547,0.634778,0.274497,0.725614
0.546029,0.647232,0.115818,0.458494
1.64146,0.393709,0.466318,0.606158
2.182504,0.017731,0.144769,0.37058
1.185476,0.603591,0.599827,0.640087
-1.795658,0.862041,0.147102,0.808526
1.159354,0.382524,0.459693,0.782384
0.110743,0.505115,0.513263,0.847469
-0.357509,0.730488,0.427284,0.29976
0.770398,0.435947,0.171722,0.081759
2.234276,0.296561,0.777326,0.757083
-0.288652,0.570445,0.153238,0.825318
0.232745,0.867318,0.878865,0.838456
2.415507,0.441827,0.896178,0.927093
0.383494,0.055816,0.172553,0.129712
1.453919,0.051775,0.248287,0.529179
0.896457,0.285197,0.397908,0.990688
1.022973,0.653345,0.847544,0.387741
0.772895,0.311743,0.007373,0.82341
1.498766,0.025431,0.5369,0.44963
2.65575,0.120823,0.679356,0.664176
1.523758,0.037281,0.923907,0.134581
0.116625,0.442238,0.35278,0.77742
1.736297,0.204566,0.850604,0.548866
1.052275,0.701588,0.859523,0.115893
0.012885,0.719457,0.482849,0.85958
1.717381,0.297465,0.920543,0.777519
0.393454,0.92665,0.669722,0.119078
2.286121,0.25259,0.830645,0.807034
1.370194,0.100062,0.533325,0.426216
-0.018999,0.563395,0.314141,0.034047
-1.281587,0.78047,0.226566,0.648342
0.898797,0.732615,0.765332,0.552447
2.545582,0.120438,0.483856,0.300962
1.154587,0.938376,0.790024,0.816223
1.301798,0.329396,0.039103,0.535115
1.677983,0.069944,0.019189,0.477565
2.208747,0.23379,0.228831,0.016641
1.462047,0.388588,0.761061,0.926537
2.637452,0.259999,0.888569,0.307788
-0.298208,0.586887,0.057866,0.432675
1.084894,0.433513,0.435478,0.57551
-0.684347,0.680273,0.491779,0.934058
-0.040121,0.748617,0.359083,0.410746
0.164908,0.944636,0.262559,0.199756
0.743233,0.594601,0.978858,0.129341
1.64897,0.649837,0.88209,0.473311
0.724618,0.427834,0.540793,0.811491
0.722917,0.100767,0.198227,0.830838
-0.663297,0.684836,0.938742,0.967314
2.557182,0.319346,0.819044,0.524087
0.342594,0.561471,0.05318,0.876222
-0.932537,0.874539,0.097684,0.733634
1.436728,0.995089,0.389844,0.288778
1.68588,0.143055,0.827187,0.950805
1.178092,0.661564,0.882175,0.334932
-0.259645,0.793224,0.385675,0.829222
-0.285994,0.789705,0.15787,0.448966
-0.011707,0.985692,0.39072,0.02805
0.223282,0.879551,0.073416,0.936978
2.786715,0.329873,0.390527,0.345335
1.229916,0.011035,0.453269,0.890012
0.948206,0.134628,0.668292,0.016611
1.06958,0.389646,0.862321,0.908704
-1.208311,0.814563,0.825207,0.783959
1.48548,0.157345,0.207029,0.586017
1.876181,0.224311,0.560409,0.352869
0.121773,0.595312,0.029304,0.196757
2.518137,0.373746,0.729008,0.032335
0.608465,0.381417,0.159443,0.271268
0.011388,0.531221,0.020311,0.702017
0.362068,0.563531,0.109455,0.727279
1.42748,0.032759,0.063815,0.550961
1.372578,0.974087,0.049532,0.495653
1.161359,0.999317,0.077675,0.420717
1.120988,0.264302,0.479947,0.820768
-0.850245,0.778588,0.171876,0.8172
0.132567,0.961767,0.766019,0.225868
2.195635,0.420131,0.742054,0.749002
1.092704,0.401165,0.516257,0.847148
-0.446096,0.608407,0.058966,0.155763
1.463836,0.037185,0.879832,0.241952
0.901476,0.057349,0.900811,0.664183
1.759845,0.393125,0.050133,0.005923
0.280016,0.055037,0.04163,0.13146
1.56955,0.06813,0.34532,0.390945
1.470963,0.360106,0.821802,0.813963
0.98877,0.422686,0.210063,0.183652
1.574422,0.113255,0.133206,0.406983
2.103575,0.35195,0.84668,0.081874
0.128882,0.674721,0.727296,0.085013
1.696317,0.374171,0.139723,0.025541
2.428219,0.23909,0.576695,0.100781
1.755717,0.207096,0.218896,0.230247
0.645919,0.078462,0.216495,0.351403
1.532801,0.182641,0.430618,0.931934
0.727766,0.803221,0.136834,0.324232
0.708251,0.03074,0.332656,0.91148
2.575771,0.068134,0.9968,0.528368
1.02438,0.258676,0.184517,0.5446
0.197622,0.709492,0.422769,0.190795
2.080024,0.294563,0.954031,0.253062
1.13002,0.553987,0.33979,0.190076
2.172997,0.241281,0.067294,0.387492
0.709912,0.536408,0.23302,0.546043
1.161676,0.1554,0.747342,0.124931
0.076175,0.662824,0.11875,0.620303
0.771503,0.672415,0.9806,0.310971
0.321867,0.57569,0.098082,0.362406
1.429074,0.299664,0.421758,0.794868
-0.114379,0.595859,0.284291,0.698743
2.155493,0.064412,0.963371,0.169634
0.300653,0.536444,0.686942,0.691196
0.891471,0.928009,0.985308,0.112593
1.532388,0.087173,0.054675,0.677646
-1.034365,0.703713,0.471794,0.973373
1.394594,0.343095,0.704163,0.838886
-0.673305,0.732706,0.536232,0.122786
0.951755,0.407805,0.605219,0.899434
1.409441,0.470242,0.46163,0.851508
1.851768,0.077682,0.911318,0.08214
-0.548979,0.668981,0.071793,0.723393
1.144118,0.534349,0.922299,0.781083
-0.183072,0.756624,0.028034,0.817768
0.679229,0.961835,0.132811,0.517915
2.413634,0.281255,0.966968,0.948962
0.519583,0.190047,0.324801,0.041997
0.932748,0.35025,0.098413,0.865677
0.571191,0.605506,0.67517,0.503763
1.052301,0.141282,0.34496,0.999977
1.326325,0.439952,0.947097,0.872383
0.621944,0.91077,0.402401,0.35857
0.005562,0.689944,0.749019,0.699719
2.287254,0.358065,0.10588,0.761981
-0.554924,0.696821,0.044882,0.138444
0.514809,0.920933,0.815387,0.923869
0.081871,0.846463,0.110333,0.446936
0.131827,0.856518,0.819536,0.748823
1.137272,0.473023,0.090787,0.275914
-1.040089,0.866437,0.154789,0.027857
0.676033,0.047345,0.134587,0.081417
1.182796,0.947556,0.843724,0.422429
0.196726,0.69823,0.505059,0.565185
0.50339,0.702389,0.53094,0.442295
0.73533,0.622732,0.329113,0.27403
-0.564812,0.70779,0.146937,0.595855
1.721941,0.455716,0.439791,0.561589
-0.497906,0.989451,0.074417,0.949316
1.414874,0.42974,0.62346,0.487048
0.150626,0.955232,0.100003,0.497858
0.450986,0.785879,0.806197,0.565809
1.095029,0.395827,0.887829,0.839384
1.686199,0.204129,0.265312,0.954871
1.751619,0.234311,0.57559,0.705839
2.202804,0.443423,0.611895,0.558333
2.252166,0.144187,0.585673,0.195757
2.414898,0.219362,0.07562,0.567584
1.92404,0.123855,0.349949,0.934113
0.801653,0.736907,0.918368,0.119106
-0.377547,0.899218,0.223968,0.943363
-0.544745,0.638908,0.005804,0.668199
2.17073,0.127677,0.754931,0.971339
1.549739,0.406231,0.63275,0.346034
1.791319,0.068604,0.896343,0.214967
2.691726,0.114695,0.824743,0.250333
0.989006,0.98725,0.506261,0.763379
1.652636,0.403412,0.395569,0.483451
2.485913,0.138121,0.011937,0.540402
0.107696,0.782077,0.644196,0.873714
-0.300512,0.955086,0.013759,0.461242
0.398519,0.533827,0.208079,0.605685
1.368779,0.421244,0.513754,0.141183
0.534168,0.560118,0.159021,0.879237
2.746704,0.223237,0.827092,0.498064
1.357975,0.311654,0.47145,0.273293
0.692885,0.616735,0.238038,0.081928
3.04119,0.259813,0.723802,0.156847
1.882732,0.13555,0.938268,0.015783
0.733315,0.902694,0.829091,0.430541
2.142728,0.181023,0.856096,0.644058
-1.101506,0.736301,0.382016,0.66324
1.51396,0.134755,0.751241,0.685862
2.179346,0.274356,0.972295,0.146341
1.395992,0.936596,0.37648,0.367311
-0.551531,0.617351,0.587181,0.528094
2.022116,0.9113,0.938865,0.246888
1.668285,0.340373,0.411697,0.739162
2.835055,0.184978,0.988873,0.561287
1.015457,0.967837,0.334587,0.161673
1.512022,0.490699,0.011365,0.228481
1.806222,0.482625,0.047746,0.339254
-0.538191,0.970488,0.133328,0.823326
0.34449,0.448472,0.376242,0.866034
0.292991,0.591782,0.665874,0.5331
1.304875,0.439085,0.791352,0.771732
0.85179,0.792393,0.676613,0.348943
0.525938,0.690224,0.757338,0.248415
-0.229591,0.656127,0.394949,0.686151
2.502789,0.157915,0.504941,0.70328
0.134665,0.753214,0.438323,0.630827
2.108345,0.184934,0.650833,0.617558
1.797678,0.000248,0.770572,0.771144
0.626134,0.189169,0.142706,0.742437
2.257104,0.382771,0.702128,0.718445
0.612409,0.853801,0.978667,0.145812
1.902387,0.20018,0.131499,0.265824
1.687131,0.287656,0.070502,0.785979
0.927498,0.89884,0.17286,0.644742
1.542885,0.045709,0.85398,0.864457
0.012321,0.895389,0.189042,0.637869
0.663424,0.462298,0.546435,0.89844
1.316894,0.04561,0.995773,0.575108
1.524741,0.121575,0.32836,0.978739
-0.188185,0.827662,0.413018,0.062203
1.898061,0.183291,0.634011,0.102922
1.322486,0.932879,0.353821,0.094169
0.81752,0.985965,0.393781,0.798516
0.939703,0.01199,0.232046,0.079817
2.13025,0.052028,0.723712,0.430994
0.048478,0.105218,0.086158,0.73385
0.429048,0.918616,0.954133,0.73128
3.573162,0.203549,0.945042,0.487311
2.479063,0.257838,0.296539,0.378752
1.736862,0.191197,0.353858,0.154454
1.72969,0.323279,0.409563,0.120331
0.443264,0.592849,0.22328,0.545297
0.297344,0.589231,0.646782,0.000171
-0.09918,0.979047,0.757688,0.990354
-0.485728,0.708808,0.152518,0.614705
-0.417886,0.73111,0.405214,0.741156
1.001098,0.408382,0.361224,0.696531
-0.544543,0.902881,0.255944,0.953256
0.427284,0.044253,0.149154,0.728836
0.311249,0.67923,0.195566,0.518354
1.898937,0.338089,0.901439,0.850114
0.259102,0.685018,0.716157,0.377836
1.835854,0.956683,0.618706,0.600195
1.243201,0.656414,0.925523,0.50562
0.982283,0.105123,0.255649,0.620967
1.091513,0.062074,0.759402,0.875154
1.463945,0.209085,0.013556,0.916165
0.90129,0.703781,0.80083,0.391586
2.0958,0.54679,0.904964,0.413427
2.045103,0.341989,0.855348,0.811076
1.470023,0.082239,0.111691,0.873915
0.965797,0.831394,0.683117,0.508046
1.506103,0.923351,0.991204,0.119083
1.15909,0.981131,0.995423,0.709005
1.432701,0.394026,0.554794,0.288192
1.528625,0.265761,0.17362,0.67023
0.847051,0.5856,0.700423,0.109865
2.416591,0.567006,0.955709,0.374926
2.270498,0.165537,0.875262,0.121564
1.553928,0.291103,0.182217,0.304822
0.142226,0.907628,0.347744,0.423875
1.125446,0.294,0.183513,0.040036
0.36748,0.0112,0.425272,0.46672
1.294815,0.179748,0.419966,0.043345
1.790691,0.193742,0.13818,0.743513
1.434226,0.570084,0.373701,0.49648
-0.844536,0.625202,0.334839,0.67241
0.581966,0.993131,0.196286,0.671573
-0.880231,0.934607,0.196988,0.918788
0.893267,0.218144,0.502288,0.930988
-0.744936,0.771794,0.404456,0.743786
2.347898,0.366941,0.867531,0.25746
1.367306,0.131871,0.673653,0.246023
-0.100148,0.858257,0.097184,0.175734
1.598032,0.351094,0.133742,0.356203
0.52654,0.782976,0.362804,0.431412
-1.288005,0.721139,0.441957,0.954903
1.075862,0.977468,0.132511,0.180464
-0.106405,0.701936,0.051642,0.542027
1.508436,0.092736,0.902703,0.833392
2.274184,0.191954,0.556648,0.321111
1.206297,0.565737,0.977706,0.541422
-0.190114,0.988383,0.814222,0.963362
0.127049,0.667118,0.60637,0.065454
-0.032711,0.632603,0.037506,0.753116
-1.063512,0.816897,0.152265,0.011385
-0.838094,0.784335,0.657025,0.914002
0.700306,0.454712,0.276238,0.343309
0.408914,0.000525,0.269861,0.560831
-0.116647,0.80464,0.328244,0.459172
1.147851,0.015996,0.110319,0.141795
-0.07356,0.933917,0.668351,0.838049
0.000898,0.774376,0.27058,0.894322
1.301792,0.632807,0.941342,0.062784
1.180709,0.257348,0.221734,0.929094
0.505668,0.707914,0.584022,0.948542
1.651565,0.360612,0.678861,0.167109
0.62851,0.115491,0.300653,0.222446
1.030235,0.736317,0.93721,0.897248
1.800375,0.237987,0.872922,0.188496
1.120438,0.362587,0.030245,0.020926
-0.020309,0.941191,0.083951,0.067619
1.008278,0.054329,0.739765,0.25028
1.780846,0.251182,0.150291,0.689282
-0.218694,0.822195,0.139222,0.453045
-0.211792,0.66847,0.241977,0.662967
0.031445,0.031041,0.210193,0.78035
2.903462,0.221863,0.758798,0.304447
1.340895,0.101128,0.605196,0.369672
0.526584,0.050816,0.413514,0.903248
-0.254273,0.002366,0.17984,0.738617
0.66167,0.618216,0.21895,0.456528
-0.094363,0.023979,0.561448,0.692086
1.606685,0.343754,0.584319,0.074654
1.126142,0.442641,0.035773,0.497862
0.498891,0.629635,0.361815,0.206635
1.671417,0.452419,0.021389,0.617542
1.372497,0.55583,0.933432,0.257875
1.053234,0.442769,0.418311,0.14868
0.13933,0.699823,0.172425,0.311068
0.189099,0.177006,0.256974,0.871709
1.510933,0.218831,0.087184,0.166303
1.619733,0.031909,0.084192,0.259469
2.389403,0.219833,0.391985,0.506179
0.484074,0.038062,0.165232,0.755093
0.622403,0.505228,0.166568,0.84609
0.197266,0.771829,0.994455,0.897776
-0.121536,0.736655,0.198738,0.564276
2.658613,0.162253,0.814608,0.026814
-0.486903,0.888258,0.044963,0.913522
0.211606,0.97018,0.315406,0.885637
-0.796718,0.883797,0.227066,0.912008
2.223058,0.345882,0.735029,0.62145
1.540489,0.231474,0.714173,0.895957
3.168357,0.282565,0.966124,0.459169
1.247377,0.972933,0.387395,0.571078
0.397612,0.992807,0.307401,0.729841
1.300451,0.923169,0.736308,0.361833
-0.694981,0.733334,0.804559,0.024053
1.449815,0.401881,0.645684,0.953852
0.068989,0.648334,0.561368,0.351601
1.854721,0.001993,0.322547,0.606616
1.237947,0.921113,0.802106,0.283929
0.33769,0.673881,0.581951,0.702577
-0.100378,0.748211,0.55825,0.127717
1.602955,0.107414,0.430127,0.959965
-0.546157,0.174314,0.018479,0.978879
1.117977,0.117784,0.376638,0.634192
-0.311895,0.06111,0.020472,0.91937
0.458034,0.721678,0.78893,0.117698
-0.618945,0.543375,0.363299,0.890305
-0.73116,0.806556,0.582054,0.47736
0.988065,0.01369,0.52533,0.664244
2.386103,0.200767,0.799659,0.677403
1.353008,0.762434,0.951557,0.425836
1.446463,0.200651,0.55614,0.648054
0.199373,0.088031,0.583345,0.677545
0.635075,0.388854,0.123499,0.916583
0.357108,0.990713,0.237034,0.417026
0.766333,0.677757,0.782809,0.087101
-0.04018,0.865923,0.420774,0.708792
0.033285,0.87069,0.765286,0.12279
-0.88026,0.790444,0.909356,0.217859
1.237975,0.373586,0.009958,0.667527
2.325543,0.09646,0.033625,0.429297
1.405256,0.956359,0.109229,0.247993
1.430194,0.130735,0.959553,0.942059
1.296274,0.809398,0.906896,0.322247
1.873288,0.945396,0.188345,0.295955
-0.057909,0.885893,0.738499,0.20683
0.756253,0.474163,0.348705,0.143153
1.292598,0.400545,0.619887,0.027847
-0.304045,0.874696,0.471723,0.08882
1.411966,0.731124,0.914158,0.313815
1.515298,0.584814,0.768125,0.202722
0.561002,0.403117,0.645952,0.90449
2.182408,0.083062,0.437919,0.395515
0.719315,0.085701,0.10789,0.941152
1.571987,0.381223,0.722036,0.974424
0.456035,0.646856,0.916682,0.462446
-0.908425,0.955762,0.554919,0.867903
1.394869,0.342204,0.19954,0.950679
2.265328,0.31885,0.886951,0.01357
1.317929,0.949734,0.025965,0.265534
-0.467777,0.957119,0.561648,0.995776
0.66357,0.988877,0.180747,0.01431
-1.112504,0.640547,0.64389,0.736441
1.674889,0.992799,0.728445,0.571911
0.106152,0.764029,0.673602,0.033697
0.107087,0.903266,0.396743,0.401446
-1.388032,0.929457,0.132538,0.920586
2.039601,0.501032,0.686184,0.492286
0.269842,0.531233,0.045509,0.748437
-0.804031,0.712244,0.644009,0.664227
-0.175219,0.796714,0.911716,0.679288
-0.712899,0.66184,0.031987,0.611688
2.302592,0.512774,0.923749,0.501777
1.485824,0.987302,0.760338,0.378037
2.278333,0.081225,0.518537,0.127067
0.341479,0.739358,0.837889,0.278024
0.918534,0.88359,0.876163,0.376721
0.5443,0.820889,0.972767,0.393648
2.570907,0.09144,0.778019,0.376003
3.483582,0.191045,0.952807,0.117208
-0.59248,0.840593,0.093342,0.840743
1.764056,0.235792,0.365677,0.474602
0.913506,0.936114,0.616611,0.934858
0.831227,0.553022,0.589809,0.28437
1.218959,0.249194,0.222515,0.052829
0.977291,0.905891,0.262788,0.209605
1.561367,0.362435,0.03583,0.182961
0.438984,0.052683,0.149759,0.273961
0.641742,0.442038,0.304272,0.201817
-0.50353,0.96771,0.01334,0.67619
-0.439424,0.762568,0.15428,0.023302
0.533761,0.876621,0.822984,0.04872
1.200325,0.931854,0.126117,0.537479
0.047561,0.795021,0.793336,0.451957
3.02621,0.189842,0.704213,0.392703
1.956803,0.183087,0.110682,0.573232
-0.452655,0.704728,0.349455,0.247692
0.595918,0.606745,0.149215,0.389106
-0.624125,0.622156,0.186339,0.973539
-0.829806,0.694844,0.371065,0.104367
0.787646,0.526762,0.478982,0.005938
-0.706033,0.851409,0.297835,0.809059
1.407416,0.052123,0.673427,0.40829
1.349172,0.21577,0.001528,0.391944
1.126765,0.945649,0.064927,0.910101
1.069246,0.027727,0.644703,0.999188
-0.067446,0.898994,0.941733,0.828582
-0.659849,0.79069,0.016525,0.976952
2.92463,0.147475,0.939214,0.502238
0.200767,0.985158,0.097256,0.283371
0.577135,0.067067,0.484065,0.87683
0.540377,0.034357,0.745121,0.730533
0.581251,0.694027,0.366261,0.333462
1.770894,0.412501,0.811633,0.699118
0.202885,0.721108,0.344454,0.186294
0.719015,0.213463,0.667161,0.052874
0.135766,0.005153,0.143112,0.897799
1.460362,0.420016,0.507156,0.591098
-1.166585,0.659046,0.250569,0.018409
1.072819,0.519456,0.273123,0.30519
2.121624,0.395193,0.576467,0.569839
-0.951512,0.750459,0.616556,0.832556
0.122154,0.567845,0.350754,0.743352
1.663584,0.564157,0.921955,0.353652
2.617025,0.088798,0.924565,0.602011
2.536189,0.399031,0.958916,0.074155
2.229473,0.35395,0.59279,0.733693
0.870082,0.585791,0.13555,0.291713
1.257081,0.84314,0.927935,0.279236
0.816562,0.471468,0.624783,0.986501
0.451218,0.949273,0.66493,0.213119
-0.8791,0.68765,0.072031,0.792714
1.409121,0.058828,0.993368,0.061867
0.611446,0.712768,0.455494,0.522081
-0.218864,0.627011,0.359876,0.263036
0.863639,0.475558,0.815573,0.636371
-0.939033,0.786566,0.394972,0.423397
-1.222202,0.827288,0.170071,0.914078
2.210785,0.291238,0.591925,0.701358
-0.184724,0.786499,0.125828,0.318816
0.876705,0.522337,0.790725,0.002426
2.301359,0.37732,0.450705,0.383808
1.626442,0.14033,0.641519,0.089004
1.272901,0.498371,0.142986,0.300763
0.677821,0.98386,0.218007,0.215386
2.13507,0.096789,0.498447,0.289445
-0.653419,0.799585,0.119763,0.184885
0.422127,0.822684,0.206957,0.618034
2.005178,0.198847,0.902529,0.994171
1.394012,0.498542,0.184081,0.424068
2.349786,0.29035,0.211303,0.464249
1.292869,0.550593,0.786381,0.099386
2.135804,0.235938,0.440129,0.740811
-0.03729,0.893911,0.029837,0.93626
1.080059,0.037193,0.948736,0.425655
1.684461,0.851561,0.838684,0.569253
-0.467707,0.829122,0.513754,0.306388
0.28147,0.868408,0.709573,0.523264
1.126882,0.473085,0.830071,0.962515
0.635636,0.980473,0.722038,0.549098
0.013303,0.952157,0.669924,0.020849
1.558833,0.359343,0.755804,0.598072
-1.021007,0.847306,0.402785,0.951763
1.761283,0.216471,0.778306,0.367733
1.375104,0.935073,0.774702,0.747838
-0.261098,0.730573,0.502311,0.59279
1.835567,0.15601,0.805839,0.60611
1.339996,0.543272,0.79024,0.496975
1.456823,0.31399,0.247193,0.085577
2.513476,0.356357,0.678467,0.482823
0.428479,0.685569,0.555375,0.168077
1.553651,0.413505,0.144847,0.32368
2.027551,0.204483,0.046841,0.063712
2.000642,0.333757,0.278408,0.243889
-0.363223,0.823493,0.179161,0.904393
0.350639,0.354549,0.199581,0.935683
0.360221,0.016862,0.636013,0.051611
1.461725,0.3215,0.303307,0.124079
0.333314,0.711103,0.498471,0.320695
3.351236,0.006379,0.965714,0.389548
1.974034,0.895915,0.774854,0.296343
0.985515,0.405376,0.762378,0.76791
-0.185478,0.618374,0.180667,0.183691
1.152771,0.228606,0.431388,0.963854
0.37895,0.944123,0.334672,0.020411
0.734886,0.950353,0.272428,0.397681
0.638698,0.944287,0.634369,0.733568
-0.565149,0.758763,0.191567,0.798962
0.955514,0.584703,0.723785,0.372006
0.611218,0.906677,0.73002,0.273514
1.58717,0.199838,0.772606,0.617552
2.223472,0.365321,0.990029,0.648407
-0.273621,0.667964,0.661515,0.972848
1.513492,0.261915,0.708171,0.223923
1.400256,0.16497,0.438232,0.20515
0.518212,0.50577,0.653931,0.925993
-0.968887,0.920444,0.116148,0.995829
1.434916,0.17121,0.372693,0.512416
0.356198,0.819509,0.601349,0.893453
-0.529614,0.789948,0.497554,0.213453
2.194671,0.16037,0.260206,0.292896
2.304845,0.297575,0.792,0.797748
-0.887421,0.799062,0.778329,0.994756
0.804263,0.35284,0.001906,0.944951
-0.006081,0.675834,0.020206,0.546821
0.936742,0.795992,0.845968,0.264733
1.665228,0.943278,0.632963,0.367122
-0.356588,0.870014,0.601819,0.795637
1.497137,0.337464,0.60628,0.738006
-0.089622,0.851219,0.677334,0.867774
-1.17259,0.567708,0.110717,0.863001
1.568894,0.866905,0.729342,0.226267
0.159506,0.477474,0.260651,0.604919
-0.07283,0.74841,0.11002,0.592575
-0.095991,0.652575,0.075947,0.035332
2.70788,0.151128,0.521238,0.33662
2.465784,0.165311,0.677277,0.186352
0.385152,0.993278,0.470511,0.955728
1.031233,0.975282,0.685577,0.401788
0.619231,0.774772,0.581131,0.17034
0.465783,0.038425,0.049635,0.585399
0.317114,0.441696,0.57226,0.00866
1.492992,0.468445,0.524568,0.462437
2.5894,0.311106,0.933648,0.088999
1.336802,0.461117,0.471066,0.254802
1.705396,0.622946,0.999677,0.446112
1.27332,0.483076,0.687026,0.475418
0.899417,0.688811,0.780174,0.407923
1.064033,0.230122,0.779632,0.775526
1.141077,0.063584,0.247372,0.486689
0.817363,0.111848,0.099941,0.874641
1.368578,0.401515,0.276911,0.509312
2.853508,0.333502,0.649122,0.454473
1.871842,0.296788,0.744364,0.051546
-0.650975,0.823191,0.522769,0.045867
1.145059,0.405221,0.596371,0.778564
0.155721,0.145476,0.473142,0.968476
-0.394118,0.870803,0.359843,0.611656
-0.614474,0.863508,0.072082,0.884616
1.166327,0.771641,0.608303,0.539738
0.731804,0.728137,0.814117,0.335441
0.677308,0.058077,0.996609,0.853588
0.795861,0.99169,0.530214,0.206375
2.053198,0.450968,0.932404,0.564054
0.476342,0.962081,0.46414,0.155608
2.998901,0.234461,0.695317,0.434946
1.951661,0.039856,0.521659,0.326461
1.371757,0.031218,0.662184,0.256936
0.908897,0.452158,0.008789,0.074576
0.222667,0.396302,0.573301,0.638206
0.650636,0.06294,0.714818,0.959015
1.206566,0.283407,0.293395,0.108864
1.266782,0.356121,0.2539,0.402746
1.506523,0.189075,0.353533,0.517276
1.989154,0.095989,0.078518,0.11666
0.096901,0.59236,0.747357,0.838666
1.557904,0.141463,0.074938,0.8538
-0.469294,0.667152,0.334532,0.812374
0.605568,0.116916,0.064697,0.770058
0.391271,0.012368,0.568363,0.95349
0.217214,0.777566,0.887388,0.852428
1.443294,0.30455,0.639984,0.610815
1.390907,0.502056,0.636939,0.597795
-0.134443,0.722538,0.010724,0.966633
1.567678,0.332518,0.329738,0.337607
-0.893784,0.633207,0.126586,0.969418
0.568548,0.677221,0.764961,0.428022
0.936705,0.481735,0.538616,0.671808
1.772133,0.261271,0.364226,0.553993
-0.279244,0.597128,0.115562,0.767161
1.093644,0.570116,0.832265,0.254297
0.397145,0.961372,0.001761,0.242138
0.771136,0.992875,0.403205,0.148267
1.54741,0.342644,0.498837,0.527072
0.558884,0.948692,0.974239,0.89999
-0.683166,0.806276,0.268706,0.135095
2.452782,0.295097,0.762167,0.976632
-0.938704,0.668677,0.360366,0.887623
-0.004452,0.952397,0.286171,0.79513
1.273485,0.34663,0.249465,0.015224
-0.610487,0.545054,0.087064,0.819733
1.793678,0.001753,0.556948,0.121161
1.815641,0.694725,0.969499,0.402132
0.320725,0.738025,0.011254,0.379267
0.41908,0.572306,0.532824,0.036467
1.95789,0.300912,0.392421,0.604386
0.645657,0.390746,0.007234,0.476755
0.349192,0.895527,0.572274,0.985077
1.64168,0.382989,0.093503,0.721578
-1.053941,0.746235,0.32158,0.949309
0.735796,0.973511,0.144156,0.010709
0.905646,0.812019,0.832872,0.503773
1.760864,0.021372,0.831605,0.737279
0.4459,0.826815,0.828863,0.336226
1.984008,0.366585,0.84635,0.858238
2.184252,0.388988,0.675791,0.308957
1.300108,0.344034,0.476738,0.896757
2.174457,0.318124,0.573034,0.064019
1.279955,0.634952,0.843968,0.49278
1.93667,0.157378,0.044473,0.626461
1.232036,0.080644,0.439037,0.656944
2.826823,0.347526,0.962028,0.134924
1.405494,0.157902,0.810807,0.243564
1.578603,0.404775,0.305538,0.06959
0.957736,0.396947,0.577603,0.005573
1.373708,0.378571,0.056364,0.126905
1.545055,0.136122,0.144303,0.838883
0.931307,0.058838,0.287577,0.194322
-0.341577,0.828243,0.480505,0.552681
1.067448,0.414205,0.611984,0.844007
1.309872,0.422441,0.669738,0.995478
-1.014385,0.555215,0.225056,0.991025
0.062456,0.866189,0.67686,0.415176
0.102801,0.807166,0.856535,0.426549
1.450577,0.565648,0.793964,0.382516
1.653822,0.338402,0.600429,0.105036
0.430521,0.807081,0.60144,0.609032
1.375136,0.022428,0.089743,0.351848
1.927455,0.072277,0.147553,0.02425
0.885364,0.782236,0.301003,0.584823
-0.017807,0.731782,0.628475,0.629154
2.105624,0.061367,0.679929,0.282406
1.233632,0.265118,0.449995,0.098832
1.281824,0.471447,0.581808,0.980071
2.248641,0.238609,0.013913,0.744089
0.687543,0.944458,0.781727,0.839523
1.630796,0.459069,0.652029,0.23653
-0.219262,0.633146,0.344159,0.917397
0.657357,0.921772,0.325182,0.474054
1.497215,0.295495,0.720861,0.795618
3.475663,0.269413,0.997209,0.509326
0.69764,0.417558,0.080404,0.073913
0.268557,0.800993,0.875301,0.571439
2.395565,0.13466,0.925769,0.73674
2.08197,0.169414,0.046871,0.164417
1.155212,0.491018,0.939109,0.735704
0.747899,0.42723,0.919076,0.868415
0.364014,0.787279,0.293119,0.061477
1.958853,0.318794,0.850536,0.967493
1.671152,0.206004,0.326165,0.575531
0.551252,0.529969,0.517594,0.809258
0.942522,0.90307,0.351959,0.503791
1.296332,0.954014,0.985229,0.447386
1.933734,0.298797,0.485726,0.792704
-0.446527,0.617851,0.840883,0.89614
1.697107,0.222249,0.07152,0.10336
0.219051,0.867339,0.576751,0.701421
-0.137953,0.521528,0.502616,0.809027
0.370615,0.690298,0.566965,0.160747
0.982325,0.145289,0.751535,0.576266
1.333718,0.034827,0.221621,0.323233
-0.756568,0.766914,0.656274,0.983731
1.522655,0.342519,0.279699,0.794958
2.23922,0.340359,0.805439,0.134708
1.078661,0.073092,0.119566,0.067928
2.639493,0.372163,0.865863,0.267204
1.564154,0.33066,0.034215,0.381592
-0.493591,0.692579,0.576248,0.58059
1.116379,0.874851,0.076537,0.591456
3.278984,0.354542,0.914417,0.238072
-0.187061,0.830055,0.743547,0.015521
-0.380293,0.94382,0.076605,0.799749
3.16604,0.324399,0.996074,0.132371
-0.195538,0.827805,0.083885,0.096551
1.556678,0.271083,0.061134,0.608245
1.695624,0.46009,0.594926,0.45346
1.698864,0.197831,0.612786,0.801613
0.769689,0.818545,0.735512,0.192761
0.495389,0.80591,0.590468,0.70503
0.369036,0.473429,0.071119,0.088414
1.720734,0.334335,0.852637,0.106204
0.718861,0.935271,0.904594,0.197554
-0.09162,0.932855,0.710546,0.35542
2.4831,0.342738,0.680431,0.38001
0.585939,0.640474,0.928144,0.304905
1.397201,0.641656,0.998886,0.33768
1.894702,0.499198,0.493812,0.241131
0.912754,0.074055,0.33025,0.060842
1.856507,0.277991,0.591495,0.315879
2.043179,0.20003,0.594519,0.774985
0.482203,0.330458,0.180381,0.694238
1.399113,0.360762,0.274961,0.638545
0.643539,0.618393,0.079967,0.607223
1.538476,0.122068,0.011821,0.487493
-0.389985,0.864962,0.097801,0.325697
1.682816,0.004585,0.695646,0.408488
-0.565493,0.91598,0.393305,0.043467
0.089354,0.663699,0.695042,0.355361
1.75576,0.423158,0.887136,0.366155
1.119347,0.828021,0.545442,0.159865
0.122543,0.841175,0.403905,0.619065
1.021078,0.854168,0.257038,0.527549
-0.028773,0.835297,0.36364,0.405214
1.936666,0.39249,0.211062,0.211332
0.464113,0.576225,0.03546,0.616333
1.213136,0.463958,0.643581,0.623605
0.182823,0.982912,0.986059,0.655846
-0.079331,0.888889,0.783714,0.904493
0.197074,0.906355,0.634161,0.859805
-0.027122,0.713417,0.834664,0.710212
1.395609,0.024539,0.587796,0.750096
1.40214,0.216907,0.8635,0.077947
2.279238,0.198667,0.887714,0.070625
-0.03435,0.926369,0.15783,0.208126
1.017151,0.463533,0.093484,0.688202
3.216695,0.249555,0.910595,0.361056
1.541811,0.341476,0.977162,0.143334
-0.756021,0.791983,0.2879,0.756789
-0.185484,0.558125,0.302977,0.93772
-0.156427,0.738521,0.28477,0.721355
1.088825,0.982923,0.337326,0.116273
2.22991,0.325617,0.873392,0.399852
0.498724,0.792681,0.191687,0.432724
2.375377,0.362951,0.788309,0.631
0.178035,0.740064,0.375521,0.520228
1.200646,0.161795,0.617424,0.166644
0.061511,0.526057,0.233658,0.952395
0.842576,0.381977,0.133512,0.722132
0.116121,0.979965,0.144554,0.551271
0.969735,0.876449,0.983563,0.905394
1.423366,0.035206,0.81155,0.662233
0.769323,0.176097,0.166913,0.930705
0.020786,0.556509,0.17594,0.064712
0.860856,0.958439,0.599436,0.161474
-0.463229,0.664471,0.068453,0.15918
1.360612,0.113119,0.426547,0.167715
1.713897,0.344964,0.402735,0.347718
2.136562,0.496131,0.857668,0.338975
-0.384634,0.805736,0.4233,0.313642
1.140333,0.831199,0.73709,0.011305
-0.877829,0.549002,0.449096,0.85232
1.230392,0.194709,0.466349,0.001124
-0.133803,0.643252,0.127687,0.095833
1.586603,0.311275,0.34792,0.998039
0.957538,0.074194,0.672363,0.023368
1.855674,0.215521,0.688171,0.517781
3.730516,0.416393,0.917189,0.615497
1.755791,0.270045,0.861601,0.692887
0.194973,0.517694,0.290451,0.813718
1.762776,0.490795,0.291606,0.567867
-1.090992,0.754472,0.201148,0.868669
0.838979,0.336695,0.289977,0.87966
1.751032,0.257286,0.400683,0.347625
0.00144,0.808172,0.390893,0.481957
2.003357,0.21545,0.071986,0.919001
-0.442942,0.526527,0.268446,0.908422
0.896262,0.825698,0.728518,0.116929
1.236792,0.622723,0.850519,0.31319
2.243668,0.267426,0.841916,0.812009
1.085541,0.274246,0.492733,0.087201
-0.205837,0.94266,0.3452,0.821426
-1.035768,0.672504,0.23842,0.582755
1.59143,0.220683,0.67465,0.548785
1.580689,0.474187,0.152136,0.64548
1.14695,0.354004,0.007553,0.037653
1.971816,0.012776,0.806442,0.088935
2.108722,0.45707,0.609416,0.463466
2.725568,0.225948,0.631638,0.365481
1.282266,0.074647,0.837985,0.23604
1.24448,0.396571,0.932172,0.060385
2.144332,0.195937,0.657537,0.106245
1.667971,0.063865,0.911497,0.737184
1.841898,0.46668,0.338917,0.296146
2.67431,0.30392,0.374145,0.438476
0.349252,0.995877,0.664346,0.067996
1.140858,0.244436,0.429286,0.918966
0.911688,0.428077,0.598938,0.077031
1.411609,0.577314,0.604546,0.401639
-0.810275,0.786345,0.588199,0.278935
2.49636,0.988068,0.924119,0.381829
2.587944,0.407201,0.882354,0.475096
0.447724,0.098237,0.027067,0.957699
1.746298,0.388634,0.065683,0.623114
2.781561,0.207063,0.768947,0.741249
2.221576,0.468035,0.906833,0.42093
0.655299,0.039739,0.022167,0.141296
0.342725,0.992956,0.913757,0.138999
1.093022,0.968427,0.233788,0.346
0.462515,0.776529,0.772917,0.33818
1.212555,0.823928,0.501091,0.81338
-0.149389,0.528172,0.44166,0.154791
-0.354144,0.651048,0.325599,0.439025
2.771024,0.199383,0.456069,0.604008
1.144316,0.154109,0.102333,0.828423
0.202049,0.648292,0.930155,0.959456
1.175647,0.054728,0.863874,0.882026
1.248349,0.574218,0.884189,0.412088
-1.477335,0.796921,0.114537,0.98357
-1.032469,0.696209,0.152566,0.711331
0.876474,0.503952,0.129679,0.273827
2.428434,0.32706,0.504261,0.479712
1.796469,0.205857,0.549542,0.041488
0.21957,0.685303,0.500624,0.03283
0.097627,0.04901,0.4616,0.931807
0.71647,0.982751,0.303911,0.240055
0.817672,0.536221,0.657658,0.653563
0.966804,0.237339,0.466864,0.079217
0.19913,0.678621,0.981242,0.483641
1.465291,0.195646,0.656075,0.497932
-0.6443,0.704539,0.04171,0.972185
0.300864,0.550596,0.018825,0.113496
-0.805116,0.937803,0.362676,0.811473
0.116036,0.678373,0.795181,0.088247
0.863403,0.042973,0.179986,0.212087
1.478312,0.282816,0.596531,0.713835
0.587607,0.833451,0.682959,0.322189
2.126565,0.056565,0.711214,0.557574
2.45251,0.023141,0.919234,0.415125
0.206975,0.041278,0.15797,0.861921
1.819264,0.130439,0.86083,0.82697
2.45856,0.392521,0.537561,0.373921
2.642627,0.200291,0.965509,0.945346
1.67439,0.128972,0.164055,0.677309
1.678677,0.012229,0.261223,0.603488
1.168777,0.986944,0.384266,0.618306
0.522119,0.884501,0.296958,0.357879
2.066224,0.287175,0.160007,0.439917
0.03961,0.522716,0.920915,0.855312
2.494823,0.452814,0.849195,0.429339
1.394893,0.402747,0.681205,0.168948
0.287617,0.826571,0.258589,0.544901
1.755882,0.320943,0.535078,0.561133
0.988778,0.531492,0.29353,0.725404
0.678484,0.976555,0.438833,0.543037
3.14646,0.241635,0.508876,0.41637
1.193014,0.127786,0.417973,0.864856
-0.67798,0.72496,0.246479,0.246923
1.381593,0.392156,0.202852,0.554687
0.847874,0.160733,0.09086,0.986459
-0.247655,0.56494,0.391707,0.02032
1.987414,0.483743,0.731158,0.514856
1.885495,0.154863,0.975578,0.933359
0.107926,0.815161,0.999798,0.785586
2.722532,0.22803,0.0249,0.610239
2.475687,0.360929,0.841787,0.285551
0.253814,0.907299,0.481817,0.12173
1.138674,0.414518,0.598801,0.898432
0.4426,0.970631,0.577731,0.121003
-0.507575,0.964424,0.036973,0.945322
1.197029,0.592699,0.22657,0.096825
1.713756,0.217444,0.156327,0.276189
1.737131,0.546549,0.369298,0.458853
-0.019627,0.485076,0.472257,0.103399
0.302978,0.984364,0.233034,0.043014
-1.236642,0.767087,0.490429,0.140316
0.463175,0.953387,0.110406,0.415359
-0.027747,0.924895,0.672291,0.969725
-1.083317,0.86744,0.443914,0.01508
2.270366,0.361977,0.567281,0.216511
1.141755,0.428904,0.77009,0.034427
2.052598,0.123323,0.760172,0.400873
1.731762,0.400181,0.214783,0.595532
0.574325,0.957247,0.837038,0.386832
2.151233,0.381979,0.765447,0.714025
1.080434,0.070602,0.251473,0.392358
0.417766,0.765594,0.003774,0.231121
2.00724,0.212103,0.572887,0.295928
1.144895,0.275681,0.109775,0.00649
1.979698,0.278861,0.728956,0.579856
-0.021642,0.774523,0.449447,0.592872
1.429207,0.054775,0.855402,0.07856
0.696477,0.535626,0.685382,0.074972
1.096168,0.103469,0.224451,0.177814
1.021538,0.082659,0.099036,0.3912
0.90483,0.453101,0.819834,0.091309
0.379563,0.735665,0.990738,0.269063
0.148334,0.952452,0.572896,0.735381
1.959688,0.138219,0.141448,0.280609
2.053513,0.087606,0.835169,0.005015
1.940415,0.242245,0.458351,0.682325
1.625151,0.385541,0.575926,0.942909
1.760042,0.176575,0.031302,0.214041
1.549048,0.255227,0.32835,0.532852
0.419807,0.013844,0.803416,0.979064
1.191826,0.124607,0.685013,0.048789
-0.387884,0.990565,0.107175,0.87464
1.776889,0.125173,0.212469,0.135895
1.299119,0.349393,0.19436,0.082614
1.071959,0.263727,0.109624,0.923868
2.029345,0.155455,0.345195,0.27077
0.555109,0.456013,0.441739,0.849694
0.993502,0.094163,0.458973,0.029102
0.195692,0.685156,0.459132,0.709756
0.723665,0.216297,0.808943,0.894119
0.5743,0.840632,0.545808,0.571993
1.061335,0.454534,0.15326,0.893178
-0.268331,0.007417,0.179332,0.825778
0.003413,0.613106,0.575683,0.340354
1.831181,0.309091,0.054441,0.189687
0.911055,0.099031,0.181512,0.812742
-0.00909,0.855656,0.297994,0.170519
1.392943,0.598095,0.755732,0.247337
0.873894,0.809142,0.721355,0.251837
1.086025,0.815105,0.847837,0.297864
2.395389,0.082072,0.765836,0.336457
-0.222476,0.695536,0.710884,0.652023
0.227422,0.045378,0.347373,0.133172
0.376859,0.155309,0.437323,0.713777
0.145687,0.599803,0.121968,0.767614
0.779593,0.892738,0.81918,0.046305
0.616821,0.752085,0.428936,0.112089
0.233697,0.594314,0.174018,0.654571
0.533732,0.759094,0.468415,0.349077
1.744357,0.372523,0.112502,0.617906
3.212485,0.188027,0.683239,0.382104
-0.620477,0.554657,0.106245,0.95287
1.160978,0.047176,0.718547,0.200843
0.466984,0.87665,0.22325,0.096722
0.024333,0.013492,0.419115,0.519561
0.713048,0.553762,0.057188,0.664085
1.757408,0.924966,0.500963,0.245997
-0.804508,0.706439,0.729792,0.67209
-0.856281,0.658042,0.132132,0.058306
0.718501,0.201784,0.036584,0.649561
1.335058,0.363778,0.063359,0.165389
1.172306,0.091489,0.520931,0.884387
2.395853,0.10307,0.2252,0.592175
1.656817,0.998493,0.536361,0.387915
2.541502,0.367057,0.45608,0.541209
1.742178,0.212045,0.824284,0.544157
0.300286,0.919702,0.019165,0.48249
1.949404,0.374873,0.944257,0.093282
1.618542,0.17047,0.363182,0.587436
-0.531707,0.644691,0.501967,0.990364
0.688482,0.461491,0.561489,0.165981
0.896682,0.425122,0.386212,0.911999
2.679928,0.170818,0.956952,0.098209
0.166148,0.579449,0.496558,0.787259
1.91974,0.26573,0.464148,0.223106
0.812389,0.966593,0.530472,0.265063
0.181597,0.607771,0.741041,0.208673
1.999983,0.078544,0.291678,0.579149
2.237625,0.305237,0.598289,0.524048
1.02968,0.841746,0.772754,0.530266
2.686088,0.372878,0.465271,0.478876
2.100165,0.125595,0.503317,0.47355
0.574498,0.770505,0.765779,0.960752
1.877036,0.227592,0.200136,0.141284
-0.372439,0.155309,0.410237,0.924449
2.271872,0.322939,0.007395,0.277824
-0.510501,0.499177,0.177292,0.124443
1.602136,0.299862,0.046867,0.379266
0.663376,0.582479,0.247719,0.629549
-0.437012,0.69494,0.732009,0.838468
0.878891,0.626295,0.377928,0.485048
1.102527,0.652254,0.798423,0.150225
2.158226,0.220421,0.938924,0.643368
0.652052,0.865246,0.389089,0.351407
0.754689,0.852466,0.892951,0.531812
2.070843,0.23763,0.560224,0.745503
-0.689158,0.576958,0.367151,0.754661
1.495062,0.242489,0.187903,0.771941
1.244116,0.031311,0.561865,0.706979
1.135189,0.121728,0.178543,0.84672
1.569351,0.266481,0.015079,0.351616
1.240828,0.613345,0.392357,0.306145
2.252515,0.35757,0.313397,0.303664
-0.72205,0.557668,0.427495,0.99358
0.940091,0.680441,0.7374,0.345766
0.290311,0.931644,0.365331,0.223718
1.45898,0.392674,0.721985,0.145156
-1.281713,0.767059,0.468141,0.768896
1.872436,0.113144,0.413559,0.143936
0.237786,0.590809,0.111775,0.207992
0.251222,0.757716,0.495037,0.398898
-1.210336,0.865616,0.127871,0.865788
1.607636,0.518572,0.874766,0.321606
0.946394,0.980558,0.366278,0.486008
0.222552,0.86284,0.556985,0.932104
0.267936,0.739951,0.944975,0.774871
0.723126,0.771933,0.770695,0.169003
2.013922,0.318191,0.800128,0.016922
1.438832,0.45067,0.862114,0.851002
0.21401,0.304016,0.527834,0.921137
0.521867,0.9124,0.463113,0.664402
-1.183765,0.727327,0.146168,0.469758
2.602946,0.287426,0.561048,0.28632
1.173389,0.40951,0.498095,0.556099
2.325032,0.921784,0.923819,0.556484
1.960494,0.405533,0.874475,0.338818
-0.912937,0.879357,0.513841,0.755463
0.250998,0.593845,0.796685,0.161485
0.764777,0.9809,0.247514,0.308672
1.330307,0.656088,0.60645,0.404188
1.870469,0.443727,0.712248,0.106622
1.784632,0.317277,0.518009,0.430465
0.480128,0.638745,0.851293,0.863098
1.039167,0.487776,0.373278,0.579595
4.01386,0.359141,0.810273,0.377282
0.538342,0.977043,0.435166,0.187957
0.60952,0.089215,0.044369,0.652537
1.907998,0.184929,0.204249,0.333036
0.18428,0.810313,0.684325,0.997742
0.626565,0.55096,0.775116,0.942441
0.436131,0.054866,0.380228,0.019564
1.010882,0.540741,0.899709,0.78101
0.956997,0.486713,0.759899,0.639284
0.659061,0.515851,0.469248,0.01933
2.002326,0.229052,0.711658,0.53154
0.152213,0.582418,0.832882,0.002241
1.604896,0.116028,0.100322,0.63244
1.133555,0.321628,0.516453,0.827807
1.52935,0.439178,0.906673,0.459798
1.143299,0.986796,0.775068,0.503025
-1.166685,0.821035,0.228855,0.706964
0.100572,0.912878,0.129148,0.339807
1.814869,0.207986,0.927253,0.010178
0.979966,0.068252,0.721809,0.944875
2.353301,0.080437,0.241735,0.346974
0.817167,0.89664,0.420941,0.60609
0.679543,0.745084,0.130545,0.238312
1.269679,0.570869,0.854716,0.51508
-0.80742,0.673918,0.062608,0.995526
0.492719,0.897795,0.28899,0.513245
0.28581,0.801024,0.382892,0.290516
-1.073072,0.698935,0.261556,0.074297
1.323928,0.103567,0.967028,0.769858
1.36907,0.443958,0.482425,0.259779
0.939779,0.997247,0.337986,0.816773
1.121484,0.937883,0.426215,0.37453
-0.308839,0.785447,0.613599,0.76158
-0.624729,0.80972,0.814004,0.92096
0.060131,0.946913,0.227605,0.827344
1.888754,0.466153,0.655183,0.602952
2.119699,0.371634,0.490955,0.191478
0.353887,0.764098,0.770287,0.458267
2.64395,0.194656,0.968832,0.31631
0.880174,0.530346,0.578332,0.262595
0.509899,0.513045,0.030726,0.987611
0.442444,0.522732,0.474841,0.807769
1.325688,0.359891,0.117296,0.802546
-0.40456,0.747113,0.556663,0.38078
2.08104,0.357993,0.540206,0.348512
2.459857,0.317398,0.611694,0.82873
0.436754,0.237965,0.485457,0.930935
1.406669,0.187279,0.664139,0.757355
-0.000654,0.685393,0.576487,0.497003
0.677969,0.655145,0.598795,0.472246
0.446261,0.109789,0.005624,0.071209
0.721043,0.760926,0.556301,0.672945
0.185894,0.616983,0.093589,0.896806
1.012922,0.042107,0.746126,0.882986
1.257817,0.139942,0.415631,0.85373
0.169984,0.926184,0.173518,0.76282
0.305148,0.069217,0.044616,0.451967
1.996006,0.171332,0.628296,0.382892
1.214015,0.006741,0.033474,0.455578
0.723461,0.348142,0.416518,0.703377
2.159948,0.231744,0.60636,0.092603
0.963534,0.091437,0.701337,0.109699
0.661873,0.851862,0.376435,0.482481
1.404925,0.334889,0.056438,0.320551
2.231743,0.174143,0.20158,0.685986
-0.206527,0.738617,0.339137,0.392648
0.347732,0.616363,0.504753,0.483463
1.924344,0.095142,0.201876,0.366957
0.963964,0.217946,0.063931,0.266972
1.331393,0.501274,0.578325,0.281355
-0.444223,0.746416,0.242976,0.925195
2.288617,0.134225,0.788465,0.252278
2.027682,0.18834,0.245684,0.573799
0.913922,0.872527,0.754873,0.664422
0.977742,0.42992,0.159462,0.94641
1.857595,0.346571,0.514615,0.28194
2.678996,0.216318,0.547465,0.20195
0.617243,0.520188,0.843379,0.095852
1.903926,0.409714,0.66253,0.219831
-0.394618,0.803412,0.406467,0.547351
0.260624,0.81072,0.998142,0.170634
1.636745,0.138613,0.788875,0.605827
1.159578,0.974693,0.74733,0.711375
1.808147,0.28533,0.488082,0.103112
2.447121,0.401551,0.996519,0.471786
1.58914,0.070391,0.979235,0.788097
1.633651,0.206163,0.848821,0.993471
0.436775,0.604578,0.02205,0.526396
1.944759,0.015586,0.058264,0.411567
0.676365,0.750829,0.960014,0.386491
0.094057,0.894915,0.768975,0.138949
0.581902,0.51534,0.752248,0.153999
0.707471,0.87015,0.528396,0.102557
1.679487,0.035162,0.592994,0.688822
-0.264184,0.87822,0.322702,0.734789
0.571448,0.458665,0.062102,0.135146
1.487217,0.524736,0.993169,0.118393
1.586451,0.607926,0.751836,0.311771
0.906975,0.620111,0.736374,0.588568
1.341273,0.341408,0.429554,0.610986
-0.11468,0.833018,0.837134,0.857498
1.859357,0.036417,0.863171,0.409709
-0.724424,0.852885,0.349604,0.677312
0.731733,0.432527,0.531278,0.848787
1.245815,0.024035,0.951572,0.768494
-0.426975,0.776713,0.597759,0.741558
1.072832,0.685619,0.947525,0.869553
-0.615,0.580954,0.705117,0.994842
0.811262,0.956203,0.390053,0.321375
1.676687,0.221373,0.483585,0.952996
-0.539208,0.770738,0.222877,0.321958
1.807365,0.159237,0.935482,0.331422
1.575632,0.468526,0.589068,0.050771
1.638676,0.104303,0.638368,0.415318
0.023436,0.361643,0.021892,0.809175
1.371811,0.434885,0.028843,0.333562
1.635794,0.486442,0.931349,0.743099
1.725585,0.400358,0.074626,0.449501
-0.52613,0.821501,0.5,0.255865
0.230809,0.710139,0.042189,0.500112
0.119427,0.555246,0.089645,0.039466
0.171313,0.877107,0.70039,0.783899
-0.934908,0.787474,0.377465,0.879069
1.932737,0.11777,0.885341,0.366338
1.142068,0.547439,0.606208,0.340879
-0.460925,0.698381,0.061173,0.264176
0.990885,0.499053,0.53452,0.416133
1.704975,0.268379,0.411484,0.953949
0.222485,0.037339,0.401835,0.470546
-0.556176,0.848486,0.609619,0.89098
1.363933,0.462647,0.659989,0.273218
0.652645,0.311591,0.643731,0.94772
2.3237,0.334058,0.741453,0.816939
1.096558,0.492688,0.099318,0.551685
1.494094,0.475679,0.657062,0.407656
0.614523,0.864365,0.411841,0.184401
0.832657,0.487499,0.298642,0.648224
-0.460058,0.752198,0.382884,0.821855
0.459894,0.634377,0.166416,0.093971
2.559138,0.236617,0.961819,0.614064
-0.297108,0.560056,0.258256,0.55395
1.199147,0.462452,0.331349,0.701898
1.791523,0.434496,0.63066,0.014552
1.14743,0.187113,0.658234,0.665856
0.609287,0.779092,0.259164,0.290639
0.925004,0.124572,0.130447,0.030624
-0.702029,0.933082,0.101583,0.911042
1.772487,0.21735,0.164436,0.826474
0.970793,0.59914,0.986039,0.735086
-0.062546,0.638171,0.592925,0.745134
0.831933,0.10718,0.775787,0.71358
1.19257,0.17722,0.628976,0.932928
1.725887,0.024692,0.041252,0.240665
2.148858,0.285625,0.409404,0.668363
1.373954,0.230429,0.173198,0.275019
0.853269,0.176394,0.45139,0.897975
2.150123,0.302952,0.058945,0.432747
1.274452,0.631938,0.936325,0.085293
1.865431,0.208027,0.837553,0.599413
-0.131757,0.691935,0.754348,0.341343
2.131006,0.093836,0.781552,0.651662
0.620894,0.173073,0.368834,0.679712
0.288323,0.778627,0.814631,0.118864
-0.585697,0.585082,0.258378,0.93062
2.478487,0.2273,0.46963,0.181424
1.497179,0.458655,0.746138,0.213122
1.872877,0.168264,0.571135,0.604447
-0.703312,0.721344,0.794582,0.477027
0.028308,0.833743,0.443349,0.584105
1.04005,0.570836,0.808262,0.910747
0.28866,0.866487,0.458264,0.531041
-0.00016,0.639727,0.514615,0.234691
0.182831,0.468392,0.170653,0.754975
0.414993,0.111729,0.633903,0.930281
0.493309,0.566227,0.200285,0.169242
1.255417,0.180496,0.294833,0.350262
0.89678,0.519974,0.437529,0.828637
-0.408943,0.060125,0.351911,0.862143
-0.520385,0.555036,0.339603,0.832795
0.962046,0.53933,0.480547,0.453664
2.639726,0.31055,0.631298,0.07972
0.12693,0.438631,0.578946,0.754158
1.882169,0.393005,0.022575,0.412608
0.678356,0.932275,0.602841,0.560902
2.099094,0.40406,0.714855,0.631957
-0.868191,0.814438,0.113276,0.058758
-0.198745,0.792965,0.718107,0.883509
2.486693,0.309159,0.696802,0.644793
0.782775,0.962217,0.27281,0.126468
0.491773,0.89937,0.690832,0.680458
1.744263,0.536936,0.652284,0.254564
1.504282,0.481934,0.514315,0.504505
2.57796,0.249724,0.593821,0.445506
0.241749,0.919895,0.730995,0.629156
1.328552,0.895262,0.479857,0.538182
1.305754,0.511844,0.989505,0.797106
0.658964,0.694272,0.780456,0.693214
0.446907,0.67522,0.004036,0.491404
1.142171,0.886513,0.764918,0.259405
-0.289777,0.743588,0.173402,0.706141
0.662719,0.417728,0.235743,0.450466
1.813636,0.376619,0.030287,0.116185
1.623434,0.211996,0.294529,0.340808
-0.072222,0.59461,0.236856,0.564089
1.123129,0.570898,0.467668,0.498999
2.402952,0.313396,0.66294,0.475397
0.467082,0.79574,0.029612,0.363748
1.792233,0.316233,0.621607,0.258568
0.678053,0.876083,0.18063,0.44882
0.323633,0.607333,0.15046,0.532104
1.337868,0.2757,0.497459,0.124541
2.759714,0.184221,0.76014,0.58706
0.983247,0.563647,0.725325,0.544018
1.182265,0.049204,0.173095,0.780231
1.412153,0.257644,0.05995,0.312311
-0.095478,0.625063,0.237836,0.306598
1.347823,0.519781,0.193539,0.177521
2.495648,0.168698,0.997269,0.202621
-0.185457,0.708874,0.340615,0.135818
0.148265,0.573883,0.135192,0.602769
-1.22602,0.881117,0.363587,0.685332
0.792734,0.940525,0.588822,0.329283
-1.245244,0.736953,0.398656,0.916489
2.60976,0.044602,0.657835,0.308179
2.658377,0.202658,0.637597,0.160623
0.611162,0.850189,0.727736,0.368989
2.482665,0.177994,0.413754,0.559835
0.363662,0.183212,0.040955,0.005248
-0.128017,0.855345,0.014968,0.28561
0.861062,0.442669,0.51178,0.670727
1.008049,0.125312,0.023019,0.825876
1.608847,0.341715,0.241619,0.630661
-0.366549,0.863355,0.01778,0.046494
-0.056727,0.640968,0.210696,0.937902
2.21564,0.225332,0.21779,0.344816
1.440068,0.323287,0.738487,0.137121
2.35776,0.248976,0.734545,0.17149
1.546034,0.484403,0.75028,0.637953
1.248434,0.536928,0.238711,0.291277
-0.476682,0.967175,0.3784,0.073743
2.038009,0.979655,0.72091,0.460677
-0.564143,0.505904,0.191484,0.943315
0.055958,0.639866,0.327668,0.573425
-0.247977,0.688729,0.574587,0.178581
0.296612,0.583655,0.454995,0.654984
0.009561,0.746706,0.152849,0.294465
1.040838,0.345111,0.336741,0.040889
0.581999,0.487649,0.81248,0.915187
2.725165,0.359783,0.389164,0.681316
-0.119489,0.667845,0.460156,0.325574
1.09394,0.960382,0.541443,0.737617
0.804236,0.000263,0.348192,0.950198
-0.746146,0.621618,0.097196,0.275972
0.113451,0.661214,0.657208,0.442495
2.187582,0.33775,0.702668,0.112564
0.568352,0.832204,0.563358,0.537693
0.3913,0.795129,0.347204,0.343719
-0.114119,0.456165,0.103567,0.843278
0.606243,0.705903,0.996103,0.392082
1.455094,0.980262,0.728838,0.627365
0.745307,0.53786,0.336821,0.336401
1.009966,0.175986,0.043976,0.022191
1.385812,0.343538,0.13745,0.315178
3.336017,0.184769,0.988244,0.375305
0.845284,0.472105,0.299672,0.096987
0.83525,0.448473,0.177285,0.703878
0.514346,0.599644,0.714197,0.233592
2.015158,0.324729,0.096216,0.558367
1.036638,0.244965,0.420496,0.907485
1.244034,0.719804,0.60221,0.500254
-0.434438,0.751926,0.981344,0.104334
1.197504,0.693161,0.842558,0.228148
1.839678,0.139669,0.805261,0.862275
-0.387445,0.61431,0.789856,0.88892
-0.521739,0.701801,0.256964,0.262437
1.238782,0.51163,0.717309,0.248801
1.990189,0.118495,0.853296,0.183921
0.99875,0.068488,0.372804,0.033671
-0.237095,0.662324,0.83987,0.629542
-0.554823,0.566587,0.12343,0.674631
1.049981,0.090873,0.873736,0.853445
1.674736,0.199548,0.687083,0.798231
0.46197,0.676468,0.505222,0.174597
-0.458776,0.671946,0.665287,0.01922
1.618748,0.14595,0.118586,0.57006
1.272365,0.970709,0.24813,0.309346
1.306728,0.016388,0.930156,0.54135
0.300217,0.697213,0.244076,0.224051
0.896978,0.946713,0.490794,0.288659
1.353161,0.477836,0.62148,0.165178
2.095381,0.453621,0.986101,0.998185
0.915157,0.412122,0.354153,0.864265
-0.573938,0.867845,0.218196,0.751496
0.545002,0.502347,0.344548,0.322484
-1.262589,0.769868,0.227454,0.810652
1.00418,0.451132,0.200781,0.107354
0.72402,0.045703,0.138137,0.901494
-0.005892,0.689352,0.159352,0.287064
0.314867,0.761493,0.405388,0.795951
1.045425,0.79649,0.403468,0.248165
1.168052,0.647291,0.862632,0.715729
0.280292,0.61819,0.128656,0.543121
1.961881,0.572656,0.659918,0.413547
1.737167,0.217932,0.70818,0.531843
1.244555,0.663288,0.195979,0.345996
-0.051024,0.555388,0.170073,0.800112
1.417211,0.51797,0.950643,0.503317
2.084618,0.417111,0.793527,0.533907
-0.570192,0.99402,0.169869,0.98008
1.409812,0.258884,0.638678,0.014924
-0.10156,0.004174,0.182918,0.829845
0.907653,0.995803,0.770087,0.299777
1.344782,0.139699,0.280601,0.799718
1.074295,0.495535,0.513123,0.372565
0.692971,0.239849,0.803183,0.074607
1.773382,0.053223,0.75876,0.223786
1.117357,0.662558,0.80299,0.4999
1.90966,0.416048,0.968898,0.607979
1.355085,0.234005,0.29541,0.874036
1.26355,0.206482,0.543469,0.819495
0.473224,0.560894,0.394561,0.100568
0.029536,0.504816,0.728848,0.970585
0.489343,0.833444,0.639577,0.942251
2.580908,0.420703,0.588058,0.356975
0.70491,0.62298,0.516101,0.353506
-0.108193,0.628454,0.654023,0.604225
1.834313,0.155707,0.831664,0.056689
1.272012,0.589388,0.31142,0.028355
1.037216,0.138796,0.071669,0.462656
0.645164,0.382329,0.356531,0.094748
0.380864,0.897955,0.808653,0.090634
0.173372,0.879882,0.13796,0.292045
1.387089,0.14918,0.726515,0.946964
0.18251,0.682021,0.74812,0.842995
1.852652,0.391767,0.8439,0.650187
0.250849,0.739064,0.477973,0.398222
1.917611,0.411912,0.710475,0.300412
1.258373,0.103951,0.357888,0.116245
1.873382,0.906011,0.79246,0.346074
1.300786,0.095323,0.94913,0.952424
0.146549,0.759894,0.491309,0.021469
1.416957,0.540054,0.691686,0.235529
2.182019,0.072502,0.887149,0.773222
0.924476,0.602997,0.784473,0.168826
1.324577,0.297571,0.781326,0.188029
2.335639,0.284914,0.539837,0.499722
1.201911,0.944512,0.846902,0.284972
1.870581,0.594796,0.853517,0.670802
2.108924,0.450782,0.25224,0.167305
-1.634739,0.703347,0.125255,0.936703
0.239171,0.612051,0.994421,0.110971
2.234181,0.253669,0.165896,0.538615
1.122564,0.967238,0.988595,0.717958
0.105019,0.52637,0.554083,0.033187
0.289016,0.808057,0.00227,0.551877
2.289489,0.376379,0.711574,0.145272
0.120499,0.849858,0.279701,0.231102
1.137359,0.145092,0.098727,0.156383
0.857463,0.190397,0.173634,0.003065
1.048807,0.709523,0.963633,0.565277
2.716601,0.418151,0.955347,0.449323
-0.167384,0.720969,0.754198,0.727952
2.202691,0.217697,0.133971,0.781222
1.302945,0.399166,0.992634,0.985044
1.945872,0.055946,0.753786,0.452779
0.185942,0.854936,0.41513,0.099879
0.899054,0.463514,0.577954,0.714547
0.894666,0.28779,0.065282,0.754663
0.618275,0.947172,0.22941,0.607246
0.630942,0.709531,0.465161,0.200695
1.366604,0.508529,0.917292,0.779482
0.40864,0.674411,0.262193,0.268143
1.952828,0.36823,0.586746,0.631143
0.273821,0.074759,0.408787,0.545026
1.624463,0.058395,0.747383,0.784496
1.549911,0.523146,0.923485,0.290788
-0.653541,0.748692,0.162734,0.223661
1.337759,0.524275,0.442693,0.610673
2.684151,0.278784,0.601015,0.007184
1.533971,0.933857,0.930532,0.196148
1.492394,0.44726,0.07401,0.249034
0.828738,0.052102,0.727331,0.080803
0.616619,0.097722,0.275402,0.171419
1.786657,0.410204,0.292092,0.48049
2.715494,0.355539,0.910567,0.436735
-0.460543,0.554561,0.063133,0.930399
1.661347,0.414404,0.830978,0.562586
-1.294356,0.72751,0.192495,0.752507
1.282184,0.594094,0.873937,0.248157
2.062904,0.270163,0.921384,0.687683
-0.087132,0.663454,0.60057,0.98809
1.272576,0.015031,0.667761,0.237405
0.208162,0.818049,0.595711,0.739999
1.709961,0.148278,0.643589,0.670546
1.605088,0.426401,0.79515,0.194809
1.279453,0.236188,0.422656,0.047024
1.543859,0.087628,0.254338,0.345866
0.816895,0.128378,0.333907,0.919146
-0.203988,0.794162,0.8464,0.62231
1.292515,0.894827,0.138222,0.354201
1.408065,0.225451,0.592207,0.645129
3.420553,0.269087,0.927314,0.409419
1.237198,0.018906,0.021175,0.148772
0.702815,0.447356,0.361541,0.069193
0.332904,0.569499,0.331992,0.449928
1.43857,0.976371,0.442245,0.478564
1.837864,0.459702,0.381357,0.291576
0.685911,0.900916,0.573148,0.108128
-0.041211,0.884554,0.90226,0.978878
1.404261,0.370691,0.217611,0.077122
0.888646,0.450413,0.048473,0.628781
1.676479,0.091994,0.143861,0.629668
1.238108,0.644454,0.430675,0.762451
0.905164,0.455678,0.948246,0.701013
1.147821,0.865225,0.519822,0.361307
-0.653925,0.694591,0.169473,0.089474
1.432258,0.001753,0.770491,0.890246
2.011016,0.990528,0.989002,0.360331
-0.053597,0.796078,0.930634,0.060435
1.749284,0.230936,0.263986,0.003858
1.214198,0.076513,0.268674,0.537112
2.310857,0.3632,0.786181,0.542798
0.237004,0.755536,0.964598,0.22703
0.947696,0.039865,0.083859,0.088526
-0.390466,0.823516,0.546709,0.001322
0.207628,0.036372,0.261176,0.962315
2.107475,0.0915,0.779586,0.232963
-1.449662,0.780425,0.094196,0.677385
2.033703,0.31082,0.082895,0.515358
1.960751,0.320102,0.905091,0.225244
1.055616,0.45346,0.670408,0.814512
1.13437,0.050809,0.419562,0.448792
-0.044193,0.921859,0.184617,0.099355
1.147682,0.033415,0.715668,0.007373
0.442788,0.841687,0.829009,0.803633
1.412039,0.04298,0.942549,0.880071
0.050726,0.795056,0.040007,0.321156
1.106564,0.821282,0.888182,0.448592
0.377067,0.941798,0.071527,0.121181
2.360772,0.14695,0.870526,0.327272
2.22038,0.409869,0.909709,0.736077
0.962701,0.494226,0.016779,0.319661
-1.163351,0.804253,0.874028,0.018084
0.494957,0.88593,0.500284,0.277334
0.95234,0.665459,0.57587,0.439945
0.951927,0.48503,0.014893,0.658652
1.318543,0.793568,0.789518,0.334441
-0.476867,0.639505,0.332059,0.719979
2.550461,0.416403,0.71933,0.41212
2.169121,0.218566,0.768054,0.85323
2.121257,0.240522,0.734596,0.236221
-0.123569,0.602191,0.250092,0.539358
-0.005659,0.643838,0.074939,0.955633
0.232588,0.752676,0.251762,0.252049
2.71168,0.304366,0.838776,0.492768
-0.279121,0.679964,0.251027,0.638633
0.994816,0.140738,0.419363,0.101749
1.744649,0.152599,0.910031,0.799941
0.503021,0.797716,0.708163,0.947145
1.105718,0.997656,0.451643,0.30559
1.33949,0.630239,0.618969,0.575714
1.718416,0.481893,0.734724,0.402778
0.079238,0.882909,0.410685,0.386865
1.086584,0.252906,0.718342,0.797392
1.063346,0.678758,0.924903,0.459241
0.369556,0.428833,0.652408,0.686824
0.583593,0.448633,0.368804,0.261314
-0.529356,0.770968,0.275832,0.049087
0.709764,0.414062,0.426673,0.798166
1.561386,0.157229,0.942714,0.061662
0.632629,0.596962,0.836796,0.281155
1.282969,0.042813,0.512753,0.609631
1.800021,0.190725,0.774778,0.024518
2.522854,0.26157,0.245807,0.485225
1.586284,0.240817,0.184926,0.86547
0.179992,0.596202,0.51255,0.829829
0.805073,0.527621,0.238938,0.446514
-0.571345,0.708827,0.940453,0.160208
2.231142,0.316244,0.537903,0.199874
0.00425,0.008876,0.547956,0.60229
1.391989,0.292602,0.137748,0.051627
1.342262,0.23472,0.415719,0.276839
0.178317,0.814852,0.431668,0.55516
-0.448761,0.963134,0.308736,0.798341
-0.015259,0.702199,0.230917,0.367207
2.440314,0.256512,0.615439,0.509955
0.072631,0.571201,0.832027,0.861098
0.055528,0.622792,0.365709,0.422111
-0.002827,0.72322,0.484713,0.441545
0.215174,0.563139,0.036757,0.786905
2.430501,0.228367,0.61654,0.535782
1.678663,0.411726,0.334655,0.205392
1.045518,0.126965,0.334935,0.631929
-0.622882,0.836177,0.372353,0.634477
-1.114833,0.885167,0.578784,0.797132
1.744865,0.033936,0.472211,0.438782
-0.093614,0.913893,0.921219,0.704529
2.059273,0.335206,0.86021,0.276051
1.468519,0.287903,0.086401,0.82199
-0.189448,0.728866,0.469209,0.197729
-0.268848,0.876315,0.434121,0.128609
1.162511,0.025049,0.914981,0.041117
0.81901,0.705121,0.682118,0.172192
1.256882,0.377231,0.136489,0.695933
1.933153,0.060731,0.701277,0.527199
-0.025065,0.109812,0.663421,0.667587
-0.099614,0.506778,0.137796,0.438416
0.275816,0.139538,0.282532,0.093813
1.530221,0.260415,0.224223,0.420188
2.166605,0.454767,0.878914,0.809595
-0.753988,0.73907,0.592045,0.079665
0.280951,0.703857,0.226213,0.172861
1.142809,0.992199,0.639768,0.347351
0.416989,0.664728,0.858828,0.231489
0.185406,0.995724,0.965659,0.830929
0.592554,0.902919,0.586798,0.608057
1.922234,0.331751,0.473681,0.049989
1.416608,0.388776,0.829795,0.69248
1.858699,0.11371,0.977347,0.28633
1.49714,0.06709,0.154486,0.334538
-0.741556,0.844755,0.223899,0.859898
-0.628495,0.620329,0.156265,0.723657
0.282931,0.815036,0.368492,0.09292
2.192432,0.073674,0.357596,0.182424
1.126652,0.052533,0.628906,0.820599
0.103271,0.807213,0.397678,0.659531
1.265915,0.075906,0.216354,0.474242
1.675322,0.145386,0.461466,0.669122
-0.905703,0.715663,0.771108,0.858434
0.263504,0.645836,0.652721,0.459327
0.202374,0.605414,0.089012,0.448823
0.38514,0.631002,0.428965,0.435777
0.371157,0.642786,0.132606,0.249049
0.244225,0.619053,0.414684,0.071041
0.06298,0.566046,0.015608,0.469661
1.721267,0.090734,0.631565,0.249997
2.290556,0.074362,0.752537,0.457544
0.973434,0.741778,0.476853,0.440613
2.508941,0.146457,0.692522,0.264254
2.037633,0.15112,0.602673,0.50813
1.65541,0.224215,0.030105,0.699719
1.60965,0.358166,0.286448,0.825189
0.191034,0.808705,0.058387,0.308177
1.668435,0.098019,0.596729,0.262958
2.892189,0.112481,0.752626,0.108408
0.573712,0.576931,0.296184,0.293307
1.366323,0.137621,0.752578,0.686665
2.131634,0.320841,0.765509,0.337036
2.233084,0.162832,0.410714,0.144884
2.787021,0.168414,0.856411,0.073052
1.149251,0.307031,0.522616,0.880233
0.403963,0.722103,0.230848,0.525465
3.14313,0.302199,0.764657,0.632371
0.802258,0.637671,0.445537,0.649996
0.808297,0.005779,0.895457,0.096817
2.095234,0.212277,0.417436,0.667524
1.659675,0.40464,0.866069,0.948007
0.444592,0.510314,0.15484,0.173898
0.60252,0.572903,0.43861,0.638084
0.280183,0.497842,0.309633,0.881585
1.863496,0.221238,0.699094,0.556866
0.24066,0.97432,0.239872,0.121569
0.654678,0.878784,0.880375,0.223987
0.263672,0.94729,0.679611,0.171459
1.976051,0.288012,0.405617,0.358736
0.764264,0.048536,0.313936,0.922971
1.165267,0.359806,0.315014,0.084267
-0.214363,0.885947,0.662064,0.012806
1.412338,0.99405,0.994605,0.870853
1.130914,0.423248,0.391822,0.267401
1.631736,0.021654,0.66709,0.500891
0.848434,0.565873,0.473467,0.318377
2.281871,0.125199,0.675846,0.670754
1.111469,0.48047,0.149085,0.683913
1.360896,0.112443,0.444286,0.78413
1.484468,0.929856,0.777227,0.299541
1.600777,0.361465,0.716906,0.14622
0.730207,0.829061,0.759686,0.551288
0.186847,0.559171,0.427802,0.169157
0.970926,0.126857,0.622145,0.877613
-0.126411,0.639719,0.678745,0.849021
2.330312,0.235871,0.896722,0.984254
2.863309,0.227173,0.868005,0.270408
0.21334,0.51521,0.192532,0.770228
0.583529,0.942348,0.383745,0.443625
1.546354,0.462552,0.61739,0.207456
1.723566,0.28946,0.312808,0.846133
1.842678,0.337785,0.119323,0.197889
0.660687,0.062786,0.289204,0.79393
2.561887,0.436765,0.16278,0.307661
-0.219109,0.83613,0.316698,0.231461
1.711943,0.224714,0.302356,0.211517
2.214803,0.174976,0.053184,0.459563
3.142225,0.245965,0.924088,0.307688
-1.163578,0.703413,0.260675,0.978494
-0.535169,0.607464,0.501525,0.949921
2.496902,0.263901,0.31685,0.217942
2.555597,0.30653,0.859158,0.60656
1.367156,0.186361,0.361398,0.048263
1.448077,0.33567,0.359469,0.452947
1.410617,0.573564,0.83687,0.198456
-0.537808,0.942956,0.368097,0.00267
0.426939,0.92488,0.865873,0.529246
0.454939,0.439391,0.477893,0.040555
0.786054,0.680099,0.923793,0.303549
-0.190306,0.767969,0.750454,0.196069
0.660904,0.995728,0.172093,0.205872
0.415345,0.410986,0.146486,0.106
2.080851,0.119439,0.661406,0.043351
1.239754,0.107053,0.294342,0.637649
1.800334,0.380657,0.734998,0.704685
0.135721,0.744301,0.677139,0.164419
0.922309,0.577533,0.746959,0.691779
1.904068,0.462649,0.903326,0.638541
1.389505,0.244987,0.09987,0.682831
1.813414,0.404009,0.637771,0.091676
0.979627,0.690583,0.595932,0.461592
1.099333,0.587552,0.863564,0.671864
0.840988,0.459385,0.203411,0.197802
-0.388887,0.765732,0.467205,0.890183
1.395638,0.155176,0.157611,0.287002
1.559026,0.899359,0.920398,0.564655
1.175385,0.079843,0.228474,0.330095
1.365486,0.292635,0.739908,0.766722
1.832024,0.400653,0.24275,0.175849
2.06479,0.229114,0.356231,0.160551
2.264562,0.20042,0.450004,0.256511
-0.354948,0.903466,0.041082,0.771873
2.687494,0.246632,0.294553,0.314988
1.17565,0.387685,0.518097,0.938887
1.205257,0.104056,0.007677,0.5602
1.784733,0.44897,0.765206,0.646409
1.32198,0.911832,0.773284,0.767229
0.170447,0.427228,0.136288,0.856683
0.290893,0.796184,0.829394,0.13882
2.725038,0.269089,0.924421,0.59823
-0.054621,0.877295,0.62972,0.883952
2.226118,0.273248,0.900419,0.113217
0.700344,0.611284,0.558156,0.222122
2.175724,0.176352,0.795004,0.032529
-0.281923,0.048318,0.51984,0.066917
0.460542,0.837592,0.334861,0.321899
1.774437,0.270599,0.9064,0.36698
-0.027453,0.882883,0.900751,0.550362
-0.222772,0.917691,0.184477,0.060277
2.317876,0.09329,0.871071,0.43832
1.952671,0.179632,0.137507,0.244189
0.988386,0.56225,0.268901,0.061318
2.185731,0.950614,0.822057,0.475602
0.07988,0.981443,0.301233,0.630792
-0.045703,0.511279,0.041973,0.209136
2.503458,0.278953,0.706435,0.461084
1.63669,0.164294,0.668879,0.084245
-0.787368,0.507671,0.007915,0.998685
2.217774,0.274743,0.4592,0.140869
0.57231,0.618437,0.805158,0.946126
-0.254747,0.903414,0.108987,0.022924
1.393327,0.369448,0.117601,0.051469
0.036156,0.870306,0.384936,0.463592
-0.754134,0.722682,0.058984,0.03414
2.16069,0.408267,0.967445,0.088832
-1.076442,0.75142,0.300341,0.84295
0.604705,0.640306,0.179557,0.771054
0.462676,0.95516,0.388408,0.24472
0.504844,0.926431,0.631341,0.948026
2.070648,0.408326,0.69807,0.372742
1.022772,0.078085,0.130345,0.174247
2.221844,0.330344,0.712466,0.450125
0.316166,0.974115,0.717807,0.347959
2.192756,0.254608,0.620991,0.324741
0.598463,0.535056,0.627837,0.459953
1.329685,0.96491,0.705723,0.398333
1.580298,0.135237,0.060191,0.797034
0.439143,0.885088,0.971092,0.417093
0.445017,0.002802,0.150274,0.382679
2.158806,0.395243,0.808261,0.455296
-0.352158,0.85079,0.188933,0.561556
0.209608,0.702614,0.502415,0.595273
0.61163,0.712215,0.765046,0.574204
1.679139,0.056825,0.875504,0.62446
0.339664,0.971846,0.918577,0.63755
1.152144,0.807804,0.612662,0.335663
1.306456,0.622192,0.334905,0.401122
1.132307,0.960672,0.631868,0.692061
1.621786,0.484245,0.403484,0.418041
-0.314631,0.014147,0.302765,0.890518
1.334036,0.182172,0.232564,0.86378
-0.180986,0.675498,0.190253,0.564514
1.131931,0.083697,0.376347,0.685156
1.460356,0.529946,0.235231,0.435133
0.833707,0.021608,0.690873,0.605582
1.702117,0.012813,0.819364,0.880456
1.337232,0.566703,0.840001,0.129213
0.546923,0.916727,0.993051,0.661535
1.913003,0.144983,0.880925,0.162484
0.570295,0.768591,0.75239,0.373044
2.034987,0.138721,0.725598,0.70267
3.191586,0.148564,0.842585,0.110619
1.073266,0.475112,0.384397,0.392476
1.656076,0.12382,0.313716,0.520259
1.693501,0.300679,0.790903,0.975449
0.05166,0.915482,0.472525,0.127718
0.693081,0.82212,0.993449,0.74081
1.889325,0.322305,0.755705,0.761275
0.316131,0.919051,0.838396,0.540915
-0.165536,0.98995,0.155471,0.158877
0.533984,0.980252,0.229369,0.738834
0.809725,0.342467,0.552201,0.741272
0.80815,0.426362,0.282965,0.128029
1.152571,0.15538,0.127758,0.846511
-0.758134,0.799193,0.612748,0.805948
-0.071939,0.534356,0.013424,0.644626
-1.183134,0.775582,0.234688,0.986198
2.047524,0.195694,0.563338,0.34015
1.178881,0.320773,0.288431,0.524708
1.132509,0.251406,0.506257,0.997794
2.0307,0.399222,0.900222,0.078152
2.192662,0.392047,0.569781,0.427446
1.956894,0.117793,0.923799,0.501362
0.104713,0.742759,0.266366,0.871179
0.753172,0.741904,0.793995,0.163253
1.694232,0.204859,0.928325,0.942141
0.903684,0.477859,0.220477,0.570264
2.036971,0.969869,0.613497,0.498894
-0.316409,0.08029,0.43657,0.028088
-0.712388,0.62797,0.104961,0.055297
1.765863,0.45464,0.33713,0.364734
1.046937,0.933893,0.48747,0.403463
0.79492,0.183661,0.613637,0.912765
-0.227101,0.553938,0.198623,0.84621
1.995475,0.386893,0.594372,0.333844
-0.437677,0.537813,0.241915,0.684635
-0.791154,0.599187,0.341395,0.110092
2.422821,0.312684,0.132941,0.264004
3.097513,0.238018,0.827777,0.326454
0.095984,0.799159,0.941051,0.014342
-0.459935,0.80813,0.143914,0.011728
2.192255,0.21034,0.945478,0.957934
0.582083,0.554803,0.496966,0.900613
2.11711,0.412849,0.455912,0.641408
0.516619,0.902159,0.862389,0.817374
-0.023302,0.779221,0.344478,0.488864
0.797157,0.935529,0.819534,0.854161
1.774551,0.073669,0.832816,0.610239
1.154106,0.566391,0.613077,0.107131
0.936153,0.511165,0.842329,0.684284
1.431028,0.441504,0.026871,0.426387
0.401922,0.437257,0.027455,0.612751
2.621039,0.147051,0.294767,0.331543
-0.251468,0.794313,0.636055,0.134097
1.658487,0.260053,0.525631,0.18118
-0.956683,0.872163,0.037474,0.975586
1.399093,0.289921,0.379839,0.009364
3.574957,0.208776,0.839793,0.330161
1.205859,0.511291,0.903296,0.518209
2.658261,0.133582,0.749253,0.346359
2.292818,0.358026,0.983041,0.752382
1.609332,0.128397,0.202168,0.448669
1.886518,0.056396,0.55401,0.390458
0.652432,0.466995,0.831758,0.789648
1.244405,0.636141,0.209224,0.2999
0.044009,0.942629,0.493654,0.080391
1.955721,0.171343,0.224311,0.199882
3.051271,0.156076,0.636081,0.561823
1.500243,0.098031,0.648611,0.231801
-0.801264,0.809203,0.236658,0.153971
0.675655,0.99157,0.280303,0.296909
-0.02033,0.898324,0.16624,0.539528
2.973605,0.224514,0.581583,0.259718
2.243806,0.349187,0.064976,0.164069
1.105104,0.75973,0.853669,0.204847
-0.564237,0.539356,0.426697,0.947494
1.056873,0.095835,0.180038,0.853128
-0.593354,0.672227,0.058188,0.668927
0.409179,0.588878,0.47357,0.26019
-1.457918,0.762194,0.113549,0.123263
0.494781,0.395437,0.065688,0.916971
1.132267,0.114724,0.171348,0.528949
0.280463,0.722319,0.496828,0.39677
1.465165,0.282785,0.364102,0.652222
-1.112677,0.646211,0.736102,0.803158
1.512428,0.987634,0.769839,0.128806
2.623936,0.425406,0.984406,0.152645
0.411057,0.361807,0.295284,0.99641
1.485884,0.211134,0.008793,0.904615
1.651899,0.207807,0.196944,0.694044
0.141728,0.145299,0.453744,0.851314
0.760671,0.514438,0.553675,0.642057
-0.564431,0.785192,0.046371,0.295551
-0.2899,0.910261,0.631742,0.840454
0.291659,0.555322,0.646825,0.727552
2.683901,0.427965,0.934202,0.484995
-0.431089,0.793041,0.209605,0.922226
1.591284,0.140323,0.496295,0.67018
0.67548,0.947388,0.140273,0.282853
-0.1012,0.696975,0.655897,0.143029
-0.554506,0.636027,0.616315,0.94625
2.022348,0.150007,0.753844,0.822221
1.490247,0.774473,0.794146,0.260612
1.116174,0.290825,0.213548,0.881155
2.848795,0.248375,0.446798,0.361158
1.247851,0.244278,0.581032,0.753129
0.069895,0.05008,0.693539,0.007311
-0.888414,0.710234,0.487392,0.953433
0.811704,0.034557,0.700092,0.336509
0.761183,0.428719,0.042477,0.793939
0.252408,0.485059,0.575904,0.692815
2.093684,0.498544,0.770191,0.423099
2.177283,0.363379,0.790609,0.971421
0.17016,0.83554,0.941449,0.28784
1.307824,0.523389,0.407046,0.345474
0.336778,0.474565,0.521251,0.202559
2.661118,0.246627,0.755972,0.173122
1.050871,0.947812,0.333932,0.270371
1.316931,0.361507,0.15253,0.139489
2.256195,0.384748,0.719965,0.384903
1.401572,0.971526,0.277328,0.885749
-0.614762,0.71134,0.07072,0.616118
0.90729,0.890362,0.581365,0.320277
0.693799,0.89343,0.742246,0.71728
0.027316,0.066268,0.146001,0.996421
0.137444,0.752539,0.350288,0.633501
-0.619869,0.653108,0.477973,0.934731
1.055863,0.114625,0.284156,0.266065
0.933205,0.091276,0.379556,0.6792
2.22646,0.213803,0.834734,0.296288
1.971799,0.234764,0.357316,0.861349
-0.499981,0.810306,0.617273,0.928663
0.175871,0.543016,0.573079,0.009238
-0.753541,0.768362,0.105019,0.602745
-0.147063,0.734443,0.108691,0.534513
1.747784,0.430971,0.046693,0.106134
1.407389,0.050879,0.723066,0.424487
1.497959,0.043912,0.589497,0.32564
0.047699,0.584876,0.415709,0.254226
3.059466,0.364338,0.712828,0.381344
0.43532,0.859944,0.30632,0.582442
1.484687,0.084871,0.304519,0.349724
1.056376,0.127176,0.365276,0.225079
0.667996,0.98837,0.040949,0.37953
0.609487,0.188096,0.073065,0.6596
0.523604,0.591075,0.077192,0.472744
1.365942,0.2369,0.594919,0.961235
1.136536,0.391255,0.257495,0.825276
1.618794,0.095869,0.421449,0.779212
1.57689,0.163996,0.692944,0.861883
1.050968,0.979861,0.628535,0.437846
0.631368,0.46271,0.625699,0.183562
-0.325264,0.745245,0.685904,0.868984
1.289502,0.424895,0.946682,0.720617
-0.410336,0.87681,0.53627,0.463783
0.30904,0.834407,0.121137,0.789844
0.089593,0.874139,0.561309,0.895988
0.306191,0.859246,0.845537,0.827952
1.485528,0.077508,0.39093,0.033389
-0.531671,0.76509,0.555434,0.585813
-0.711035,0.793472,0.756521,0.016207
-0.333607,0.630361,0.808627,0.049286
-0.080115,0.797122,0.527523,0.646034
1.924946,0.327798,0.745669,0.06226
-0.64832,0.772534,0.297362,0.940981
1.98308,0.199844,0.488949,0.501856
0.097346,0.882193,0.493636,0.241958
0.74606,0.086904,0.39183,0.51204
1.044235,0.440204,0.181439,0.823584
1.008834,0.52398,0.941096,0.414247
-0.271419,0.657174,0.480486,0.126912
0.724836,0.227451,0.187002,0.964253
2.651438,0.259678,0.003489,0.579593
0.998458,0.002834,0.378736,0.0436
1.683337,0.174632,0.400242,0.084141
-0.08344,0.711959,0.215739,0.383939
-1.155911,0.879417,0.220684,0.655451
-0.252905,0.725418,0.279759,0.950353
0.712717,0.883278,0.778045,0.634539
0.948695,0.61159,0.346503,0.453717
1.276835,0.049303,0.993788,0.226631
0.347343,0.445109,0.294561,0.712125
1.598995,0.375475,0.367708,0.724722
0.880069,0.065578,0.17933,0.13565
2.308484,0.406615,0.610627,0.47307
0.675034,0.534303,0.454548,0.020961
1.255764,0.331502,0.342843,0.735474
1.231206,0.888704,0.474615,0.398288
2.134104,0.381461,0.593862,0.570745
0.923937,0.957303,0.247924,0.737565
2.440754,0.165473,0.610646,0.216797
1.608364,0.107071,0.940415,0.549166
0.44109,0.913341,0.799463,0.008215
-0.411251,0.888471,0.100207,0.941832
-0.024892,0.70461,0.703555,0.304133
1.802404,0.033713,0.645328,0.242433
-0.928807,0.782202,0.481376,0.909636
0.688426,0.39875,0.042789,0.961877
1.231035,0.028118,0.021372,0.250314
1.018965,0.121453,0.031589,0.088716
0.778171,0.099087,0.818046,0.772332
0.436378,0.405984,0.249478,0.093806
1.847752,0.327928,0.690318,0.762637
2.042997,0.282181,0.073635,0.49605
1.899474,0.404065,0.892711,0.340262
1.843681,0.071141,0.204587,0.18106
2.219872,0.519382,0.648068,0.347761
2.244176,0.227941,0.626436,0.275877
0.587495,0.57612,0.774202,0.906068
-0.304424,0.581541,0.371786,0.516556
-0.591238,0.632424,0.847858,0.006003
0.300574,0.67005,0.825172,0.586196
0.45796,0.600271,0.420154,0.197923
0.419771,0.59037,0.468991,0.726748
0.625384,0.915382,0.841322,0.702111
1.769546,0.360859,0.837805,0.452476
0.598864,0.581083,0.885137,0.121144
1.717702,0.518964,0.758083,0.126381
-0.865908,0.645274,0.832264,0.892434
0.908051,0.407637,0.996082,0.975895
0.208417,0.777728,0.525321,0.388564
0.520334,0.758755,0.260728,0.308604
0.442163,0.791563,0.766065,0.499442
1.090291,0.207896,0.224853,0.882867
2.038143,0.243766,0.982557,0.86192
1.736394,0.154743,0.329052,0.058809
1.155433,0.423997,0.482109,0.011417
1.793014,0.212766,0.50955,0.680271
-0.397307,0.736713,0.541736,0.692816
1.439117,0.367318,0.860396,0.068881
1.61057,0.562984,0.335398,0.319124
-0.166555,0.702521,0.694038,0.90405
0.827398,0.573156,0.469164,0.713589
0.893097,0.96391,0.31039,0.450625
0.472912,0.638739,0.987808,0.917316
2.70907,0.14031,0.932009,0.350636
1.008303,0.346951,0.227245,0.847792
0.304221,0.64574,0.653427,0.967666
0.561365,0.82261,0.999133,0.882347
0.352756,0.580703,0.786388,0.856741
0.11717,0.146524,0.038168,0.914663
0.388343,0.353151,0.306492,0.890283
-0.627923,0.735046,0.375528,0.022513
1.276257,0.547382,0.628097,0.288247
1.113303,0.470834,0.687241,0.793016
2.700867,0.189988,0.591723,0.052107
2.131028,0.109747,0.357363,0.160692
-0.333726,0.619853,0.431982,0.712898
0.654557,0.070722,0.161491,0.887176
0.206548,0.540167,0.810584,0.660568
0.981085,0.362174,0.364568,0.899601
-0.081573,0.770163,0.11224,0.434823
1.351232,0.982353,0.613213,0.217898
1.152391,0.544362,0.848631,0.559434
0.291289,0.938363,0.502164,0.426018
0.402098,0.041159,0.439228,0.918439
-0.308226,0.675779,0.123666,0.83384
0.65179,0.543994,0.667797,0.557045
-0.279917,0.526296,0.005947,0.878362
1.591122,0.299183,0.265032,0.824375
0.242157,0.471714,0.018334,0.789244
2.030816,0.106828,0.984356,0.767489
-0.797829,0.801371,0.292,0.243106
2.113199,0.238407,0.475283,0.427821
0.849631,0.491192,0.027153,0.646827
-1.9175,0.742738,0.002195,0.968708
1.965049,0.215211,0.044207,0.892263
0.499947,0.908183,0.793738,0.703842
1.52516,0.397488,0.860123,0.387832
-0.274342,0.84272,0.771514,0.420691
0.277809,0.589466,0.319732,0.181147
1.190903,0.466626,0.735843,0.255099
1.990409,0.030663,0.991762,0.853914
0.995284,0.146891,0.037722,0.844939
-0.069123,0.541314,0.170267,0.971241
-0.203219,0.852609,0.560992,0.101138
0.620885,0.315145,0.617312,0.828343
2.579721,0.355407,0.902146,0.417442
1.459009,0.543193,0.608638,0.57684
0.184641,0.55274,0.195265,0.199416
0.312567,0.684301,0.698017,0.756351
1.424277,0.021175,0.379033,0.208187
2.731835,0.128735,0.708347,0.566529
0.716704,0.375919,0.01799,0.987935
0.237046,0.702831,0.340105,0.534518
-0.365588,0.619064,0.15021,0.188804
-0.923854,0.795433,0.179879,0.030506
1.492345,0.15059,0.155192,0.932109
1.982942,0.257534,0.466018,0.67416
0.247851,0.965285,0.182616,0.978795
1.624842,0.558713,0.066274,0.533484
1.755275,0.352081,0.456597,0.232645
1.730845,0.177533,0.761658,0.580742
2.936665,0.116079,0.746329,0.420053
-0.495065,0.663445,0.539643,0.851114
0.00594,0.903709,0.408167,0.144596
0.684667,0.647292,0.752281,0.423816
0.207233,0.542154,0.085408,0.926495
2.190687,0.418894,0.173915,0.134513
1.293934,0.231682,0.397654,0.08211
1.369635,0.497595,0.891636,0.90648
0.687844,0.839779,0.391863,0.815006
0.515223,0.474144,0.740874,0.716055
0.433776,0.959259,0.096188,0.756893
1.651036,0.212884,0.807327,0.854429
0.458352,0.487969,0.367285,0.132898
0.243715,0.779987,0.188401,0.538133
1.647109,0.167921,0.608199,0.717776
0.952098,0.059938,0.295164,0.918187
1.211094,0.223548,0.85551,0.202224
0.743426,0.106598,0.758201,0.143989
0.80878,0.014245,0.364567,0.987058
-0.558556,0.895903,0.045346,0.171793
1.675998,0.214844,0.047849,0.402076
2.138646,0.33429,0.833792,0.325356
0.20124,0.974181,0.698418,0.920219
-0.427855,0.767681,0.320651,0.726907
1.649851,0.356515,0.493828,0.822187
1.428124,0.188973,0.098815,0.34759
-0.645526,0.706828,0.17065,0.772114
1.068235,0.995369,0.116723,0.38471
2.666891,0.379985,0.755635,0.691221
1.397422,0.248868,0.757214,0.072046
-0.178104,0.964022,0.510865,0.147064
0.246056,0.471915,0.448217,0.760778
0.65095,0.04712,0.473314,0.078493
2.201086,0.254401,0.329415,0.467862
1.4407,0.003834,0.983298,0.840175
0.109832,0.550692,0.342054,0.197728
1.447238,0.279987,0.460485,0.656971
0.403767,0.03937,0.367992,0.945486
1.705812,0.503217,0.1134,0.460008
1.361944,0.546934,0.868022,0.49432
-0.207027,0.744343,0.772887,0.566751
-0.611609,0.71836,0.404106,0.630794
0.668778,0.535122,0.811127,0.138153
0.505542,0.794092,0.459828,0.359048
-0.693279,0.770519,0.360608,0.049247
0.513343,0.631587,0.599588,0.263873
2.114418,0.287833,0.907091,0.832062
0.518883,0.957871,0.628636,0.553643
0.353883,0.292224,0.547242,0.805632
0.85384,0.459781,0.189017,0.018266
1.275969,0.071492,0.150153,0.238814
-0.913526,0.602122,0.730459,0.963273
0.336247,0.669722,0.730196,0.621852
1.122495,0.305129,0.237209,0.977458
1.541216,0.307023,0.170994,0.699123
1.438634,0.194163,0.069032,0.445253
0.216587,0.892818,0.043233,0.539715
2.125958,0.305171,0.957548,0.928974
-0.245652,0.715401,0.730303,0.006937
1.088487,0.446363,0.400071,0.52278
-0.606105,0.828436,0.484294,0.851157
1.158353,0.919468,0.552203,0.32044
2.160136,0.326301,0.601058,0.399211
1.198988,0.186369,0.510497,0.087993
-0.660421,0.734177,0.302942,0.596955
0.713075,0.906535,0.386223,0.497575
1.112627,0.407789,0.22193,0.773946
2.011349,0.308681,0.076491,0.733191
0.833337,0.837476,0.968384,0.527996
0.154115,0.010349,0.33119,0.712891
1.316601,0.017076,0.157121,0.628273
0.90169,0.271687,0.316614,0.902389
1.738807,0.442659,0.523928,0.17754
2.665542,0.192327,0.822728,0.330236
0.384329,0.933195,0.839049,0.623572
2.222788,0.203749,0.954781,0.976761
0.769714,0.921605,0.091004,0.486615
0.989297,0.360772,0.221307,0.684488
0.997313,0.56619,0.071748,0.241575
1.88062,0.029037,0.940896,0.427411
0.114001,0.750681,0.167645,0.475467
0.003201,0.681493,0.966036,0.789313
1.86597,0.375417,0.795672,0.595282
0.536812,0.571365,0.475561,0.307092
0.372066,0.635035,0.669908,0.379692
0.304126,0.724437,0.693132,0.711562
-0.433449,0.74889,0.399735,0.713689
0.497038,0.878704,0.327127,0.756368
-0.634459,0.737069,0.161997,0.744854
-0.321608,0.823016,0.333481,0.228358
2.320247,0.290163,0.210015,0.362238
3.239138,0.295152,0.96044,0.238171
0.524318,0.518611,0.235227,0.743188
2.091046,0.450307,0.950902,0.426048
-0.674059,0.849345,0.217889,0.971629
1.083806,0.020254,0.035578,0.487736
1.281614,0.58928,0.842631,0.318987
1.94121,0.506635,0.834028,0.496737
0.179629,0.534022,0.168004,0.131069
2.374558,0.151876,0.926403,0.294808
2.625303,0.239624,0.696957,0.70639
-1.216335,0.791065,0.262723,0.997305
0.817273,0.577935,0.604818,0.892632
2.488871,0.141163,0.928747,0.520557
1.439321,0.059358,0.18064,0.681563
2.566554,0.361428,0.85443,0.352375
1.465273,0.683342,0.701733,0.39533
0.691606,0.806571,0.351712,0.564194
0.65992,0.569557,0.468354,0.058228
-1.008592,0.635782,0.325067,0.843162
0.680201,0.748303,0.488179,0.418824
1.717487,0.229472,0.101036,0.692005
2.504144,0.217923,0.421221,0.563282
1.509157,0.904785,0.392504,0.613273
-0.094373,0.909915,0.048502,0.647
1.273847,0.120505,0.313197,0.784802
1.938527,0.90458,0.849879,0.456401
-0.394603,0.650217,0.028762,0.860472
0.783284,0.284384,0.332358,0.646721
2.420308,0.345713,0.892324,0.479459
1.165401,0.527946,0.79946,0.68119
1.291486,0.378518,0.280304,0.111827
0.915297,0.56513,0.707382,0.276355
1.595399,0.372315,0.651466,0.969838
1.528629,0.431216,0.989086,0.723771
0.108652,0.825785,0.515625,0.210414
2.052185,0.472334,0.989844,0.507234
1.656206,0.333983,0.152242,0.666944
0.156867,0.626604,0.66553,0.343905
0.523694,0.697505,0.758737,0.742042
0.068582,0.544489,0.684258,0.909396
-0.436387,0.873508,0.084036,0.484003
0.549044,0.797319,0.499815,0.270293
2.547823,0.496366,0.959769,0.448973
0.859593,0.167852,0.004633,0.839431
-0.188269,0.476063,0.612765,0.767689
1.086839,0.39201,0.170251,0.276122
1.140472,0.081629,0.282273,0.354348
1.19101,0.905404,0.955991,0.575275
-0.123665,0.534092,0.329654,0.8857
0.472145,0.977793,0.179998,0.410718
1.212227,0.312361,0.603446,0.87976
1.6792,0.152768,0.729557,0.495719
2.215117,0.294246,0.375832,0.476816
0.013362,0.597512,0.244157,0.462667
1.927584,0.299191,0.350007,0.716286
1.749545,0.219667,0.297724,0.57586
0.154627,0.716343,0.599784,0.449243
1.01787,0.615478,0.550141,0.115113
0.865744,0.886261,0.645036,0.38717
0.478637,0.994288,0.233409,0.252669
2.061262,0.312588,0.053916,0.605756
0.539931,0.28207,0.43652,0.803545
1.734042,0.253388,0.49208,0.810085
0.134171,0.900789,0.500014,0.56701
0.989459,0.010321,0.539949,0.610716
1.564784,0.076087,0.883598,0.039874
2.50593,0.330434,0.418691,0.718303
0.585359,0.891739,0.715697,0.208917
0.640288,0.694841,0.272854,0.511577
2.94621,0.313476,0.360462,0.356162
1.897105,0.355293,0.56578,0.872652
1.001346,0.519114,0.482595,0.506912
2.502327,0.116319,0.955879,0.597032
-0.750008,0.698245,0.191888,0.98223
1.57429,0.145624,0.092965,0.887578
0.518991,0.561392,0.733275,0.746692
0.778154,0.066705,0.910793,0.835603
2.211691,0.415321,0.763366,0.50288
0.325883,0.515955,0.352706,0.85469
-0.339885,0.601005,0.333824,0.852192
0.432161,0.986334,0.100473,0.616061
1.476703,0.123035,0.852825,0.805921
0.345721,0.786661,0.961466,0.726354
-0.221133,0.689615,0.893792,0.173531
1.295718,0.081315,0.936514,0.18186
-0.28795,0.67149,0.743803,0.762239
1.29413,0.566139,0.67739,0.309169
0.828596,0.645923,0.804588,0.47686
0.132584,0.704409,0.814286,0.014423
1.09245,0.879413,0.700692,0.637275
1.777026,0.235401,0.314771,0.096491
2.382116,0.21851,0.542171,0.48682
1.545042,0.131296,0.476973,0.62384
2.478544,0.415407,0.544777,0.330892
0.21973,0.954684,0.020908,0.88592
0.424736,0.97243,0.521954,0.525128
0.631022,0.070024,0.4383,0.534277
1.410495,0.192398,0.561303,0.040554
0.117441,0.051155,0.424679,0.933289
1.54803,0.314441,0.696962,0.463634
-0.599929,0.778793,0.023547,0.320166
0.544711,0.541436,0.218015,0.810801
0.750954,0.746618,0.891503,0.722615
0.319747,0.59497,0.863216,0.089964
0.283606,0.557525,0.385328,0.691039
1.291643,0.422864,0.852045,0.667334
0.225598,0.810241,0.859782,0.663776
1.490727,0.463985,0.386131,0.465565
2.217854,0.368615,0.939913,0.82393
1.970255,0.177815,0.092709,0.340922
-0.916611,0.628466,0.291284,0.095788
0.030201,0.627597,0.234438,0.719824
0.052585,0.909938,0.324283,0.273964
1.427697,0.319406,0.27415,0.835661
1.778671,0.533134,0.510596,0.549283
2.125535,0.264938,0.556425,0.562859
-1.202377,0.973883,0.204989,0.93655
4.613626,0.293617,0.961444,0.392493
0.815278,0.603027,0.895324,0.25052
-0.485752,0.595898,0.655176,0.093055
-0.581779,0.730777,0.406437,0.964603
1.036391,0.104424,0.811564,0.095102
1.155345,0.187126,0.100598,0.794276
0.074499,0.497194,0.128414,0.462106
2.053433,0.138828,0.843453,0.638057
0.083071,0.678274,0.786788,0.536784
0.047491,0.587098,0.050881,0.270848
-0.858786,0.607784,0.657765,0.839174
1.895709,0.373212,0.856919,0.427025
0.471134,0.009771,0.192748,0.952875
1.069915,0.505267,0.740744,0.112654
-1.646487,0.660117,0.484652,0.867915
2.50719,0.063801,0.749489,0.27898
0.406598,0.938021,0.662311,0.680478
0.576122,0.915479,0.274789,0.521388
1.397499,0.644619,0.804538,0.539397
0.334643,0.65275,0.350932,0.162287
1.90217,0.165824,0.70623,0.267901
0.101551,0.583319,0.409925,0.176162
1.240792,0.34654,0.389153,0.673716
1.122411,0.933006,0.728941,0.514197
0.761736,0.565031,0.677527,0.3815
0.660806,0.049008,0.12164,0.566509
-0.592556,0.917301,0.672133,0.016256
-0.154731,0.772856,0.438124,0.431672
-0.257555,0.972999,0.62909,0.77791
1.281696,0.120439,0.692861,0.965305
0.727705,0.100026,0.653807,0.868814
0.301817,0.48125,0.619948,0.900445
0.063876,0.87226,0.006327,0.856543
0.17034,0.596509,0.951393,0.049238
-0.427239,0.702713,0.387611,0.278745
-0.203473,0.565123,0.362556,0.816316
0.867672,0.451884,0.816567,0.556027
1.212989,0.843044,0.890415,0.489606
1.384881,0.057477,0.690206,0.578557
1.031577,0.449003,0.386251,0.926845
1.000658,0.566073,0.621674,0.328704
0.29701,0.790622,0.641088,0.403292
0.121813,0.935082,0.384362,0.512044
1.623685,0.196327,0.398853,0.575395
2.010936,0.06957,0.460943,0.372485
0.102709,0.689385,0.216084,0.479829
0.150121,0.94442,0.395715,0.651701
1.594751,0.445563,0.618796,0.41012
1.165937,0.422145,0.082832,0.47001
-0.87213,0.663961,0.910019,0.008192
1.795474,0.135369,0.83628,0.299171
1.235675,0.102708,0.212109,0.040836
2.160359,0.295695,0.101836,0.383967
1.014741,0.023266,0.766752,0.730528
0.212362,0.773355,0.651483,0.045016
1.371573,0.260539,0.613783,0.681693
1.818785,0.482873,0.682869,0.621916
0.850449,0.993477,0.589949,0.751811
0.931018,0.441831,0.494869,0.039339
1.099482,0.543051,0.911191,0.639663
1.60738,0.055893,0.922755,0.82773
-0.135973,0.601928,0.414688,0.881331
0.866374,0.912862,0.928074,0.780613
-0.027621,0.892243,0.750366,0.938228
1.09474,0.800541,0.811654,0.289878
2.129889,0.061799,0.701878,0.299787
0.582354,0.467113,0.522249,0.080063
0.568631,0.561381,0.225458,0.693499
0.454874,0.908997,0.635573,0.67323
0.534775,0.934592,0.640715,0.8381
0.054499,0.964278,0.7137,0.888466
0.7488,0.895573,0.63461,0.325532
1.613477,0.10673,0.952906,0.030773
0.200112,0.455532,0.642405,0.106169
-0.163103,0.488451,0.201162,0.878862
0.038624,0.569711,0.250103,0.557003
2.055588,0.234802,0.387601,0.548056
0.633943,0.701245,0.771108,0.572537
2.404571,0.252049,0.668145,0.611768
1.732681,0.132842,0.361555,0.718692
1.505502,0.388758,0.694705,0.755203
1.182965,0.330695,0.996786,0.948293
1.364145,0.246039,0.110753,0.870205
1.157028,0.048046,0.601644,0.637037
0.024842,0.981527,0.278572,0.651513
1.076347,0.719313,0.329044,0.238352
-0.639642,0.974476,0.398443,0.853556
0.973265,0.005305,0.133473,0.195592
1.444847,0.324334,0.01008,0.817896
-0.079671,0.873544,0.571954,0.972673
-0.604195,0.562364,0.155008,0.853186
1.265402,0.332192,0.308249,0.762743
1.375623,0.150535,0.163692,0.697809
0.812527,0.131122,0.106455,0.666314
2.401387,0.328641,0.908246,0.634794
0.309079,0.534271,0.822972,0.030378
-1.476253,0.69172,0.276556,0.591721
-0.093361,0.928393,0.110509,0.042312
0.193902,0.89344,0.099858,0.081903
1.047006,0.138111,0.439213,0.37605
1.152988,0.525074,0.219613,0.303792
2.029555,0.215157,0.508068,0.184909
-1.207426,0.727789,0.342225,0.994233
1.400688,0.214982,0.087308,0.873795
1.730014,0.368309,0.479841,0.884804
-0.769547,0.71247,0.571791,0.401134
2.26924,0.38857,0.261289,0.296975
0.524331,0.528009,0.058659,0.621849
1.129367,0.270549,0.142995,0.64234
-0.063839,0.323419,0.00713,0.061566
-0.255089,0.035301,0.343717,0.680225
2.44301,0.29926,0.832877,0.212209
1.087815,0.025721,0.633773,0.359267
2.12636,0.382425,0.671872,0.219787
0.684305,0.436817,0.214235,0.211744
2.598368,0.366972,0.783079,0.903273
0.248982,0.713966,0.893455,0.957296
1.194303,0.417801,0.73869,0.93235
1.360643,0.174529,0.50134,0.180825
1.489135,0.015717,0.426482,0.455288
1.879492,0.179288,0.569762,0.19489
0.651712,0.8516,0.513293,0.202172
-0.459505,0.905852,0.132313,0.930945
0.361505,0.293938,0.101563,0.077042
2.178442,0.263503,0.51488,0.434645
1.648073,0.501608,0.841001,0.477142
0.34314,0.810702,0.216019,0.467892
0.388847,0.779755,0.450085,0.517289
1.924976,0.358461,0.425447,0.100731
1.753387,0.900447,0.983924,0.369972
2.407296,0.388258,0.897613,0.172037
2.271759,0.289175,0.211641,0.410232
-1.042035,0.786048,0.330003,0.704182
2.273736,0.143928,0.308984,0.888438
1.078696,0.602379,0.812716,0.166489
-0.640722,0.886683,0.074851,0.242136
0.856411,0.466671,0.206368,0.60606
1.261741,0.869527,0.496839,0.385609
0.363698,0.654745,0.21706,0.724085
1.212024,0.978668,0.980586,0.187139
1.484101,0.256671,0.439473,0.086726
1.588309,0.656125,0.955649,0.507562
-1.019774,0.907815,0.028142,0.143554
0.564779,0.965267,0.436031,0.825251
0.088216,0.889453,0.476905,0.678655
0.479927,0.854697,0.524123,0.643427
1.040402,0.779683,0.988619,0.828717
0.74441,0.957882,0.491718,0.322297
0.857166,0.956389,0.263291,0.7152
1.254974,0.305592,0.579218,0.656925
1.653803,0.30055,0.599037,0.14682
1.152648,0.134362,0.130099,0.104429
2.970773,0.354095,0.946034,0.205386
1.566662,0.551725,0.893492,0.727158
1.839468,0.35955,0.654203,0.136232
0.391853,0.853747,0.47917,0.256085
1.69993,0.228492,0.731128,0.644155
1.934033,0.431789,0.854103,0.096943
-0.331764,0.756263,0.00833,0.002993
-0.725717,0.82867,0.047237,0.019764
-0.320638,0.747364,0.436703,0.809819
0.064652,0.813173,0.292143,0.870945
0.555221,0.355801,0.104753,0.968789
1.511883,0.140485,0.599243,0.080482
1.738412,0.302294,0.231711,0.489968
1.171354,0.792138,0.616797,0.306289
0.573704,0.154991,0.34071,0.07029
-0.246005,0.856339,0.225024,0.591388
1.353688,0.536632,0.381199,0.565503
-0.020783,0.718843,0.648356,0.89322
2.292173,0.242954,0.791306,0.546119
0.019411,0.924635,0.569782,0.986239
1.027394,0.977455,0.451859,0.13828
1.451267,0.035669,0.572045,0.397545
-0.324542,0.824663,0.688622,0.963938
1.21246,0.145939,0.16131,0.004825
1.849047,0.27596,0.000511,0.428529
1.787871,0.48794,0.816886,0.267122
-1.320689,0.625648,0.390965,0.088351
-0.949757,0.562158,0.300976,0.99046
0.236701,0.870652,0.092913,0.379868
1.991608,0.270107,0.617964,0.502046
0.343214,0.081488,0.416237,0.455644
-0.692782,0.576189,0.508754,0.06674
1.130242,0.074907,0.328053,0.131262
0.203566,0.780792,0.971583,0.446077
1.613232,0.275472,0.369685,0.975785
-0.053417,0.533009,0.589091,0.25943
1.305305,0.550173,0.539644,0.540954
-0.561255,0.617319,0.173725,0.675146
1.627743,0.079946,0.605261,0.343394
-0.986747,0.96122,0.030568,0.973769
2.096393,0.253157,0.745428,0.155423
-0.141631,0.765792,0.632625,0.08054
1.100497,0.399436,0.347235,0.018675
1.773396,0.361233,0.570886,0.629597
-1.344595,0.769916,0.049956,0.996903
0.050399,0.620776,0.62985,0.109015
-0.73829,0.786092,0.270811,0.951555
2.483063,0.383673,0.943675,0.191388
0.792292,0.025667,0.718441,0.473219
1.329094,0.38856,0.622727,0.216176
-0.538049,0.953352,0.326097,0.799806
1.641432,0.118475,0.230609,0.650699
0.009975,0.93049,0.40631,0.04914
-0.285674,0.599726,0.809474,0.132398
0.947679,0.394517,0.965887,0.048772
0.833232,0.044034,0.522821,0.733033
-0.074644,0.709699,0.611362,0.853533
-0.399686,0.893773,0.623884,0.755112
1.711149,0.524908,0.929878,0.066359
0.666518,0.963665,0.147004,0.459967
1.825448,0.292254,0.827508,0.305486
1.153815,0.631563,0.825142,0.547548
0.496015,0.569779,0.422192,0.376658
0.307812,0.780763,0.491798,0.040154
2.769946,0.247063,0.74501,0.184197
1.059578,0.074158,0.614769,0.577081
1.987888,0.472992,0.000305,0.441614
2.352103,0.320549,0.523817,0.317061
-0.88891,0.701099,0.094367,0.735742
1.752746,0.337721,0.959523,0.153699
-0.373203,0.731151,0.499193,0.207012
0.200701,0.653597,0.198809,0.3386
0.123704,0.915595,0.431578,0.873162
1.084083,0.101329,0.320357,0.612457
0.026712,0.7993,0.597718,0.45625
1.890446,0.221869,0.635047,0.901102
0.752014,0.943937,0.415755,0.632431
0.458613,0.738559,0.905098,0.572133
0.958768,0.356639,0.039046,0.578554
2.897792,0.274765,0.545338,0.133307
0.381396,0.75824,0.638299,0.276389
0.493742,0.035136,0.242759,0.790024
2.79751,0.189704,0.945597,0.876563
2.182586,0.306056,0.370067,0.60057
0.745619,0.53557,0.2938,0.572081
0.626386,0.630144,0.679131,0.173492
1.057901,0.505876,0.057273,0.21325
1.170642,0.878604,0.906832,0.436207
1.211914,0.810568,0.718977,0.608642
-0.098067,0.650292,0.61116,0.930677
-0.02163,0.577212,0.515478,0.978007
1.109935,0.413231,0.365898,0.870019
0.307378,0.61259,0.342838,0.66345
0.142727,0.923891,0.070419,0.557301
1.67239,0.221889,0.553434,0.692222
0.171857,0.778582,0.778186,0.383008
1.171514,0.208519,0.41737,0.881189
0.829343,0.578156,0.852998,0.041131
1.550105,0.204205,0.783605,0.643144
-0.247648,0.790116,0.812641,0.189852
0.92909,0.092522,0.850492,0.015944
1.823195,0.292794,0.447142,0.214856
-0.930605,0.670219,0.403165,0.034618
-0.073526,0.815944,0.778215,0.019032
0.650558,0.737201,0.209439,0.289441
1.637332,0.370491,0.897784,0.828112
1.287462,0.537066,0.622688,0.397142
0.836867,0.018024,0.247662,0.247224
2.485368,0.148026,0.872986,0.103707
-1.324131,0.630561,0.351282,0.980039
1.553405,0.117226,0.24424,0.54192
0.929894,0.495523,0.316058,0.114815
0.771757,0.869846,0.529315,0.324337
-0.579264,0.752582,0.409588,0.309901
1.78821,0.144592,0.286303,0.034773
2.340325,0.094645,0.651123,0.480815
0.141795,0.473758,0.253818,0.992575
2.0e-5,0.956908,0.379351,0.261671
1.985114,0.305152,0.238166,0.845474
-0.239011,0.491742,0.211925,0.1325
0.271603,0.519869,0.557853,0.138445
0.117768,0.84133,0.659589,0.26945
0.760574,0.496841,0.421688,0.778133
2.280859,0.236153,0.363195,0.375788
0.703615,0.130861,0.129806,0.977922
0.265917,0.441498,0.957855,0.885862
1.784896,0.067128,0.211555,0.084731
1.418172,0.968266,0.515251,0.396119
-0.672221,0.551153,0.014758,0.814021
0.715754,0.455953,0.305142,0.044146
0.070531,0.69474,0.614421,0.50449
1.003459,0.78042,0.883531,0.390859
2.116453,0.479149,0.725731,0.272007
1.367639,0.376731,0.690886,0.838313
1.259222,0.074792,0.601245,0.089684
-0.683346,0.481707,0.106625,0.700619
1.613051,0.310522,0.941914,0.991419
0.476357,0.782932,0.132466,0.329848
-0.101222,0.61623,0.292377,0.670354
2.261698,0.170389,0.512872,0.427446
0.682451,0.499754,0.331221,0.094301
-0.14628,0.542545,0.264126,0.924655
0.100278,0.749005,0.622761,0.169351
1.083296,0.284505,0.355434,0.017565
1.560882,0.58981,0.713688,0.376089
-0.468481,0.63164,0.390861,0.730729
1.375004,0.122077,0.921411,0.818123
1.38194,0.129696,0.572422,0.956231
0.376468,0.640241,0.662899,0.334076
1.675605,0.298487,0.050844,0.71934
0.476023,0.938969,0.822723,0.827036
1.035012,0.901596,0.594984,0.401812
0.485278,0.97482,0.445193,0.325814
1.367973,0.156863,0.351832,0.160458
2.483387,0.214297,0.960357,0.414428
-0.010875,0.136086,0.342179,0.058585
0.747153,0.148706,0.08107,0.878087
-0.55864,0.654793,0.34337,0.236071
2.153505,0.018251,0.763476,0.408178
2.314235,0.103266,0.822447,0.005071
0.604355,0.492319,0.419374,0.158388
1.712933,0.344004,0.5633,0.853782
0.678796,0.170124,0.284334,0.497493
2.201343,0.302858,0.969803,0.847214
-0.806615,0.902149,0.66789,0.828253
0.981907,0.562874,0.718574,0.333711
1.539861,0.398392,0.110271,0.252102
1.855393,0.232392,0.403396,0.404137
2.263249,0.142538,0.1247,0.26548
1.882411,0.506381,0.391282,0.444104
0.961907,0.072321,0.466618,0.241535
1.157964,0.942546,0.401097,0.173036
0.436734,0.853222,0.825258,0.560632
2.140272,0.018279,0.953822,0.674662
0.464615,0.726996,0.596613,0.142739
0.539479,0.526122,0.09192,0.085912
-0.795146,0.599047,0.028877,0.702193
2.1936,0.009343,0.76539,0.372689
0.15379,0.0769,0.09505,0.7888
-1.285887,0.702907,0.520886,0.916534
0.815699,0.448162,0.730533,0.924241
2.00177,0.1986,0.441194,0.586967
1.886117,0.325042,0.542916,0.313524
1.206242,0.01248,0.720314,0.384312
0.00147,0.962794,0.476847,0.040227
1.146751,0.169758,0.130097,0.89384
-0.884711,0.818897,0.069913,0.827384
2.22952,0.23695,0.671317,0.330825
1.111598,0.957581,0.087156,0.299992
0.889899,0.511883,0.738247,0.2026
0.661089,0.236547,0.113453,0.666268
0.16671,0.749691,0.714523,0.563221
0.524139,0.373057,0.013232,0.574062
1.448692,0.990423,0.548264,0.065182
0.846002,0.736947,0.990031,0.850129
2.10369,0.005447,0.767697,0.537959
1.075889,0.260963,0.542427,0.635134
1.976587,0.490744,0.938104,0.732909
0.53794,0.312373,0.129827,0.018711
0.132241,0.890692,0.550091,0.901653
0.283592,0.932158,0.106195,0.776034
2.173806,0.286199,0.877718,0.139378
-0.761848,0.584186,0.559442,0.779697
-0.047457,0.709282,0.566689,0.00985
2.403904,0.199639,0.230284,0.570861
1.274746,0.41345,0.523444,0.044887
0.31884,0.439964,0.669022,0.919322
1.410748,0.086734,0.445309,0.203811
2.759455,0.147854,0.957625,0.071155
1.707236,0.094786,0.14621,0.442756
2.131012,0.998611,0.892393,0.528728
0.982937,0.011841,0.151925,0.002874
0.267345,0.669943,0.497061,0.338208
2.222675,0.427072,0.670438,0.364897
-0.121706,0.536872,0.181127,0.401669
0.782853,0.118248,0.090226,0.094779
1.525014,0.258153,0.347374,0.919127
2.845069,0.073461,0.830724,0.516915
1.561449,0.167403,0.338937,0.398103
-0.004487,0.794321,0.235471,0.439725
0.055343,0.592915,0.299682,0.709352
2.340017,0.343639,0.644469,0.428364
0.982648,0.039593,0.087638,0.141482
2.443126,0.236383,0.802465,0.758917
0.345062,0.719939,0.762608,0.680392
3.024849,0.320541,0.83724,0.517323
0.139885,0.781461,0.041826,0.325124
0.183431,0.12317,0.07949,0.046425
0.627617,0.857325,0.997806,0.138617
2.430875,0.450198,0.902112,0.5238
2.086901,0.178843,0.44488,0.070793
0.337205,0.828973,0.052497,0.302373
0.259129,0.621345,0.441961,0.846414
1.746682,0.924158,0.623511,0.424937
1.400885,0.902642,0.584466,0.582228
-0.151359,0.83286,0.042134,0.77061
-0.649204,0.834536,0.388285,0.063242
0.011492,0.67212,0.244498,0.213746
2.080302,0.068169,0.556267,0.361721
-0.471604,0.67641,0.170128,0.623055
0.929527,0.211928,0.344648,0.809833
0.060921,0.91113,0.83703,0.633886
1.791423,0.28547,0.244566,0.165568
1.120007,0.077342,0.15624,0.652137
-0.669782,0.883808,0.554123,0.006098
1.684579,0.122527,0.258028,0.220718
-0.042248,0.704276,0.016791,0.293923
-0.679054,0.785088,0.178034,0.84127
0.410417,0.6407,0.343409,0.548011
-0.785427,0.810301,0.278672,0.035114
0.762526,0.045633,0.427276,0.882526
-0.057199,0.812104,0.162636,0.784428
0.313982,0.533299,0.142149,0.461169
1.697182,0.168918,0.314175,0.654598
1.298452,0.066352,0.644658,0.117998
0.415868,0.586508,0.45762,0.871764
1.446914,0.097388,0.718581,0.437225
-0.155603,0.729097,0.328814,0.927505
0.193726,0.7867,0.810534,0.860016
1.653225,0.51058,0.789411,0.621837
0.305522,0.712919,0.935777,0.634899
1.470843,0.301865,0.728223,0.516656
0.268393,0.698848,0.449969,0.733632
1.851664,0.395845,0.587931,0.240011
1.961361,0.505685,0.823624,0.302762
1.156785,0.063095,0.086637,0.579132
2.182183,0.208567,0.574788,0.774342
2.033763,0.343688,0.423327,0.329808
0.227746,0.654994,0.581262,0.500771
-0.303413,0.835079,0.077007,0.834577
0.260437,0.069869,0.538538,0.155627
0.729591,0.993069,0.278993,0.214541
1.130056,0.975809,0.771434,0.834383
2.874652,0.1691,0.352002,0.571064
-1.047491,0.847789,0.661752,0.996469
-0.247711,0.817845,0.651581,0.851158
0.598685,0.86102,0.720732,0.980002
0.051129,0.659715,0.469977,0.073474
1.298147,0.117113,0.226427,0.092473
1.062835,0.366553,0.775217,0.638266
0.389346,0.72418,0.600434,0.578203
0.312778,0.709752,0.862298,0.016338
2.132195,0.196943,0.438595,0.438276
1.312038,0.087656,0.184702,0.49563
0.162963,0.60342,0.605538,0.689357
0.994533,0.388562,0.141245,0.882702
0.836831,0.795127,0.654154,0.3244
1.643665,0.41165,0.797078,0.767552
-0.816121,0.874824,0.158903,0.97499
0.871138,0.031639,0.429865,0.801032
1.080434,0.435907,0.223915,0.604162
2.786897,0.288296,0.698025,0.779212
0.170594,0.575303,0.775567,0.256593
0.760375,0.554536,0.982642,0.04768
0.271089,0.666023,0.907111,0.932767
-0.54741,0.728721,0.44713,0.796161
0.20418,0.41472,0.594173,0.062574
0.977422,0.465062,0.963776,0.84794
1.283409,0.156765,0.392788,0.22343
1.088253,0.983018,0.382326,0.440886
2.685467,0.305842,0.314079,0.817117
0.995433,0.989423,0.198068,0.449992
-0.636176,0.875521,0.225917,0.094404
-0.92536,0.793623,0.021225,0.877754
2.201126,0.340457,0.931061,0.79697
1.665094,0.187769,0.635436,0.867614
1.614152,0.889196,0.980598,0.419979
1.438642,0.293568,0.028972,0.075736
1.056358,0.364031,0.239699,0.234596
2.046521,0.989672,0.696982,0.552781
0.535007,0.532552,0.965333,0.866503
-0.51545,0.716913,0.350677,0.049283
0.213574,0.953348,0.102704,0.22425
0.988013,0.310122,0.512447,0.05825
0.217486,0.492158,0.232093,0.846545
-0.149526,0.938222,0.043114,0.872326
1.641899,0.010416,0.103864,0.444659
2.500568,0.255753,0.731336,0.500343
0.740096,0.961955,0.715275,0.72191
1.678755,0.437605,0.34061,0.455382
1.238207,0.065591,0.541447,0.069183
0.281511,0.875076,0.149865,0.54115
1.051454,0.40115,0.941826,0.130503
1.481384,0.117365,0.556482,0.537365
0.881567,0.93337,0.598259,0.375493
2.254291,0.165914,0.721313,0.578201
-0.240577,0.712839,0.006142,0.763687
0.738418,0.840828,0.636753,0.531294
1.110757,0.607864,0.595403,0.658791
-0.801662,0.79528,0.530034,0.814087
1.144647,0.991011,0.593451,0.056207
-0.939401,0.762187,0.608767,0.903585
1.116419,0.529122,0.578643,0.494962
0.826826,0.98055,0.387823,0.669631
0.101302,0.698056,0.265073,0.138813
1.432487,0.114807,0.461803,0.694725
0.306092,0.907695,0.703663,0.320612
-1.153294,0.786944,0.167729,0.686028
1.562098,0.368735,0.119332,0.170037
0.158107,0.840534,0.628758,0.18228
1.22374,0.189505,0.372111,0.414817
1.78703,0.304487,0.896108,0.92293
0.754011,0.49094,0.226564,0.587856
0.788029,0.949871,0.682342,0.864888
0.483531,0.546176,0.393949,0.057892
0.655476,0.609518,0.813729,0.24576
1.193223,0.287158,0.236381,0.309417
2.483538,0.116541,0.590482,0.652949
1.745624,0.203944,0.565934,0.484099
2.347588,0.010563,0.999203,0.159177
1.354688,0.241062,0.316702,0.632542
-0.023945,0.897778,0.160595,0.629511
0.023951,0.661173,0.40251,0.05554
1.437936,0.26375,0.299983,0.745946
2.620118,0.198593,0.905561,0.673442
1.942422,0.074281,0.712036,0.282208
0.96686,0.045406,0.364988,0.094928
-0.336818,0.494885,0.274657,0.978498
1.875207,0.122555,0.312432,0.672526
1.779705,0.250299,0.878716,0.191841
1.352939,0.059905,0.607084,0.861703
2.250358,0.237705,0.632821,0.362888
-0.437566,0.63651,0.032295,0.932425
2.042741,0.289863,0.250353,0.634756
0.970051,0.475267,0.385317,0.364699
1.356834,0.563511,0.932808,0.711968
1.340647,0.402086,0.247523,0.444062
-0.191174,0.608873,0.432512,0.09951
1.299035,0.408827,0.738415,0.206006
2.58857,0.34987,0.753588,0.543567
1.724268,0.154551,0.776578,0.665522
1.70958,0.434621,0.273875,0.461545
0.383166,0.171896,0.183727,0.997001
0.916963,0.034493,0.650642,0.500058
0.737596,0.049584,0.076534,0.260454
-0.32696,0.603371,0.351464,0.431648
0.517086,0.890132,0.969163,0.312998
0.488711,0.591537,0.83435,0.799441
0.311296,0.08881,0.088235,0.819569
0.08337,0.779215,0.30766,0.197544
2.426637,0.220233,0.565397,0.636428
0.396968,0.601832,0.656844,0.816886
2.37251,0.2176,0.905782,0.300233
-0.211722,0.616329,0.690489,0.089599
-0.221629,0.571172,0.451975,0.703721
1.108082,0.425368,0.464432,0.692495
0.987518,0.005653,0.249732,0.677823
0.630502,0.094936,0.706544,0.677612
2.101869,0.427462,0.805464,0.89116
-0.133886,0.70226,0.130029,0.886159
-0.16819,0.776509,0.762468,0.060126
0.809147,0.912228,0.575525,0.933981
0.345678,0.416715,0.608774,0.924095
1.896059,0.530433,0.874967,0.393248
0.508316,0.3741,0.194852,0.993519
1.835358,0.517805,0.970259,0.498416
-0.127283,0.68912,0.556749,0.95384
1.125655,0.602329,0.509417,0.468227
1.340453,0.510513,0.605233,0.834758
0.486287,0.766501,0.864771,0.044854
-0.102165,0.641703,0.552036,0.741741
2.072663,0.495277,0.836917,0.429665
0.503665,0.698236,0.729834,0.573049
0.727149,0.169026,0.499605,0.757669
-1.23714,0.739739,0.013044,0.683258
1.025117,0.427167,0.609322,0.86421
1.245053,0.451233,0.752836,0.140345
1.97327,0.151038,0.93908,0.063714
2.006006,0.355547,0.421714,0.497249
2.267515,0.195828,0.095424,0.092264
0.841105,0.757284,0.698588,0.613666
-0.088902,0.779335,0.792735,0.611465
1.916665,0.27202,0.040009,0.022194
2.656713,0.081089,0.53125,0.655288
0.594376,0.627305,0.577355,0.783771
-0.381556,0.868116,0.2191,0.947401
1.322996,0.118047,0.745821,0.959534
1.920084,0.119812,0.825794,0.590537
0.223172,0.732957,0.002101,0.661618
2.155516,0.088602,0.230034,0.279988
1.408925,0.553122,0.992366,0.494524
1.431706,0.366255,0.739261,0.929566
1.667168,0.12612,0.43616,0.429065
2.098858,0.235777,0.535656,0.450738
-0.178476,0.786555,0.353517,0.553017
1.911672,0.197191,0.232736,0.949713
1.410988,0.325945,0.406116,0.060352
0.590822,0.514837,0.063719,0.089621
2.606944,0.224499,0.351786,0.514206
-1.154541,0.860946,0.019027,0.221698
1.437734,0.035478,0.883142,0.091242
-0.623449,0.706443,0.292335,0.220451
1.762383,0.17643,0.446949,0.959693
1.379596,0.087277,0.710622,0.866275
0.657149,0.994139,0.208993,0.011473
-0.355454,0.564476,0.03437,0.239218
2.560858,0.124988,0.874889,0.731708
1.997989,0.371014,0.133314,0.444551
1.917986,0.25989,0.343155,0.399887
0.179282,0.606433,0.283373,0.758476
0.182371,0.510908,0.401242,0.098681
1.332309,0.429471,0.141942,0.698251
-0.507959,0.851839,0.254516,0.816229
0.447513,0.022047,0.033199,0.083763
0.327913,0.529515,0.87118,0.004093
1.940541,0.471899,0.8469,0.500742
1.380254,0.099911,0.565801,0.154248
0.234868,0.840486,0.7935,0.152459
0.447495,0.466595,0.042163,0.60042
1.308212,0.157113,0.503332,0.759264
1.062931,0.177329,0.525461,0.743057
0.844914,0.536,0.734466,0.03045
0.88904,0.922322,0.596838,0.464175
0.279325,0.973904,0.769092,0.959747
0.945564,0.916232,0.527457,0.492694
1.968351,0.244085,0.829631,0.821724
-1.319598,0.784838,0.23038,0.936829
1.570753,0.435451,0.775742,0.053065
2.131819,0.345052,0.816806,0.843074
0.676021,0.918814,0.91044,0.841921
1.150718,0.536325,0.297022,0.232187
-0.350929,0.604945,0.184785,0.976698
-0.793305,0.758863,0.603835,0.496763
1.624579,0.509669,0.325475,0.403123
0.327036,0.254014,0.248138,0.895326
1.950058,0.190691,0.415146,0.219362
2.086543,0.07873,0.480227,0.613814
1.602923,0.241011,0.328061,0.797864
1.021101,0.446464,0.484816,0.22379
0.216125,0.504465,0.149,0.734084
1.031674,0.883935,0.908675,0.610982
-0.614264,0.767944,0.078894,0.851304
1.414693,0.299839,0.440173,0.090353
-0.151163,0.834802,0.374925,0.42691
2.700157,0.242548,0.946537,0.906128
0.861643,0.948794,0.442638,0.600155
1.851027,0.419901,0.801247,0.730671
3.093631,0.302612,0.988866,0.03024
1.347586,0.427964,0.247714,0.495419
0.378794,0.849343,0.983872,0.77896
0.054187,0.370553,0.44118,0.054587
2.4279,0.237676,0.136249,0.856138
-0.55884,0.791773,0.285619,0.885697
2.37218,0.172519,0.694983,0.274304
0.028423,0.544494,0.303722,0.944511
1.128366,0.533044,0.910461,0.758788
0.447465,0.926318,0.631067,0.681734
0.488907,0.890349,0.486967,0.226999
0.279896,0.586396,0.316403,0.20699
0.605502,0.975461,0.189744,0.092257
0.862425,0.101664,0.082521,0.874735
-0.771307,0.799084,0.731795,0.800805
1.772424,0.344843,0.876695,0.080566
2.038126,0.197511,0.316482,0.45674
-0.291787,0.544589,0.457716,0.024233
0.22974,0.506514,0.192508,0.940768
1.307002,0.051688,0.73397,0.942062
0.990432,0.060313,0.706207,0.912774
2.147141,0.440438,0.908601,0.513462
0.672718,0.597474,0.897965,0.795799
-0.126117,0.935125,0.541029,0.964524
1.146354,0.968377,0.277077,0.571302
-0.108301,0.992776,0.470325,0.090228
0.524299,0.799233,0.30646,0.05966
2.067918,0.406905,0.327825,0.537922
-0.569389,0.876191,0.46524,0.971381
2.893298,0.143125,0.944233,0.013255
1.674475,0.39339,0.480124,0.040277
0.578737,0.463853,0.966217,0.958995
1.427071,0.171974,0.789249,0.917473
2.116275,0.121446,0.887642,0.760242
0.323507,0.523203,0.264531,0.251286
-0.355487,0.98927,0.344273,0.932771
1.584646,0.190252,0.796845,0.083721
-0.599814,0.653366,0.073002,0.840364
-0.246092,0.902395,0.103031,0.046411
1.823604,0.30214,0.718537,0.041997
0.504071,0.656496,0.401703,0.205757
2.057526,0.311732,0.211775,0.727267
-0.130852,0.921246,0.532441,0.177668
2.737708,0.215629,0.705803,0.379182
0.123922,0.68277,0.621231,0.80008
0.371428,0.62127,0.462869,0.946426
0.737964,0.097807,0.733638,0.676859
2.198708,0.099613,0.474445,0.300706
3.21113,0.273536,0.810565,0.374719
0.739044,0.767237,0.970496,0.048843
0.06466,0.721751,0.506935,0.193494
2.158526,0.39705,0.889379,0.275836
0.258428,0.803006,0.270662,0.735576
2.049824,0.383307,0.558574,0.633894
1.173733,0.958204,0.820306,0.994483
1.216534,0.566551,0.926571,0.997533
-0.887219,0.781804,0.092996,0.914212
2.093471,0.096912,0.921203,0.236444
0.690141,0.395151,0.086644,0.05855
0.091515,0.659958,0.6629,0.746491
0.922974,0.505545,0.037656,0.124608
2.067511,0.003413,0.869286,0.54444
1.412835,0.60796,0.946475,0.366278
-0.01139,0.591399,0.406587,0.642508
2.584657,0.101515,0.1099,0.42835
-0.175092,0.906004,0.012469,0.629585
0.433484,0.749662,0.963225,0.126056
1.595147,0.569074,0.40593,0.20822
1.040748,0.518046,0.998707,0.84813
1.861778,0.439774,0.480002,0.722385
-0.509637,0.677999,0.769167,0.772117
1.087793,0.453341,0.367817,0.534548
0.225785,0.873534,0.045279,0.043702
2.328154,0.124519,0.756877,0.407885
-0.232886,0.586881,0.409794,0.583811
-0.236252,0.854505,0.506602,0.177389
0.532748,0.713105,0.952804,0.907668
1.819315,0.049346,0.309114,0.320036
0.445523,0.838449,0.731452,0.60535
2.286542,0.089982,0.809024,0.762533
1.169092,0.475306,0.666907,0.659057
-0.4051,0.825785,0.26219,0.116571
1.445892,0.364488,0.192818,0.067804
2.289716,0.173643,0.864523,0.959041
1.567638,0.082128,0.804798,0.681442
0.199022,0.647221,0.803186,0.06254
0.780356,0.390254,0.072649,0.760896
2.277863,0.546953,0.95964,0.312844
2.367427,0.142746,0.833157,0.31483
0.209875,0.61064,0.250069,0.362869
0.700851,0.901166,0.602942,0.423212
1.603317,0.278903,0.631968,0.956419
0.762234,0.406594,0.009973,0.151761
-0.286723,0.689863,0.121646,0.724442
1.215233,0.108126,0.191195,0.463692
0.47077,0.633816,0.879868,0.986642
-0.208561,0.788722,0.062911,0.324468
-0.491315,0.556715,0.296335,0.734689
1.914923,0.532259,0.970345,0.671838
0.080909,0.877717,0.967758,0.135522
-0.047545,0.560194,0.857381,0.870711
0.502331,0.842998,0.400633,0.597828
2.27976,0.253164,0.070254,0.118476
0.812578,0.418053,0.714352,0.852142
-1.009355,0.707897,0.392514,0.558539
-0.449886,0.916748,0.321301,0.996651
2.148874,0.049617,0.555562,0.126638
0.741146,0.459557,0.269433,0.93026
1.486282,0.546591,0.067179,0.187237
0.562688,0.674384,0.472956,0.602691
1.920345,0.168082,0.561875,0.388264
0.494062,0.586964,0.251858,0.545314
1.45047,0.241942,0.542697,0.894366
0.15305,0.960464,0.763005,0.414169
-0.262887,0.791589,0.029549,0.954505
0.381274,0.580037,0.474641,0.132709
0.664865,0.783546,0.14827,0.555901
2.168124,0.058128,0.547518,0.257901
3.090347,0.129343,0.932027,0.555962
0.514755,0.980719,0.235872,0.125132
2.033809,0.197825,0.331216,0.341344
-0.581962,0.827856,0.61887,0.946981
0.392134,0.574925,0.12065,0.085803
-0.014581,0.922235,0.036878,0.915995
1.979208,0.410281,0.086805,0.559221
0.897707,0.46963,0.372749,0.196999
0.824561,0.295678,0.059346,0.251551
-0.105838,0.621569,0.628007,0.823733
0.154661,0.68815,0.618111,0.519783
1.630215,0.085911,0.639088,0.978339
1.684149,0.287197,0.667917,0.84685
1.259278,0.074991,0.455343,0.458073
-0.212679,0.816365,0.380305,0.648751
-0.932624,0.842058,0.275786,0.756737
1.290615,0.523736,0.273612,0.436654
0.762656,0.103335,0.579829,0.12423
-0.506233,0.786471,0.059744,0.796628
0.684101,0.503392,0.966989,0.963618
0.359952,0.500574,0.389796,0.577243
-0.424031,0.684859,0.122467,0.771898
2.28711,0.314119,0.517779,0.532696
0.647633,0.939263,0.894756,0.010013
0.346525,0.000389,0.145476,0.060694
0.97834,0.411438,0.280446,0.192664
0.103644,0.896871,0.10887,0.273364
0.285386,0.459318,0.073595,0.974979
0.495321,0.535033,0.682598,0.16928
0.18032,0.938757,0.526942,0.767358
0.359645,0.484225,0.484545,0.64389
-0.233893,0.725656,0.432995,0.617077
2.16335,0.358742,0.187765,0.215506
-0.25628,0.794364,0.454194,0.895032
1.625956,0.324176,0.721327,0.073082
1.170682,0.353498,0.768306,0.704348
0.831192,0.97037,0.317045,0.794257
0.29426,0.909796,0.023752,0.320284
0.633725,0.04543,0.037526,0.086107
-0.295098,0.873388,0.858032,0.765725
-0.004249,0.75432,0.646562,0.935315
1.741371,0.423913,0.838628,0.635297
0.227344,0.82017,0.980491,0.226757
2.10615,0.136542,0.456956,0.367038
0.28319,0.650919,0.466454,0.248526
0.750585,0.575508,0.294227,0.465617
1.477168,0.04324,0.821443,0.276475
1.874038,0.123863,0.215169,0.657024
-0.070163,0.586162,0.53534,0.121645
1.788898,0.312707,0.950318,0.168828
2.375546,0.217412,0.359141,0.174732
0.453516,0.943827,0.759697,0.204781
0.367621,0.892904,0.69588,0.466063
2.87089,0.258209,0.570058,0.24401
1.449505,0.441658,0.308894,0.248572
-0.349267,0.616401,0.423171,0.259694
2.134896,0.0801,0.69545,0.122588
-0.859064,0.68623,0.407454,0.7635
0.059281,0.004773,0.108132,0.515508
0.412468,0.579589,0.040238,0.589404
1.519952,0.495379,0.371702,0.253032
1.813996,0.307247,0.218535,0.323828
1.706158,0.149954,0.958158,0.742697
0.324077,0.785959,0.88616,0.612718
1.241459,0.532446,0.277299,0.428718
1.850941,0.023474,0.903245,0.256839
0.828264,0.264552,0.14042,0.855501
0.306546,0.975148,0.961313,0.207372
2.146429,0.965035,0.767911,0.475719
1.473889,0.692728,0.974857,0.085308
2.113647,0.142472,0.048812,0.448268
0.468969,0.574433,0.136092,0.188775
0.258735,0.560108,0.17863,0.213014
0.865879,0.912451,0.522487,0.707837
-0.439365,0.614873,0.059068,0.966538
2.890288,0.267451,0.948657,0.715984
0.091486,0.955038,0.527067,0.069196
2.102489,0.293038,0.913937,0.036787
0.401409,0.94842,0.135426,0.595767
0.287129,0.950835,0.326057,0.63408
1.918271,0.975596,0.880464,0.291728
-0.267487,0.877771,0.830735,0.839684
0.726045,0.775202,0.694668,0.112929
2.168789,0.054969,0.954587,0.203175
1.111733,0.337272,0.562093,0.792274
2.362267,0.139659,0.615668,0.48788
0.798792,0.986307,0.673537,0.841689
1.187137,0.753875,0.788432,0.354281
0.936992,0.541448,0.683244,0.812793
1.568197,0.054647,0.680469,0.599229
0.531022,0.586613,0.193778,0.208556
1.461388,0.443566,0.495082,0.352289
2.320684,0.09409,0.981758,0.635295
0.121553,0.671119,0.514365,0.867035
-0.720086,0.603181,0.421991,0.051409
2.047673,0.247217,0.465119,0.341566
1.042074,0.396486,0.150515,0.901824
1.156943,0.363825,0.444536,0.843703
0.534407,0.40341,0.00538,0.757433
0.964659,0.423694,0.564086,0.783689
-0.313469,0.68523,0.323028,0.981912
1.683315,0.195831,0.449639,0.266913
1.851728,0.217181,0.340621,0.651578
0.744616,0.735273,0.940384,0.497586
1.611983,0.291213,0.072471,0.084207
-0.76188,0.835898,0.462063,0.260723
1.297353,0.051396,0.580698,0.5812
0.059884,0.641916,0.795749,0.986105
1.460852,0.1525,0.420613,0.845126
0.813119,0.050683,0.061303,0.12193
1.381507,0.015639,0.610722,0.567951
0.64917,0.00942,0.144154,0.559692
1.777587,0.311057,0.402882,0.282391
0.768456,0.907978,0.263599,0.524175
0.277192,0.725166,0.988695,0.05576
1.589289,0.327266,0.685216,0.004781
1.125687,0.341429,0.243008,0.948073
1.667154,0.989466,0.741596,0.455546
1.09074,0.030588,0.476813,0.266802
1.083478,0.091783,0.460263,0.167371
0.826899,0.639571,0.818572,0.367256
0.766698,0.341839,0.430875,0.867719
1.454747,0.290387,0.230561,0.97988
2.250977,0.092557,0.955649,0.937353
1.568978,0.548493,0.667935,0.386385
-0.651887,0.519369,0.301845,0.009079
0.487321,0.81489,0.377865,0.147376
1.669132,0.027035,0.814308,0.102558
2.437194,0.339068,0.657144,0.393643
1.628819,0.152602,0.332208,0.324268
1.609566,0.476007,0.783341,0.214767
0.809949,0.878626,0.632498,0.29892
-0.402648,0.799098,0.635765,0.155777
0.964924,0.462517,0.682804,0.609809
-0.066611,0.719833,0.31384,0.875292
1.931469,0.140638,0.660046,0.783942
0.582524,0.584413,0.381403,0.539796
-1.109343,0.66381,0.225453,0.926085
0.555277,0.054401,0.255658,0.10026
1.713917,0.245727,0.03331,0.6
2.135568,0.124016,0.485854,0.515512
2.240743,0.133217,0.452606,0.568264
2.444718,0.186506,0.66124,0.67906
-0.174834,0.834855,0.365695,0.212482
0.189473,0.49426,0.90425,0.787049
2.621058,0.346671,0.972412,0.255359
0.756169,0.7783,0.363266,0.419383
1.221649,0.251162,0.413031,0.80697
2.290477,0.230111,0.649709,0.570544
1.746971,0.210148,0.146109,0.289425
1.37853,0.096222,0.16497,0.507816
0.000772,0.022899,0.505156,0.873039
2.037421,0.411681,0.961392,0.787594
1.341035,0.850887,0.791638,0.031595
1.060861,0.101026,0.21252,0.656936
1.666247,0.237374,0.403309,0.273385
0.979436,0.010761,0.034141,0.249151
0.181964,0.609202,0.788591,0.264751
0.659829,0.520399,0.389071,0.953016
-0.905228,0.801138,0.002981,0.037409
0.176604,0.646954,0.367468,0.569847
-0.024724,0.749047,0.566769,0.899835
2.533861,0.311514,0.680447,0.660002
1.09319,0.952852,0.449371,0.338578
-0.959938,0.676002,0.225583,0.87795
1.930037,0.171531,0.407467,0.158522
-0.602402,0.65344,0.29799,0.913817
1.761249,0.513015,0.940811,0.16543
-0.239651,0.59501,0.622792,0.100952
0.842341,0.458591,0.325261,0.703596
-0.281957,0.609308,0.762496,0.004313
-0.113689,0.81266,0.956737,0.78031
1.918385,0.976949,0.865895,0.690719
1.387045,0.089332,0.838171,0.190399
1.925835,0.146198,0.751355,0.33745
2.77513,0.321182,0.865588,0.117807
2.145143,0.351201,0.939932,0.87081
0.771899,0.583852,0.192023,0.529759
1.411616,0.054472,0.564836,0.558199
0.364794,0.697112,0.643015,0.422087
0.545835,0.019061,0.070984,0.856551
-0.164665,0.580704,0.632333,0.744381
0.704296,0.568745,0.128379,0.612441
0.02977,0.53511,0.345681,0.095845
1.695915,0.181311,0.337569,0.307413
0.990139,0.357524,0.149811,0.820639
1.58765,0.538899,0.392044,0.295612
0.685112,0.365591,0.346571,0.012651
0.391763,0.948201,0.5083,0.761291
1.35998,0.028958,0.036179,0.436376
0.815736,0.974947,0.576311,0.356446
0.54133,0.011109,0.311263,0.855136
1.486619,0.293319,0.270538,0.642559
0.368438,0.557558,0.710901,0.744779
2.610727,0.292693,0.81524,0.505881
-0.832916,0.748438,0.098311,0.940824
-0.294505,0.911135,0.460822,0.624144
1.121764,0.637007,0.870726,0.450019
1.474921,0.385212,0.67776,0.624232
1.779817,0.067037,0.163059,0.539622
0.29672,0.612812,0.685927,0.97596
1.255231,0.566869,0.656828,0.404862
0.524417,0.95498,0.726968,0.759339
1.281234,0.137349,0.350959,0.987955
1.724253,0.007471,0.922301,0.551376
1.104547,0.666923,0.970366,0.516132
1.288943,0.981401,0.881517,0.019513
0.797107,0.677875,0.547705,0.476393
1.86588,0.328282,0.354447,0.267006
0.324026,0.736191,0.144913,0.57826
-0.542756,0.668162,0.106536,0.49856
2.466324,0.148453,0.75735,0.199282
-0.762556,0.801479,0.455381,0.868725
-0.401683,0.856164,0.080647,0.999355
-0.403532,0.07487,0.222434,0.927538
1.347449,0.49464,0.20729,0.096144
-0.909174,0.585584,0.46331,0.966811
1.571281,0.333695,0.681881,0.548136
0.815244,0.180557,0.182842,0.084712
0.441173,0.803703,0.950917,0.981505
-0.945717,0.849185,0.006169,0.821021
0.297525,0.914402,0.39054,0.550587
0.102242,0.981115,0.991134,0.99973
0.338908,0.526415,0.26278,0.212806
0.973133,0.562156,0.583811,0.252383
0.653955,0.104574,0.381954,0.218987
0.396477,0.901631,0.826166,0.022433
1.460029,0.349283,0.409683,0.528414
0.449321,0.368691,0.009021,0.037261
0.983923,0.09968,0.394688,0.868791
1.614653,0.271826,0.968481,0.896339
3.075644,0.187822,0.958405,0.448256
2.511631,0.225867,0.167662,0.266406
1.102177,0.913792,0.771649,0.694246
0.25227,0.623592,0.158556,0.713897
1.050731,0.943306,0.239336,0.361865
1.208706,0.977175,0.933847,0.635507
-0.423969,0.638169,0.016635,0.420763
0.999883,0.030716,0.506058,0.205437
2.06122,0.078444,0.730296,0.91761
0.15587,0.734196,0.18093,0.533089
0.378774,0.544485,0.728543,0.563443
1.975917,0.946218,0.739198,0.5194
1.51757,0.480547,0.442859,0.361774
1.019124,0.55433,0.900339,0.578354
-1.107053,0.829551,0.771521,0.143744
1.216499,0.294293,0.493263,0.036872
-0.647161,0.917076,0.213809,0.817523
-0.551087,0.818155,0.055064,0.339107
1.533252,0.962063,0.650723,0.436235
0.775153,0.385205,0.003102,0.537206
0.58291,0.808119,0.880595,0.833135
0.217103,0.449491,0.322639,0.856026
1.273511,0.97423,0.911635,0.744564
0.766633,0.063,0.424171,0.778478
1.911306,0.323533,0.228577,0.288719
0.483822,0.903378,0.755108,0.081068
-0.123304,0.929459,0.587136,0.643572
1.351283,0.137518,0.073134,0.894701
0.686416,0.514793,0.530992,0.567981
0.313122,0.063417,0.471003,0.256087
-0.015115,0.861553,0.434413,0.00511
0.675154,0.867657,0.941101,0.528621
1.683519,0.005289,0.688918,0.350822
0.469653,0.902775,0.043301,0.300026
-0.532949,0.823175,0.042408,0.115435
2.301056,0.292322,0.616389,0.560784
0.3727,0.838914,0.429173,0.411033
-0.131671,0.580967,0.635518,0.756673
1.221578,0.2411,0.066802,0.158127
-0.401624,0.823352,0.154887,0.286237
2.034478,0.247414,0.097768,0.439679
2.315325,0.256703,0.877253,0.52143
-0.492893,0.601496,0.046318,0.806195
-0.318686,0.61927,0.657484,0.959259
1.669907,0.038634,0.889162,0.045767
0.493381,0.497166,0.188801,0.782143
1.870931,0.017788,0.726912,0.649278
0.169412,0.563149,0.542502,0.607893
0.539948,0.821217,0.708438,0.687288
0.371037,0.91604,0.551926,0.752047
0.420243,0.871427,0.237187,0.586716
1.323296,0.447744,0.302568,0.528266
0.628367,0.075181,0.119227,0.149609
0.755146,0.983777,0.294362,0.007622
0.562539,0.846836,0.978728,0.951066
2.485769,0.231446,0.308595,0.313528
1.479576,0.051181,0.893354,0.055182
1.835656,0.05779,0.606173,0.387885
1.230654,0.154646,0.354062,0.241406
0.783285,0.391893,0.06824,0.905455
1.398686,0.585285,0.651533,0.198354
0.116232,0.719283,0.087911,0.373593
2.423222,0.209556,0.918388,0.730511
1.253704,0.085132,0.473248,0.506234
1.491118,0.162802,0.850784,0.958333
0.951856,0.429685,0.77369,0.722855
0.354962,0.964476,0.229892,0.418964
-0.539034,0.800993,0.190026,0.179112
0.301422,0.149499,0.638528,0.014602
0.487535,0.791645,0.846917,0.146417
1.728541,0.197925,0.558408,0.394378
1.514303,0.928154,0.919162,0.276057
1.430215,0.193834,0.957265,0.826143
1.96188,0.352782,0.564664,0.598353
-1.069572,0.835818,0.242086,0.979836
0.684603,0.177731,0.026997,0.765792
3.424581,0.415903,0.952453,0.526172
0.934338,0.931047,0.460298,0.574871
-0.405601,0.897847,0.692503,0.996165
1.758357,0.275308,0.247418,0.473332
1.071119,0.196476,0.628292,0.026926
1.235839,0.512183,0.469778,0.45867
0.368431,0.074772,0.177635,0.849248
1.283678,0.109137,0.430234,0.171711
1.405279,0.721416,0.948842,0.403615
0.284127,0.670853,0.839904,0.014526
1.408902,0.90921,0.989208,0.384254
1.050913,0.930168,0.844642,0.493025
0.131815,0.87754,0.952124,0.941158
1.513661,0.449312,0.646799,0.130929
0.93115,0.981978,0.911728,0.713598
0.411066,0.537852,0.368773,0.115602
0.232376,0.84374,0.942007,0.900355
1.13069,0.744162,0.644941,0.127248
0.001493,0.843487,0.130516,0.411209
1.643765,0.355696,0.537027,0.898359
2.643429,0.314105,0.028615,0.488479
-0.177686,0.88658,0.318989,0.291623
1.493475,0.426393,0.516745,0.512493
0.408256,0.932495,0.30631,0.235124
0.212989,0.612553,0.027668,0.223944
1.526876,0.451896,0.863651,0.064285
1.48203,0.195155,0.784912,0.83208
1.156577,0.398717,0.676728,0.532294
1.196884,0.189381,0.396501,0.59863
-0.193898,0.759389,0.224194,0.487523
0.690184,0.583592,0.347205,0.277736
3.21927,0.241363,0.97509,0.283023
1.19568,0.475685,0.61683,0.826689
0.120104,0.880709,0.690776,0.891917
-0.121421,0.741424,0.496481,0.926459
-0.102495,0.720146,0.383658,0.712061
0.282303,0.551758,0.431108,0.242979
1.493628,0.665363,0.892486,0.373258
1.772781,0.353123,0.695263,0.579125
0.384474,0.622192,0.48343,0.182561
1.980908,0.216333,0.779074,0.269075
0.113363,0.844557,0.097574,0.242567
1.79598,0.11548,0.456547,0.01444
1.74028,0.150638,0.517763,0.195731
-0.626926,0.658333,0.046839,0.112191
1.414294,0.959952,0.85118,0.7809
-0.626702,0.662485,0.164304,0.293427
1.832797,0.120366,0.046482,0.526534
-0.042164,0.921164,0.620991,0.464809
-0.561189,0.916097,0.429415,0.893996
-0.521576,0.787898,0.012068,0.425888
-0.058266,0.797456,0.17236,0.436149
1.811763,0.514161,0.594101,0.407109
1.190678,0.961893,0.389343,0.952749
0.083406,0.674233,0.247317,0.513641
1.787958,0.089917,0.949283,0.49289
1.286578,0.101352,0.066427,0.950957
2.213729,0.208196,0.248527,0.555071
0.943223,0.620246,0.524153,0.232112
0.560163,0.020113,0.639747,0.965977
1.071123,0.016051,0.255377,0.55264
1.685174,0.209572,0.68365,0.792596
0.893206,0.58717,0.197781,0.253055
0.942936,0.622391,0.804458,0.129666
0.567434,0.41517,0.004149,0.676892
0.376429,0.581247,0.021728,0.676165
1.154433,0.992112,0.780469,0.919017
1.863752,0.344643,0.897557,0.34234
0.656903,0.546948,0.551383,0.571163
-0.077916,0.755528,0.905687,0.651695
-0.463692,0.794916,0.399777,0.375558
-0.720727,0.67127,0.068792,0.922149
1.020896,0.649814,0.745795,0.413769
0.922419,0.487323,0.428116,0.733522
0.013664,0.639337,0.798826,0.739694
1.689802,0.110164,0.114521,0.635561
-0.876527,0.720452,0.152471,0.037647
-0.437687,0.477661,0.086092,0.539494
1.852436,0.981029,0.854305,0.747759
1.435481,0.455557,0.982102,0.068167
2.810671,0.315763,0.186105,0.363115
-1.005376,0.649025,0.717115,0.898562
3.380954,0.114528,0.893373,0.385891
3.958212,0.259185,0.996687,0.30338
2.87434,0.136488,0.934743,0.560725
1.065157,0.509776,0.837127,0.932755
2.666021,0.259302,0.838347,0.629459
0.290092,0.774182,0.931907,0.569094
2.109613,0.280169,0.572437,0.206776
2.564896,0.330314,0.618809,0.591281
1.83097,0.355808,0.493667,0.053148
0.846997,0.854603,0.710009,0.814235
0.781988,0.881201,0.595677,0.018778
0.365725,0.614705,0.67988,0.121301
-0.511817,0.824494,0.475468,0.704832
-0.919999,0.608344,0.587861,0.605033
2.557875,0.231243,0.869268,0.593917
-0.389001,0.843371,0.673533,0.810318
-0.571664,0.893906,0.029833,0.07273
0.236158,0.598044,0.101106,0.288003
2.230795,0.287138,0.829293,0.243107
0.005113,0.828367,0.498295,0.966158
-0.584394,0.884098,0.210286,0.073191
3.045553,0.297908,0.748174,0.511448
-0.589812,0.674556,0.109655,0.544928
-1.155577,0.737058,0.504473,0.024752
2.990768,0.186439,0.996105,0.439667
0.307849,0.66716,0.717088,0.76204
0.581996,0.634099,0.734227,0.773176
2.827172,0.325265,0.747951,0.539828
0.06654,0.694799,0.667333,0.221082
1.314629,0.058404,0.018416,0.014224
0.987573,0.937845,0.45105,0.090921
0.012019,0.677055,0.486724,0.240983
0.030327,0.826855,0.706022,0.097866
-1.031902,0.800278,0.040261,0.69976
0.755901,0.464222,0.575662,0.590089
1.561026,0.400349,0.847531,0.871982
-0.357046,0.558951,0.64638,0.7267
1.52874,0.211401,0.343486,0.226271
1.578262,0.372765,0.215086,0.350475
0.532195,0.407017,0.563391,0.094555
1.562029,0.116987,0.973504,0.879732
0.480177,0.564496,0.856822,0.614775
2.831414,0.040421,0.913036,0.467222
0.946302,0.971065,0.603331,0.572342
1.425778,0.111564,0.642053,0.749133
1.857557,0.090706,0.759565,0.608858
0.738908,0.026858,0.29102,0.483346
0.815067,0.064934,0.501239,0.917783
1.623994,0.180369,0.631457,0.695266
1.609627,0.047825,0.644811,0.56804
1.806103,0.367719,0.568365,0.354019
1.989806,0.119409,0.989966,0.829861
0.907632,0.526324,0.233749,0.590042
0.661417,0.552744,0.51946,0.105262
1.205586,0.58636,0.809163,0.68805
0.389776,0.528634,0.400494,0.701057
0.273735,0.684347,0.334582,0.145115
2.086668,0.438646,0.972532,0.662482
2.533207,0.329949,0.05753,0.351589
0.419747,0.628926,0.325849,0.387065
0.274324,0.515849,0.388292,0.089722
1.816694,0.185941,0.170441,0.289264
1.983704,0.447346,0.025747,0.273707
0.655182,0.458595,0.097914,0.071446
1.265834,0.005803,0.412945,0.690027
-0.308213,0.746889,0.330473,0.505748
0.531625,0.418222,0.025272,0.996845
0.089676,0.514374,0.731467,0.969398
-0.293125,0.704032,0.387992,0.738544
1.875901,0.474171,0.740261,0.47725
2.20871,0.425171,0.971831,0.417072
1.265815,0.409838,0.921092,0.749783
1.138439,0.044158,0.110794,0.388556
1.727702,0.9078,0.875019,0.14677
0.530645,0.622307,0.822964,0.557078
-0.087584,0.758769,0.808812,0.9213
1.578598,0.534762,0.801209,0.102449
2.48783,0.241043,0.136027,0.260482
1.466182,0.25935,0.122684,0.224119
2.276666,0.248235,0.705072,0.516396
0.804207,0.757352,0.633461,0.712566
2.287165,0.357856,0.740449,0.50017
0.026107,0.605796,0.801018,0.854021
0.474173,0.46038,0.239085,0.332691
1.400075,0.551961,0.466935,0.422124
-0.744177,0.865858,0.022865,0.97234
1.144092,0.462112,0.245637,0.683481
-0.436796,0.899755,0.475685,0.759029
1.242027,0.408843,0.825259,0.825126
1.169232,0.140525,0.531539,0.034077
-0.787443,0.85452,0.678452,0.826629
0.631681,0.613212,0.954919,0.003752
1.776711,0.305538,0.763288,0.820413
-0.100524,0.828359,0.223565,0.555128
0.074687,0.49256,0.084986,0.810411
0.925325,0.478176,0.862947,0.981561
-0.160488,0.932557,0.308204,0.145341
1.328831,0.26154,0.163869,0.14066
1.404324,0.534038,0.014191,0.388689
0.532118,0.583547,0.51911,0.174853
1.028709,0.488013,0.093743,0.380621
1.34274,0.127782,0.4595,0.598578
0.840699,0.704052,0.938219,0.207452
1.090217,0.858086,0.436808,0.365484
1.521223,0.417015,0.909666,0.54397
1.522494,0.450386,0.013431,0.462039
0.310444,0.434136,0.682176,0.994142
-0.402645,0.87991,0.912425,0.892186
1.275735,0.510792,0.003925,0.423261
1.670843,0.171314,0.471269,0.551977
1.640954,0.036559,0.779507,0.452164
1.087249,0.317544,0.168309,0.726442
1.449999,0.035846,0.661052,0.252451
0.236862,0.640855,0.784353,0.912142
1.296442,0.494127,0.908543,0.385977
2.842102,0.250017,0.863186,0.459679
2.170237,0.241601,0.701317,0.379746
0.912976,0.78167,0.989908,0.256159
2.911563,0.432026,0.980006,0.653358
1.057794,0.489586,0.542358,0.3249
1.519885,0.493465,0.504502,0.59882
0.90118,0.905841,0.547999,0.545119
-0.468819,0.876484,0.209704,0.774975
1.983365,0.356708,0.903195,0.873606
1.770866,0.102796,0.498216,0.955714
0.468509,0.391307,0.02209,0.833273
2.310267,0.080328,0.798826,0.006381
-0.094735,0.740139,0.056608,0.971211
-0.121261,0.742038,0.359646,0.008
1.767956,0.09457,0.464832,0.200704
2.234833,0.335914,0.724604,0.704857
0.369364,0.475663,0.03552,0.60694
1.738002,0.403939,0.331399,0.308975
0.604885,0.01206,0.269022,0.694796
2.499628,0.183093,0.535174,0.453681
-0.258444,0.87703,0.074589,0.55755
2.255241,0.463775,0.617861,0.56034
1.149576,0.856438,0.946626,0.486156
0.589898,0.570526,0.384244,0.55656
1.840192,0.558554,0.958165,0.373163
-0.558163,0.646411,0.036207,0.136792
0.303906,0.802251,0.592421,0.327042
1.017418,0.273793,0.013322,0.623347
0.032717,0.638562,0.326921,0.555604
1.56402,0.468607,0.840282,0.962335
-0.431861,0.656476,0.090535,0.004633
-0.197493,0.776067,0.346172,0.153876
0.888838,0.002426,0.437279,0.870354
0.467489,0.651738,0.318338,0.347993
1.723695,0.454263,0.67203,0.48378
1.195251,0.186724,0.647744,0.371846
1.964858,0.100818,0.314133,0.418647
1.136404,0.963746,0.92623,0.785976
1.02915,0.404506,0.382212,0.982274
0.363464,0.768158,0.691143,0.498359
0.387746,0.580151,0.48242,0.481446
0.783504,0.968084,0.345462,0.308956
1.410919,0.053789,0.890817,0.896527
0.976839,0.862872,0.371147,0.302752
2.220576,0.465521,0.782429,0.367576
0.804334,0.996602,0.470968,0.275714
1.080308,0.548216,0.805915,0.391117
1.710875,0.086083,0.597059,0.414862
2.035619,0.320938,0.055134,0.132958
0.907222,0.831464,0.308464,0.09975
2.106944,0.457175,0.368996,0.293273
2.092542,0.42982,0.521258,0.200589
0.638175,0.92808,0.299228,0.099943
-0.741302,0.838452,0.486062,0.88383
1.034439,0.373194,0.833562,0.98329
1.363653,0.945602,0.46509,0.641531
-0.314899,0.763308,0.330798,0.972538
-0.174911,0.790766,0.606817,0.568526
2.281563,0.475514,0.472652,0.484357
1.299364,0.387966,0.698631,0.976422
0.396245,0.556842,0.118495,0.196522
1.364783,0.233224,0.362457,0.774045
-0.628623,0.882396,0.015993,0.107066
2.365141,0.389237,0.217355,0.306436
2.457794,0.247779,0.599298,0.23819
0.795769,0.69939,0.55496,0.394669
1.679493,0.310423,0.182382,0.083099
0.767013,0.349381,0.348921,0.205553
0.768855,0.621694,0.695998,0.693418
2.542185,0.137398,0.750427,0.555458
1.526478,0.153402,0.812534,0.130536
2.4152,0.156353,0.992116,0.494465
1.4619,0.133588,0.248247,0.910497
1.618825,0.275501,0.476585,0.232299
0.098317,0.839209,0.660875,0.644008
1.413061,0.099568,0.244064,0.748723
1.014822,0.178037,0.115558,0.146309
1.814563,0.487025,0.961776,0.901002
1.203442,0.354796,0.611034,0.76117
0.607191,0.819767,0.759564,0.600398
-0.915352,0.711877,0.285644,0.974887
0.971806,0.857315,0.978912,0.006654
0.063997,0.980902,0.756498,0.825222
0.219477,0.577097,0.051882,0.652477
1.680422,0.05992,0.591742,0.781555
0.811959,0.473626,0.423987,0.172088
1.514929,0.34245,0.751051,0.049433
2.246721,0.151453,0.523154,0.983099
1.072359,0.348593,0.009323,0.005612
1.894723,0.356337,0.205929,0.665498
-0.353601,0.607121,0.392717,0.742065
0.316001,0.033534,0.275659,0.218623
0.298219,0.882602,0.406007,0.138913
1.263016,0.042879,0.583124,0.453134
1.987305,0.211454,0.520929,0.778379
2.904431,0.323127,0.886634,0.934153
1.427656,0.976975,0.562578,0.555283
1.519148,0.288336,0.345885,0.639016
0.628149,0.613558,0.983854,0.65107
1.168721,0.466716,0.215395,0.824577
0.946471,0.643631,0.928598,0.451809
1.942131,0.219263,0.010478,0.671462
2.108228,0.325678,0.604396,0.476973
1.223614,0.353946,0.717494,0.076373
0.747551,0.463862,0.584901,0.010822
-0.822124,0.690085,0.106995,0.759749
0.736919,0.111638,0.121538,0.138485
0.299526,0.042124,0.338533,0.757595
1.984724,0.562016,0.653034,0.468178
1.546426,0.182941,0.530046,0.492063
1.854414,0.220872,0.91281,0.294581
0.958982,0.118078,0.669362,0.825062
1.152028,0.090139,0.928126,0.992973
1.307845,0.382386,0.238924,0.272682
2.156523,0.21881,0.456435,0.565015
0.029852,0.910001,0.440283,0.294436
1.357469,0.977094,0.522232,0.567954
-0.111137,0.022178,0.018423,0.98596
0.769174,0.39721,0.417303,0.848154
0.565393,0.611917,0.864443,0.117896
1.146012,0.570974,0.517722,0.681978
0.676113,0.590117,0.803943,0.171764
1.228851,0.86528,0.864139,0.187932
1.617489,0.062555,0.69358,0.540309
1.42456,0.104508,0.514017,0.044522
1.492034,0.906511,0.691043,0.761875
1.50838,0.083399,0.614559,0.65584
1.514032,0.908141,0.737523,0.252886
2.004729,0.922763,0.936165,0.554661
2.111433,0.348119,0.463443,0.238577
0.32354,0.860456,0.361047,0.148295
1.560914,0.43677,0.6957,0.068285
2.83943,0.354149,0.890276,0.19859
1.112568,0.850495,0.805812,0.482294
-0.88624,0.549607,0.438568,0.943647
-0.080508,0.504735,0.456691,0.909694
0.479742,0.020813,0.236091,0.37625
0.736035,0.513463,0.250986,0.056275
-0.453029,0.838076,0.608221,0.897252
2.016936,0.063394,0.711889,0.361611
-0.306386,0.550392,0.00955,0.820101
-0.191598,0.88184,0.55925,0.407089
2.277137,0.269864,0.100231,0.404087
0.919833,0.410389,0.71362,0.739162
1.265054,0.132619,0.887773,0.739293
2.032306,0.84007,0.896483,0.535956
1.226281,0.028009,0.004208,0.185945
1.547116,0.166402,0.967465,0.418888
1.123919,0.335372,0.090578,0.133222
1.287293,0.505272,0.579198,0.145304
1.862843,0.040226,0.986261,0.781474
1.340483,0.29961,0.118963,0.884645
0.615236,0.234862,0.184955,0.667704
1.064015,0.097085,0.245441,0.075341
1.501078,0.440538,0.352791,0.522245
2.222974,0.189655,0.269254,0.488098
2.21065,0.344955,0.470626,0.510642
0.391498,0.996223,0.702828,0.232181
1.39821,0.478208,0.600173,0.541387
-0.526663,0.638236,0.136765,0.312531
1.380372,0.198825,0.724656,0.567314
0.137988,0.047925,0.215923,0.744568
1.953593,0.466841,0.972032,0.392266
2.509505,0.233757,0.399514,0.389563
1.367312,0.207844,0.243487,0.111621
1.396685,0.134302,0.530213,0.724885
1.221803,0.589884,0.470446,0.531367
-0.899153,0.77852,0.812201,0.793236
1.226088,0.279405,0.463262,0.944571
1.622263,0.435034,0.234789,0.869308
0.401894,0.829629,0.67588,0.29511
1.934937,0.258237,0.367276,0.243989
2.571966,0.308145,0.706405,0.664299
2.330548,0.196428,0.958771,0.009262
1.65093,0.431065,0.229962,0.507467
-0.356062,0.536107,0.251092,0.986095
1.030216,0.375713,0.028535,0.13597
1.587634,0.23789,0.221088,0.266445
0.295669,0.639524,0.655029,0.516826
1.4492,0.227325,0.039523,0.915215
0.964298,0.977546,0.575044,0.023171
2.547563,0.334183,0.130675,0.34517
0.088058,0.584857,0.120523,0.351907
0.259323,0.03622,0.438017,0.857585
0.873069,0.596254,0.311518,0.430947
1.997263,0.08008,0.6354,0.802022
1.813854,0.2437,0.739629,0.215745
1.672932,0.054224,0.700764,0.498086
0.901546,0.457951,0.265779,0.236155
0.609132,0.060442,0.899349,0.770603
0.755601,0.634805,0.207896,0.476099
-0.043384,0.663572,0.058349,0.221663
2.057624,0.005373,0.892819,0.613859
-1.111454,0.814444,0.004448,0.691938
-0.058517,0.795346,0.758619,0.064399
2.622918,0.314026,0.859096,0.012431
1.991615,0.354411,0.651258,0.099873
2.89535,0.160373,0.870054,0.322494
0.221746,0.766251,0.345346,0.703554
0.564939,0.471064,0.105701,0.820748
1.99649,0.417758,0.9241,0.822455
1.359704,0.854654,0.729191,0.603699
1.366593,0.124217,0.754598,0.969823
0.181717,0.898051,0.486696,0.155199
1.271125,0.437634,0.719606,0.517732
-0.17244,0.943806,0.201724,0.616322
2.206391,0.130426,0.898113,0.089656
0.205319,0.719848,0.403353,0.14658
-0.474331,0.739714,0.704664,0.867715
1.121333,0.844915,0.825606,0.47387
1.291521,0.474906,0.598682,0.126454
0.694259,0.388759,0.420534,0.997367
0.918334,0.362892,0.423413,0.957492
-0.917193,0.794643,0.395127,0.01124
2.25395,0.243501,0.773645,0.497305
-1.023503,0.741337,0.219503,0.016364
2.598843,0.333848,0.938762,0.601731
0.34241,0.900919,0.190297,0.666897
-1.147795,0.717088,0.351152,0.658862
-0.260907,0.814257,0.711074,0.219132
-0.301275,0.753794,0.810275,0.971695
2.028522,0.446009,0.751335,0.549926
2.267329,0.094901,0.884657,0.526064
-0.454847,0.846338,0.24666,0.556443
1.812914,0.538884,0.711267,0.326669
-1.036791,0.665191,0.013945,0.937424
1.109783,0.275839,0.810569,0.755677
1.323609,0.148641,0.447582,0.129705
0.316489,0.580502,0.577406,0.814698
-0.495829,0.650262,0.337374,0.643858
1.162878,0.218953,0.518847,0.762935
0.765884,0.698188,0.182268,0.383963
-0.907574,0.740829,0.102505,0.608243
1.378011,0.323286,0.19086,0.061622
0.869796,0.57957,0.935725,0.599536
-0.572965,0.656115,0.463253,0.933497
0.897131,0.083706,0.610661,0.840654
0.963589,0.620558,0.684482,0.8188
1.785528,0.411111,0.558922,0.202509
0.84278,0.174292,0.741161,0.8173
1.332094,0.023538,0.516688,0.624442
0.37506,0.777063,0.566513,0.050329
0.797468,0.309776,0.236842,0.016282
1.154736,0.480229,0.047947,0.192312
1.02304,0.097595,0.367815,0.84562
2.247167,0.270383,0.762348,0.271402
-0.329513,0.639968,0.378943,0.745196
0.595883,0.661206,0.721979,0.17382
1.053806,0.530199,0.946585,0.998889
1.977976,0.417061,0.926914,0.523909
1.490544,0.451493,0.3032,0.240769
1.777197,0.066013,0.870383,0.155676
0.639962,0.975841,0.724741,0.146872
0.333974,0.569687,0.043445,0.426373
1.972244,0.39342,0.776847,0.576271
2.883905,0.12424,0.947568,0.334107
-0.573341,0.802946,0.67708,0.736036
0.482636,0.5345,0.530829,0.002088
0.340152,0.635783,0.196988,0.791833
2.207045,0.069344,0.886158,0.54451
0.706088,0.679716,0.829371,0.743605
-0.034236,0.667796,0.998006,0.47985
2.268015,0.480702,0.923691,0.489704
-0.218768,0.648902,0.784919,0.864658
0.758777,0.500081,0.203865,0.431597
1.402415,0.627585,0.5674,0.240821
-0.693704,0.824251,0.205904,0.883541
-1.342263,0.78691,0.554697,0.837536
0.720899,0.803448,0.45062,0.615195
-0.284476,0.601596,0.343709,0.140371
-0.021221,0.835757,0.419214,0.310817
1.699565,0.335179,0.243926,0.927373
2.931873,0.111841,0.828846,0.54678
-0.4117,0.678064,0.917068,0.887447
-0.066542,0.892314,0.108396,0.879481
2.524952,0.17959,0.76767,0.529757
0.397368,0.562794,0.619425,0.045236
-0.179216,0.449357,0.087227,0.95278
-0.2774,0.796344,0.482536,0.40902
0.945619,0.923563,0.672055,0.254331
0.89698,0.467683,0.488218,0.459005
-0.451748,0.636219,0.091275,0.743534
1.083895,0.318511,0.519007,0.712654
0.943413,0.55137,0.217698,0.544327
0.858666,0.844041,0.57159,0.135893
2.201429,0.942753,0.957233,0.418737
2.271667,0.339002,0.944857,0.672926
2.291996,0.39764,0.653266,0.319675
2.390644,0.279784,0.153136,0.12562
0.035305,0.767661,0.728664,0.503761
0.277002,0.617125,0.56178,0.288539
3.665901,0.250071,0.980393,0.563147
0.96949,0.387279,0.10735,0.826372
1.832695,0.358461,0.72382,0.086029
0.393745,0.650883,0.886316,0.576729
0.570979,0.960257,0.057001,0.73735
1.966998,0.339502,0.305405,0.353247
2.919117,0.172481,0.991401,0.540365
0.282409,0.974084,0.837107,0.653457
0.161085,0.061832,0.204265,0.861513
1.870082,0.105604,0.802167,0.223159
1.921565,0.421514,0.95519,0.159664
1.281664,0.336209,0.10433,0.053112
2.267161,0.141968,0.847489,0.253862
1.994185,0.081608,0.850302,0.683756
-0.46662,0.557859,0.327974,0.056684
0.774706,0.503716,0.044673,0.125679
0.559743,0.222241,0.151986,0.100157
-0.149205,0.833476,0.669664,0.284951
-0.05158,0.882511,0.631449,0.995972
-0.214674,0.819019,0.661286,0.614505
-0.013658,0.571632,0.486588,0.772135
2.545072,0.478394,0.872743,0.588584
1.285705,0.48142,0.676858,0.326712
0.186746,0.629625,0.449529,0.205419
0.420764,0.046026,0.292664,0.8709
0.140279,0.850685,0.192342,0.27074
-0.654114,0.826125,0.085662,0.522096
1.544709,0.043239,0.145716,0.877128
1.584661,0.673549,0.925743,0.406089
1.855359,0.6548,0.40619,0.401396
0.855433,0.855254,0.907259,0.529262
1.016739,0.100414,0.651192,0.783104
2.080684,0.474276,0.918694,0.110438
-0.410715,0.662219,0.349315,0.167972
2.849137,0.199697,0.9465,0.589556
1.651932,0.9801,0.72182,0.318941
2.980582,0.403917,0.937573,0.254944
2.592797,0.354056,0.949764,0.009829
0.640471,0.390327,0.283405,0.573193
1.236556,0.215902,0.142582,0.43969
1.279708,0.405957,0.397651,0.630036
2.612282,0.13922,0.972814,0.125824
-0.545898,0.921792,0.904237,0.848067
2.107549,0.316796,0.958013,0.306423
0.385632,0.476865,0.609193,0.198478
1.972392,0.461255,0.492499,0.313477
0.280265,0.059499,0.292951,0.946404
1.424884,0.384539,0.711562,0.978423
-0.290526,0.683832,0.559117,0.806917
-0.272774,0.755777,0.229774,0.286193
1.610673,0.181265,0.053048,0.464234
0.960894,0.824975,0.946657,0.488938
0.72946,0.43642,0.178518,0.874905
0.655758,0.905144,0.480106,0.293961
0.658798,0.960921,0.052395,0.991233
1.23804,0.960734,0.227329,0.382763
1.850292,0.965429,0.712935,0.509275
2.349125,0.046627,0.450971,0.567233
0.26926,0.633864,0.969727,0.905141
-0.312293,0.767352,0.228674,0.060558
1.605653,0.143104,0.274878,0.470609
0.837021,0.043893,0.394392,0.047492
1.219096,0.007546,0.784656,0.770758
0.007522,0.7323,0.767437,0.153429
0.974969,0.605934,0.791472,0.178478
1.413125,0.312145,0.163589,0.667911
0.89404,0.082076,0.999649,0.865262
-0.197455,0.714659,0.71577,0.857599
0.14606,0.938185,0.047948,0.649803
0.49818,0.00122,0.040325,0.119104
0.575645,0.018607,0.505625,0.060798
-0.402623,0.843088,0.241606,0.652433
2.190809,0.063166,0.738726,0.646225
-0.073066,0.63038,0.293392,0.725155
0.307521,0.018569,0.336042,0.829804
2.687163,0.234131,0.215059,0.355144
0.630205,0.892177,0.52557,0.077481
2.558211,0.370747,0.834263,0.39472
-0.019403,0.891704,0.880543,0.829993
1.646535,0.220508,0.369669,0.657503
2.293168,0.207315,0.62068,0.541445
0.153372,0.759589,0.816073,0.168082
0.376783,0.64519,0.785609,0.096939
0.951116,0.804016,0.15106,0.380223
0.377769,0.541356,0.053505,0.624171
2.020801,0.249422,0.087146,0.457897
1.394273,0.140177,0.497741,0.002762
0.008596,0.687765,0.01784,0.216487
0.162493,0.453901,0.275332,0.820338
2.234552,0.34713,0.232916,0.412179
2.139205,0.366916,0.575839,0.52589
0.929408,0.042381,0.684313,0.935103
0.549405,0.927511,0.637304,0.729109
0.445923,0.631148,0.671935,0.143988
0.452145,0.969177,0.877597,0.943503
0.680807,0.50063,0.127891,0.303872
1.83958,0.256009,0.548132,0.043469
1.006672,0.337957,0.449382,0.357849
1.362775,0.417123,0.208796,0.444465
0.258834,0.776896,0.735107,0.012612
1.460494,0.421551,0.376419,0.623148
-0.090846,0.772748,0.13785,0.979917
1.7676,0.138068,0.901025,0.660293
0.68845,0.960194,0.965795,0.0678
-0.0817,0.576178,0.42934,0.102524
1.051599,0.094764,0.014517,0.24475
2.008897,0.204412,0.440175,0.655011
2.203221,0.115682,0.09347,0.46387
1.986348,0.136187,0.274974,0.292443
0.799794,0.873592,0.268392,0.322557
1.615328,0.302393,0.404024,0.228371
0.599188,0.945633,0.451055,0.789311
1.701904,0.403892,0.296778,0.378914
0.277461,0.926798,0.893867,0.753539
0.976942,0.999081,0.412624,0.34833
0.627416,0.888714,0.128878,0.308862
2.41071,0.118678,0.986997,0.482493
0.202597,0.901774,0.961619,0.680235
1.330299,0.459975,0.632516,0.908733
0.321512,0.768616,0.750479,0.338761
2.186595,0.101001,0.34826,0.314892
2.924038,0.106585,0.975603,0.622337
2.167987,0.032071,0.972433,0.580592
0.450331,0.055289,0.584055,0.90117
1.16197,0.991337,0.850307,0.170643
1.001395,0.987152,0.465709,0.789079
2.146995,0.052294,0.929233,0.612083
1.191739,0.039476,0.19923,0.91569
1.554023,0.266319,0.910788,0.775537
0.259767,0.019945,0.157439,0.069401
-0.253694,0.795238,0.843595,0.577508
1.045747,0.944849,0.742366,0.109798
-0.073567,0.970959,0.670813,0.086296
0.706775,0.669044,0.699899,0.485629
-0.024856,0.870624,0.248391,0.266649
1.310995,0.1954,0.62996,0.247662
2.141793,0.130619,0.944342,0.204284
2.281552,0.201508,0.807381,0.176855
1.347065,0.469503,0.48576,0.491037
-0.046043,0.685011,0.278671,0.859103
-0.09666,0.576307,0.558568,0.635513
1.676847,0.174757,0.84573,0.833319
1.450525,0.189047,0.039754,0.384264
-0.187832,0.76227,0.231199,0.77932
0.258129,0.584814,0.71961,0.098354
2.182099,0.187496,0.702702,0.560784
-0.430379,0.852248,0.465344,0.721383
0.851874,0.007459,0.612492,0.895662
0.741219,0.602843,0.810639,0.308743
1.321397,0.022405,0.701107,0.166878
1.464429,0.435606,0.943679,0.773557
0.508322,0.880105,0.299843,0.136748
2.228367,0.298195,0.863257,0.880477
-0.790596,0.877872,0.164717,0.764014
2.225837,0.290184,0.679523,0.357476
0.241119,0.703598,0.743097,0.623307
2.267484,0.253302,0.708212,0.225633
1.267958,0.762218,0.796553,0.391397
-0.283881,0.874758,0.77576,0.845932
3.286885,0.239025,0.868788,0.301496
1.904895,0.459008,0.25657,0.369523
1.219164,0.529987,0.098223,0.865569
1.597411,0.177991,0.583967,0.912301
1.67473,0.162487,0.791426,0.609083
2.104564,0.092798,0.59074,0.482901
-0.480003,0.790179,0.296954,0.933001
1.705977,0.239914,0.488965,0.441707
1.185938,0.120006,0.188718,0.446868
-1.18463,0.647112,0.086057,0.787148
2.872472,0.164865,0.913581,0.270631
0.683312,0.522331,0.459472,0.879934
-0.719872,0.815301,0.302188,0.514377
1.225289,0.095737,0.900759,0.704855
-0.091376,0.648692,0.698386,0.772214
0.889857,0.53338,0.006308,0.545385
-0.933817,0.607405,0.013341,0.078328
1.194592,0.103564,0.128778,0.316323
1.535324,0.120119,0.15678,0.962246
1.240219,0.170879,0.097558,0.688233
2.830593,0.274119,0.959092,0.474606
1.101022,0.336363,0.222841,0.908793
0.783622,0.52191,0.260341,0.511484
1.45411,0.378202,0.391074,0.420871
1.181323,0.469958,0.635263,0.794735
1.716247,0.116516,0.363024,0.411508
1.128594,0.491198,0.911247,0.641759
0.442813,0.977982,0.633679,0.628551
-0.615304,0.582292,0.312021,0.476867
0.267209,0.587583,0.420364,0.29805
1.518657,0.110743,0.734915,0.605858
2.897904,0.127111,0.989847,0.552735
-0.021723,0.814111,0.829726,0.099525
2.030179,0.390457,0.223158,0.305223
0.04908,0.812385,0.916088,0.531793
0.326905,0.478476,0.681899,0.004778
1.314971,0.668938,0.741238,0.332244
1.402922,0.638106,0.82209,0.158866
1.233011,0.474091,0.850716,0.281483
1.866773,0.570657,0.805278,0.449634
-0.44437,0.760216,0.617503,0.876634
0.511868,0.345227,0.064408,0.928341
2.03379,0.467167,0.515769,0.476504
1.476491,0.217612,0.117634,0.354914
1.820167,0.111168,0.335319,0.408245
1.504353,0.103413,0.379957,0.572944
1.798217,0.384342,0.386421,0.70078
-0.603642,0.979299,0.077186,0.083174
-0.152577,0.56287,0.468089,0.107402
1.542164,0.118082,0.289748,0.87657
-1.01786,0.641483,0.313484,0.648672
-0.027039,0.781668,0.404198,0.913653
0.311725,0.947348,0.029081,0.995222
-0.460777,0.865165,0.316591,0.732315
0.044406,0.689039,0.210024,0.62736
0.241827,0.783187,0.435472,0.084883
-0.665338,0.591593,0.26811,0.962274
0.729058,0.059554,0.041855,0.728302
0.046889,0.643371,0.793304,0.797824
1.687004,0.398202,0.867622,0.689353
-0.68348,0.63521,0.455169,0.750635
-0.234549,0.750178,0.168711,0.110885
-0.155917,0.435698,0.014357,0.985487
0.543636,0.987179,0.810781,0.064268
-0.163673,0.752964,0.287101,0.703434
0.755914,0.01194,0.703381,0.129688
2.533695,0.201427,0.748595,0.295605
0.975279,0.196304,0.582365,0.870255
1.98525,0.253992,0.629459,0.066043
1.17541,0.449069,0.871764,0.983351
1.366059,0.307869,0.324627,0.558075
2.206273,0.248662,0.110081,0.401943
1.261841,0.350188,0.251031,0.968825
1.294006,0.429204,0.427021,0.174048
1.025583,0.407787,0.156339,0.397186
0.918748,0.328326,0.199492,0.850593
1.635354,0.446768,0.080321,0.361372
0.487921,0.931333,0.862503,0.31949
1.366099,0.050919,0.518103,0.673969
-0.442605,0.87621,0.01956,0.194514
0.723564,0.863191,0.031956,0.361551
1.267031,0.42869,0.124528,0.435059
1.537,0.032428,0.502616,0.12299
2.09232,0.181405,0.511176,0.457971
1.662154,0.193686,0.919288,0.960928
0.721656,0.983811,0.262414,0.945323
0.999173,0.6235,0.996939,0.668177
1.573402,0.724122,0.995764,0.375415
0.771592,0.097501,0.342772,0.819668
2.601044,0.114055,0.974097,0.431966
-1.175729,0.75273,0.69901,0.908617
0.971632,0.544647,0.21362,0.376983
2.458164,0.160249,0.611258,0.333832
0.604053,0.437783,0.535504,0.528213
1.956608,0.228867,0.281093,0.512249
0.982364,0.844186,0.109294,0.373948
1.044033,0.963903,0.439478,0.515092
0.320176,0.682603,0.978145,0.906313
0.337468,0.841963,0.420602,0.543555
1.706057,0.549832,0.668711,0.282121
0.339158,0.469789,0.697669,0.778923
1.689136,0.999692,0.697715,0.48401
1.909396,0.213608,0.9898,0.167589
2.319023,0.508304,0.604456,0.734924
2.1555,0.161516,0.261662,0.217089
2.184755,0.216457,0.873859,0.109979
0.982499,0.250077,0.741889,0.68697
2.083878,0.353878,0.841915,0.74042
2.511376,0.288882,0.943156,0.795408
0.84563,0.95493,0.833666,0.16521
0.28662,0.941259,0.542782,0.992959
-0.517514,0.66583,0.224378,0.935508
0.318746,0.545826,0.081139,0.706799
1.613929,0.257599,0.243186,0.318805
-0.09905,0.535601,0.156013,0.013078
0.542024,0.691202,0.779762,0.374731
1.122494,0.555867,0.980804,0.374217
2.216938,0.366352,0.756488,0.346885
1.66574,0.179451,0.454276,0.711467
1.11784,0.951678,0.059812,0.458139
1.729389,0.439148,0.969944,0.507356
0.464552,0.887942,0.157478,0.013311
0.823324,0.990603,0.124915,0.817193
0.687712,0.364282,0.568096,0.782689
0.96324,0.678155,0.877671,0.257634
0.681221,0.596231,0.358163,0.383814
1.455216,0.229866,0.142393,0.060415
0.037566,0.703071,0.904305,0.84797
-0.793922,0.774797,0.389874,0.952038
-0.152429,0.827876,0.448287,0.233167
0.74281,0.514534,0.368583,0.442153
0.71925,0.793549,0.685908,0.336704
1.060719,0.324645,0.46236,0.018665
0.974026,0.50324,0.49021,0.599873
3.341668,0.157202,0.971447,0.571108
1.150368,0.001311,0.874213,0.070867
0.167169,0.97807,0.425665,0.695034
0.669382,0.004332,0.348378,0.961794
1.388993,0.523422,0.893601,0.551743
0.679728,0.058876,0.113016,0.059309
1.268263,0.098449,0.032846,0.146233
1.188265,0.982379,0.858787,0.837305
0.060287,0.035956,0.301566,0.726541
-0.476555,0.901286,0.253767,0.059404
0.438957,0.55028,0.795621,0.73395
1.564816,0.086849,0.902751,0.680721
0.717142,0.370234,0.104295,0.104231
1.668047,0.940487,0.979709,0.825668
1.358419,0.426329,0.434421,0.370949
1.845476,0.363241,0.831417,0.546536
1.249124,0.246631,0.070719,0.703383
2.189589,0.419217,0.945304,0.348316
0.838374,0.332312,0.064548,0.770087
-1.178997,0.701088,0.161626,0.190816
1.001669,0.363181,0.259959,0.626639
2.913241,0.197375,0.628922,0.285172
2.080085,0.306201,0.461671,0.691043
1.746886,0.063904,0.397764,0.379131
0.923865,0.59679,0.997301,0.961554
2.863949,0.37829,0.907105,0.402113
0.561865,0.905477,0.398698,0.483183
0.799348,0.432443,0.675564,0.800137
1.47749,0.876155,0.36509,0.345887
0.124128,0.592917,0.910972,0.866828
1.199779,0.167496,0.203258,0.74977
1.14752,0.349642,0.752582,0.912765
2.195882,0.202221,0.984386,0.191717
2.146735,0.295609,0.666476,0.820887
1.298015,0.127354,0.333027,0.071121
1.507113,0.501125,0.498522,0.471025
0.337239,0.11423,0.112166,0.560785
-0.349862,0.664083,0.422809,0.111952
0.57406,0.818044,0.512549,0.637002
2.492744,0.124817,0.698412,0.002099
2.012699,0.002361,0.651822,0.383641
-0.161356,0.80784,0.024315,0.00244
1.320283,0.168792,0.671653,0.778585
1.19701,0.445851,0.348192,0.859567
1.848653,0.390393,0.621484,0.626224
-0.428333,0.680687,0.214008,0.532313
0.367209,0.027317,0.433749,0.98899
0.547128,0.470747,0.921053,0.936244
1.806788,0.014568,0.945066,0.82657
1.110588,0.848184,0.631917,0.471268
2.298472,0.203125,0.338565,0.375864
1.567224,0.275356,0.852562,0.964863
0.212577,0.931262,0.372605,0.660454
1.182302,0.671086,0.786925,0.440147
1.80225,0.360529,0.615248,0.091231
0.775074,0.055171,0.321421,0.873127
-0.804119,0.76734,0.18656,0.015255
-0.765995,0.789909,0.810658,0.730069
1.476416,0.030328,0.141797,0.401083
0.263819,0.933817,0.229393,0.866794
0.539502,0.506305,0.24226,0.583308
1.811243,0.991072,0.415963,0.182326
-0.824502,0.759566,0.027014,0.568694
1.456267,0.127001,0.516583,0.552895
2.714157,0.31436,0.038521,0.453769
2.735345,0.10494,0.927216,0.44625
1.958653,0.094458,0.639155,0.609573
0.987146,0.366834,0.10184,0.27525
0.197718,0.957898,0.521097,0.816649
-1.170099,0.685556,0.376988,0.882624
-0.41966,0.508841,0.162115,0.039235
0.313546,0.407943,0.432281,0.904926
1.709625,0.15533,0.790933,0.839328
0.561047,0.546941,0.972676,0.958677
1.130779,0.287782,0.369438,0.993554
0.444793,0.94569,0.197831,0.44921
0.179412,0.507261,0.114748,0.940093
-0.049951,0.819325,0.638919,0.765736
1.421107,0.014494,0.420044,0.272634
1.032047,0.42983,0.055421,0.621988
0.385217,0.623208,0.988409,0.573657
0.703886,0.437822,0.107867,0.293325
1.452541,0.60138,0.943097,0.264117
-0.450039,0.898779,0.44715,0.890771
0.544595,0.65446,0.78373,0.496564
2.216972,0.071282,0.37492,0.158479
0.667275,0.459615,0.644049,0.624364
0.97502,0.252521,0.107249,0.883621
-0.478102,0.765224,0.012111,0.101679
0.732022,0.387417,0.016268,0.969774
0.038118,0.898871,0.751984,0.353423
0.7754,0.622809,0.623032,0.194539
1.950876,0.426238,0.790533,0.60167
2.163246,0.04861,0.771858,0.29971
-0.059828,0.651422,0.022181,0.063555
-0.987667,0.70826,0.316204,0.892823
-0.547152,0.643743,0.541416,0.03033
2.452425,0.106745,0.873156,0.984519
-1.029483,0.807687,0.594088,0.896984
0.734989,0.940788,0.399967,0.650901
1.685644,0.981578,0.405822,0.284607
-0.362458,0.859775,0.678184,0.928083
1.351097,0.22055,0.241412,0.061114
-0.191019,0.837359,0.333494,0.225354
2.771271,0.381523,0.554824,0.490265
1.675626,0.328168,0.59276,0.877902
1.552354,0.275479,0.949632,0.57928
2.120762,0.208651,0.253782,0.284401
1.496308,0.281729,0.50234,0.627049
0.729787,0.875157,0.092651,0.602701
-0.189077,0.631101,0.58569,0.264289
0.482916,0.891825,0.8517,0.703722
0.764145,0.884106,0.458779,0.258343
-0.255003,0.849686,0.417857,0.59572
-1.08877,0.831716,0.282571,0.74935
0.013267,0.479573,0.220478,0.78926
-0.164303,0.77395,0.088124,0.11758
1.381833,0.201746,0.057018,0.292019
0.43037,0.549134,0.047042,0.688658
1.7432,0.09439,0.384257,0.20264
1.065808,0.478541,0.293679,0.330567
0.213408,0.763929,0.352488,0.26108
-0.671455,0.710944,0.847357,0.920054
1.068816,0.465497,0.7867,0.926202
0.309551,0.436245,0.04737,0.682581
2.031975,0.264547,0.994405,0.696779
-0.82281,0.632576,0.266921,0.919161
-0.946309,0.724845,0.210539,0.936948
0.525433,0.582052,0.033591,0.433802
2.866154,0.244884,0.570407,0.309916
-0.124229,0.729664,0.679253,0.801793
2.332646,0.378896,0.821094,0.077074
0.210452,0.692015,0.191589,0.603033
3.475042,0.091326,0.985849,0.551759
0.766764,0.936389,0.547938,0.101185
-0.34581,0.646318,0.216251,0.744897
-1.201896,0.860222,0.099157,0.04044
2.694953,0.519275,0.640801,0.216598
-0.018864,0.612598,0.075533,0.725093
1.606709,0.656321,0.763489,0.6738
2.634743,0.403192,0.947407,0.517826
1.445519,0.367324,0.677161,0.624925
1.239474,0.541337,0.874176,0.313598
1.150568,0.495066,0.147944,0.431572
0.738652,0.507967,0.62133,0.162737
-0.018345,0.95983,0.390524,0.34101
1.981568,0.494063,0.860856,0.260783
0.563582,0.598356,0.214087,0.288621
-1.07247,0.74706,0.165161,0.711133
1.008116,0.527878,0.967093,0.711875
2.755419,0.267706,0.906747,0.568605
0.059079,0.620435,0.81644,0.013718
2.29352,0.283265,0.074748,0.059633
0.616815,0.859693,0.470463,0.455993
2.103223,0.322379,0.308934,0.230474
-0.206021,0.749144,0.434583,0.255822
2.265457,0.187176,0.23712,0.422635
0.008626,0.772953,0.05558,0.030561
1.074729,0.438599,0.463973,0.929413
2.122721,0.990241,0.56875,0.442461
-0.235976,0.77124,0.475598,0.708581
1.589155,0.078204,0.796083,0.682433
1.50508,0.511502,0.710461,0.597971
2.693335,0.049923,0.681373,0.562499
0.869906,0.064473,0.250244,0.161424
0.996643,0.325787,0.528473,0.866476
0.022021,0.826377,0.467335,0.928027
2.367,0.320656,0.878353,0.952627
0.360928,0.937278,0.683908,0.255184
2.65595,0.28476,0.883682,0.681601
2.139499,0.264857,0.545391,0.092315
1.593774,0.282132,0.37499,0.634701
0.068155,0.893865,0.619929,0.421004
-1.152661,0.812328,0.238414,0.024498
1.878039,0.418928,0.73852,0.841174
2.003359,0.075701,0.026761,0.898656
1.938519,0.213948,0.158584,0.634596
1.03228,0.528556,0.764153,0.336043
3.014088,0.165538,0.916104,0.345447
1.803995,0.430997,0.85459,0.095398
-0.708653,0.742354,0.687486,0.080894
-0.615739,0.987106,0.425955,0.879672
0.680058,0.704243,0.605143,0.673732
1.007585,0.135467,0.093598,0.651284
-0.261181,0.718308,0.317406,0.214282
1.450359,0.757099,0.846948,0.458407
1.258846,0.080633,0.775526,0.780303
1.161129,0.523307,0.970895,0.298987
1.346096,0.167545,0.085431,0.641135
1.753425,0.467788,0.875938,0.326626
-0.229646,0.960104,0.244534,0.470952
2.500871,0.325078,0.677101,0.691765
0.102162,0.549662,0.255559,0.714354
-0.133213,0.904597,0.375255,0.202305
-0.646958,0.917779,0.409393,0.742704
1.188091,0.116539,0.64336,0.975644
0.409108,0.71608,0.175031,0.264188
0.666024,0.750118,0.904319,0.974769
0.37199,0.43065,0.250205,0.821456
-1.355729,0.783505,0.368765,0.115087
0.939408,0.829515,0.684397,0.395837
0.669714,0.52409,0.150255,0.297122
0.36053,0.797932,0.999382,0.567258
2.321402,0.232907,0.502119,0.238646
-0.569309,0.739315,0.672036,0.905258
1.972744,0.207652,0.745188,0.754357
0.824875,0.378863,0.808221,0.835057
0.888013,0.441102,0.988299,0.826707
2.609676,0.133429,0.825598,0.505913
1.231692,0.502103,0.284783,0.249501
0.746322,0.016825,0.806248,0.666452
1.022718,0.070749,0.881811,0.781737
0.552137,0.169842,0.086808,0.031611
2.669627,0.313719,0.741954,0.129287
1.081888,0.52377,0.613086,0.882118
0.733857,0.53849,0.899092,0.732313
1.169185,0.962459,0.900249,0.157587
1.92907,0.394741,0.641794,0.284097
1.111504,0.062402,0.287852,0.208164
-1.661457,0.739478,0.190879,0.018429
1.999563,0.309999,0.362007,0.412116
2.254628,0.152609,0.975236,0.5602
0.995408,0.995237,0.550114,0.708839
0.905594,0.236643,0.368942,0.815406
1.040387,0.036984,0.024237,0.123978
1.343029,0.197024,0.337871,0.676651
0.943361,0.454694,0.404933,0.725214
0.468901,0.392947,0.661547,0.999982
0.010828,0.682411,0.919331,0.613908
0.819069,0.888978,0.985546,0.669763
0.766724,0.989125,0.559032,0.535544
0.659899,0.917691,0.720998,0.479641
0.305792,0.013217,0.249048,0.513219
-1.608255,0.845994,0.483629,0.886343
0.24762,0.891269,0.636904,0.653385
-0.268867,0.595808,0.0194,0.919216
0.114897,0.739729,0.430565,0.60085
1.674543,0.891742,0.827403,0.409644
0.726423,0.864678,0.554446,0.323537
1.635794,0.235014,0.370169,0.70304
0.417278,0.844968,0.892597,0.411652
-0.456424,0.740195,0.689899,0.581583
0.059596,0.861439,0.414388,0.719916
0.026153,0.793602,0.149221,0.586548
1.049967,0.619656,0.456496,0.263065
0.626347,0.589362,0.082939,0.355088
2.73649,0.160369,0.884331,0.437332
2.160426,0.247942,0.871421,0.103211
0.848695,0.52705,0.812713,0.092361
2.24598,0.139589,0.287458,0.346408
-0.000234,0.456238,0.421826,0.919407
1.16172,0.428691,0.537609,0.631414
-0.833405,0.809292,0.080703,0.99125
0.122764,0.632597,0.05861,0.505451
1.856925,0.260885,0.565503,0.747134
-0.541667,0.845383,0.214114,0.741011
2.277633,0.105739,0.855897,0.079193
-0.052427,0.740236,0.701406,0.101589
1.752386,0.160061,0.010583,0.508822
1.830269,0.096509,0.595331,0.32718
1.174837,0.867015,0.733235,0.641587
0.501939,0.119762,0.300094,0.935417
0.919623,0.649999,0.968246,0.314572
1.571646,0.351936,0.764312,0.716428
1.832588,0.081058,0.122004,0.327875
-0.120638,0.792843,0.341626,0.934125
0.203457,0.969167,0.708881,0.870199
0.471568,0.056666,0.665807,0.894606
-0.892992,0.727034,0.800879,0.894936
-0.298797,0.906919,0.389168,0.097466
0.602194,0.646052,0.968475,0.715072
0.919422,0.268571,0.62704,0.799846
0.588467,0.7395,0.715264,0.608788
-0.832846,0.72666,0.128437,0.370656
1.171246,0.520152,0.129614,0.567624
2.192169,0.294575,0.813353,0.683303
1.624337,0.114596,0.926886,0.330259
-0.512285,0.793494,0.526439,0.823415
-0.382986,0.865647,0.074543,0.878759
1.087703,0.781699,0.699245,0.560426
1.834767,0.019617,0.993451,0.241264
-0.005803,0.556082,0.848,0.848527
0.962184,0.929185,0.986103,0.216975
1.76073,0.350198,0.316769,0.520212
0.135216,0.657033,0.677858,0.151469
-0.492937,0.727197,0.006225,0.335119
1.940822,0.087114,0.657393,0.781471
1.679285,0.447565,0.891462,0.548522
1.376173,0.028652,0.884022,0.877543
-0.351323,0.697885,0.250155,0.300605
0.2871,0.720705,0.665084,0.39556
0.818035,0.656914,0.250019,0.326561
2.467879,0.32854,0.518343,0.226806
2.425125,0.218197,0.310621,0.232474
1.943798,0.021214,0.178154,0.180625
0.232655,0.630382,0.573707,0.73863
1.271577,0.322215,0.002066,0.579429
1.513249,0.124465,0.59194,0.268241
-0.219802,0.658247,0.443852,0.477575
0.680548,0.078385,0.309318,0.835739
1.008809,0.95824,0.124843,0.553111
1.986998,0.302528,0.689089,0.195142
1.093929,0.200467,0.169116,0.182726
0.925796,0.910685,0.835422,0.075624
2.509438,0.190264,0.990436,0.22443
2.152771,0.133146,0.19262,0.076783
0.399597,0.683296,0.403872,0.324004
0.023709,0.505966,0.632541,0.994199
-0.489379,0.658374,0.244264,0.032663
2.00633,0.115064,0.625253,0.585288
-0.000837,0.524333,0.048134,0.774022
1.189643,0.255584,0.004325,0.522229
0.384092,0.526552,0.60309,0.983819
3.921862,0.146787,0.96055,0.296559
0.396692,0.759559,0.679489,0.164945
0.938429,0.764022,0.919961,0.20798
0.815307,0.558568,0.812567,0.017549
0.890369,0.023905,0.195638,0.384906
